<mxfile host="app.diagrams.net" agent="Mozilla/5.0 (X11; Linux x86_64; rv:131.0) Gecko/20100101 Firefox/131.0" version="24.7.17">
  <diagram id="architecture-diagram" name="Architecture Diagram">
    <mxGraphModel dx="2883" dy="2384" grid="1" gridSize="10" guides="1" tooltips="1" connect="1" arrows="1" fold="1" page="1" pageScale="1" pageWidth="827" pageHeight="1169" math="0" shadow="0">
      <root>
        <mxCell id="0" />
        <mxCell id="1" parent="0" />
        <mxCell id="kbrbBtdA9_MMHDIA-eiG-69" value="" style="group" parent="1" vertex="1" connectable="0">
          <mxGeometry x="-240" y="-140" width="1200" height="180" as="geometry" />
        </mxCell>
        <mxCell id="kbrbBtdA9_MMHDIA-eiG-65" value="" style="rounded=1;whiteSpace=wrap;html=1;fillColor=none;" parent="kbrbBtdA9_MMHDIA-eiG-69" vertex="1">
          <mxGeometry width="1200" height="180" as="geometry" />
        </mxCell>
        <mxCell id="kbrbBtdA9_MMHDIA-eiG-68" value="Web Application" style="text;html=1;align=center;verticalAlign=middle;whiteSpace=wrap;rounded=0;" parent="kbrbBtdA9_MMHDIA-eiG-69" vertex="1">
          <mxGeometry x="27" y="20" width="103" height="30" as="geometry" />
        </mxCell>
        <mxCell id="9" value="" style="endArrow=classic;html=1;exitX=0.5;exitY=1;startArrow=classic;startFill=1;exitDx=0;exitDy=0;entryX=0.5;entryY=0;entryDx=0;entryDy=0;" parent="1" target="8" edge="1">
          <mxGeometry width="50" height="50" relative="1" as="geometry">
            <mxPoint x="360" y="140" as="sourcePoint" />
            <mxPoint x="-10" y="-10" as="targetPoint" />
          </mxGeometry>
        </mxCell>
        <mxCell id="kbrbBtdA9_MMHDIA-eiG-106" style="rounded=0;orthogonalLoop=1;jettySize=auto;html=1;entryX=1;entryY=0.5;entryDx=0;entryDy=0;elbow=vertical;" parent="1" source="13" target="7" edge="1">
          <mxGeometry relative="1" as="geometry" />
        </mxCell>
        <mxCell id="13" value="Static Files" style="shape=document;whiteSpace=wrap;html=1;boundedLbl=1;fillColor=#f8cecc;strokeColor=#b85450;" parent="1" vertex="1">
          <mxGeometry x="1090" y="35" width="120" height="80" as="geometry" />
        </mxCell>
        <mxCell id="14" value="Templates" style="shape=document;whiteSpace=wrap;html=1;boundedLbl=1;fillColor=#f8cecc;strokeColor=#b85450;" parent="1" vertex="1">
          <mxGeometry x="1090" y="-80" width="120" height="80" as="geometry" />
        </mxCell>
        <mxCell id="16" value="" style="endArrow=classic;html=1;exitX=0;exitY=0.5;entryX=1;entryY=0.5;entryDx=0;entryDy=0;exitDx=0;exitDy=0;edgeStyle=orthogonalEdgeStyle;curved=1;" parent="1" source="14" target="7" edge="1">
          <mxGeometry width="50" height="50" relative="1" as="geometry">
            <mxPoint x="930" y="270" as="sourcePoint" />
            <mxPoint x="980" y="220" as="targetPoint" />
            <Array as="points">
              <mxPoint x="1040" y="-40" />
              <mxPoint x="1040" y="75" />
            </Array>
          </mxGeometry>
        </mxCell>
        <mxCell id="kbrbBtdA9_MMHDIA-eiG-52" value="Calendar " style="rounded=1;whiteSpace=wrap;html=1;fillColor=#b1ddf0;strokeColor=#10739e;" parent="1" vertex="1">
          <mxGeometry x="85" y="-80" width="120" height="60" as="geometry" />
        </mxCell>
        <mxCell id="kbrbBtdA9_MMHDIA-eiG-53" value="" style="endArrow=none;html=1;rounded=0;" parent="1" edge="1">
          <mxGeometry width="50" height="50" relative="1" as="geometry">
            <mxPoint x="65" y="30" as="sourcePoint" />
            <mxPoint x="65" y="-130" as="targetPoint" />
          </mxGeometry>
        </mxCell>
        <mxCell id="kbrbBtdA9_MMHDIA-eiG-54" value="Labeling" style="rounded=1;whiteSpace=wrap;html=1;fillColor=#b1ddf0;strokeColor=#10739e;" parent="1" vertex="1">
          <mxGeometry x="225" y="-80" width="120" height="60" as="geometry" />
        </mxCell>
        <mxCell id="kbrbBtdA9_MMHDIA-eiG-55" value="Groups" style="rounded=1;whiteSpace=wrap;html=1;fillColor=#b1ddf0;strokeColor=#10739e;" parent="1" vertex="1">
          <mxGeometry x="365" y="-80" width="120" height="60" as="geometry" />
        </mxCell>
        <mxCell id="kbrbBtdA9_MMHDIA-eiG-56" value="&lt;div&gt;Programs&lt;/div&gt;" style="rounded=1;whiteSpace=wrap;html=1;fillColor=#b1ddf0;strokeColor=#10739e;" parent="1" vertex="1">
          <mxGeometry x="510" y="-80" width="120" height="60" as="geometry" />
        </mxCell>
        <mxCell id="kbrbBtdA9_MMHDIA-eiG-57" value="Rule Editor" style="rounded=1;whiteSpace=wrap;html=1;fillColor=#b1ddf0;strokeColor=#10739e;" parent="1" vertex="1">
          <mxGeometry x="655" y="-80" width="120" height="60" as="geometry" />
        </mxCell>
        <mxCell id="kbrbBtdA9_MMHDIA-eiG-58" value="Sectioning" style="rounded=1;whiteSpace=wrap;html=1;fillColor=#b1ddf0;strokeColor=#10739e;" parent="1" vertex="1">
          <mxGeometry x="800" y="-80" width="120" height="60" as="geometry" />
        </mxCell>
        <mxCell id="kbrbBtdA9_MMHDIA-eiG-63" value="Populate Database" style="rounded=1;whiteSpace=wrap;html=1;fillColor=#b1ddf0;strokeColor=#10739e;" parent="1" vertex="1">
          <mxGeometry x="-215" y="-80" width="120" height="60" as="geometry" />
        </mxCell>
        <mxCell id="kbrbBtdA9_MMHDIA-eiG-74" style="edgeStyle=orthogonalEdgeStyle;rounded=0;orthogonalLoop=1;jettySize=auto;html=1;endArrow=none;endFill=0;fillColor=#b1ddf0;strokeColor=#10739e;" parent="1" source="kbrbBtdA9_MMHDIA-eiG-64" target="kbrbBtdA9_MMHDIA-eiG-63" edge="1">
          <mxGeometry relative="1" as="geometry" />
        </mxCell>
        <mxCell id="kbrbBtdA9_MMHDIA-eiG-64" value="&lt;div&gt;Data transformation&lt;/div&gt;" style="rounded=1;whiteSpace=wrap;html=1;fillColor=#b1ddf0;strokeColor=#10739e;" parent="1" vertex="1">
          <mxGeometry x="-75" y="-80" width="120" height="60" as="geometry" />
        </mxCell>
        <mxCell id="8" value="&lt;div align=&quot;left&quot;&gt;&lt;br&gt;&lt;/div&gt;&lt;div&gt;&lt;br&gt;&lt;/div&gt;&lt;div&gt;&lt;br&gt;&lt;/div&gt;&lt;div&gt;&lt;br&gt;&lt;/div&gt;&lt;div&gt;&lt;br&gt;&lt;/div&gt;&lt;div&gt;&lt;br&gt;&lt;/div&gt;&lt;div&gt;&lt;br&gt;&lt;/div&gt;&lt;div&gt;&lt;br&gt;&lt;/div&gt;&lt;div&gt;&lt;br&gt;&lt;/div&gt;&lt;div&gt;&lt;br&gt;&lt;/div&gt;&lt;div&gt;&lt;br&gt;&lt;/div&gt;&lt;div&gt;&lt;br&gt;&lt;/div&gt;&lt;div&gt;&lt;br&gt;&lt;/div&gt;" style="rounded=1;whiteSpace=wrap;html=1;fillColor=#ffe6cc;strokeColor=#d79b00;align=left;" parent="1" vertex="1">
          <mxGeometry x="-328.4576923076923" y="110" width="1376.923076923077" height="320" as="geometry" />
        </mxCell>
        <mxCell id="kbrbBtdA9_MMHDIA-eiG-50" value="Services" style="text;html=1;align=center;verticalAlign=middle;whiteSpace=wrap;rounded=0;" parent="1" vertex="1">
          <mxGeometry x="-308.6624930491196" y="122" width="53.660797034291015" height="50.52631578947368" as="geometry" />
        </mxCell>
        <mxCell id="kbrbBtdA9_MMHDIA-eiG-59" value="Labeling Service" style="rounded=1;whiteSpace=wrap;html=1;fillColor=#d5e8d4;strokeColor=#82b366;" parent="1" vertex="1">
          <mxGeometry x="942.6530769230772" y="190" width="92.3076923076923" height="60" as="geometry" />
        </mxCell>
        <mxCell id="3" value="Database Service" style="rounded=1;whiteSpace=wrap;html=1;fillColor=#FF3333;strokeColor=#d79b00;" parent="1" vertex="1">
          <mxGeometry x="313.85" y="340" width="92.3076923076923" height="60" as="geometry" />
        </mxCell>
        <mxCell id="kbrbBtdA9_MMHDIA-eiG-42" style="edgeStyle=orthogonalEdgeStyle;rounded=0;orthogonalLoop=1;jettySize=auto;html=1;entryX=0.5;entryY=0;entryDx=0;entryDy=0;" parent="1" source="kbrbBtdA9_MMHDIA-eiG-17" target="3" edge="1">
          <mxGeometry relative="1" as="geometry">
            <Array as="points">
              <mxPoint x="160.0038461538462" y="280" />
              <mxPoint x="360.0038461538462" y="280" />
            </Array>
          </mxGeometry>
        </mxCell>
        <mxCell id="kbrbBtdA9_MMHDIA-eiG-17" value="Step Service" style="rounded=1;whiteSpace=wrap;html=1;fillColor=#d5e8d4;strokeColor=#82b366;" parent="1" vertex="1">
          <mxGeometry x="115.73000000000002" y="190" width="92.3076923076923" height="60" as="geometry" />
        </mxCell>
        <mxCell id="kbrbBtdA9_MMHDIA-eiG-48" style="edgeStyle=orthogonalEdgeStyle;rounded=0;orthogonalLoop=1;jettySize=auto;html=1;entryX=0.5;entryY=0;entryDx=0;entryDy=0;" parent="1" source="kbrbBtdA9_MMHDIA-eiG-18" target="3" edge="1">
          <mxGeometry relative="1" as="geometry">
            <Array as="points">
              <mxPoint x="-270.76538461538456" y="280" />
              <mxPoint x="360.0038461538462" y="280" />
            </Array>
          </mxGeometry>
        </mxCell>
        <mxCell id="kbrbBtdA9_MMHDIA-eiG-18" value="Classroom Service" style="rounded=1;whiteSpace=wrap;html=1;fillColor=#d5e8d4;strokeColor=#82b366;" parent="1" vertex="1">
          <mxGeometry x="-315.03923076923076" y="190" width="92.3076923076923" height="60" as="geometry" />
        </mxCell>
        <mxCell id="kbrbBtdA9_MMHDIA-eiG-40" style="edgeStyle=orthogonalEdgeStyle;rounded=0;orthogonalLoop=1;jettySize=auto;html=1;entryX=0.5;entryY=0;entryDx=0;entryDy=0;" parent="1" source="kbrbBtdA9_MMHDIA-eiG-20" target="3" edge="1">
          <mxGeometry relative="1" as="geometry">
            <Array as="points">
              <mxPoint x="-163.07307692307697" y="280" />
              <mxPoint x="360.0038461538462" y="280" />
            </Array>
          </mxGeometry>
        </mxCell>
        <mxCell id="kbrbBtdA9_MMHDIA-eiG-20" value="Modality Service" style="rounded=1;whiteSpace=wrap;html=1;fillColor=#d5e8d4;strokeColor=#82b366;" parent="1" vertex="1">
          <mxGeometry x="-207.3469230769231" y="190" width="92.3076923076923" height="60" as="geometry" />
        </mxCell>
        <mxCell id="kbrbBtdA9_MMHDIA-eiG-41" style="edgeStyle=orthogonalEdgeStyle;rounded=0;orthogonalLoop=1;jettySize=auto;html=1;entryX=0.5;entryY=0;entryDx=0;entryDy=0;" parent="1" source="kbrbBtdA9_MMHDIA-eiG-21" target="3" edge="1">
          <mxGeometry relative="1" as="geometry">
            <Array as="points">
              <mxPoint x="-55.38076923076929" y="280" />
              <mxPoint x="360.0038461538462" y="280" />
            </Array>
          </mxGeometry>
        </mxCell>
        <mxCell id="kbrbBtdA9_MMHDIA-eiG-21" value="Student Service" style="rounded=1;whiteSpace=wrap;html=1;fillColor=#d5e8d4;strokeColor=#82b366;" parent="1" vertex="1">
          <mxGeometry x="-99.65461538461537" y="190" width="92.3076923076923" height="60" as="geometry" />
        </mxCell>
        <mxCell id="kbrbBtdA9_MMHDIA-eiG-47" style="edgeStyle=orthogonalEdgeStyle;rounded=0;orthogonalLoop=1;jettySize=auto;html=1;entryX=0.5;entryY=0;entryDx=0;entryDy=0;" parent="1" source="kbrbBtdA9_MMHDIA-eiG-22" target="3" edge="1">
          <mxGeometry relative="1" as="geometry">
            <Array as="points">
              <mxPoint x="52.311538461538476" y="280" />
              <mxPoint x="360.0038461538462" y="280" />
            </Array>
          </mxGeometry>
        </mxCell>
        <mxCell id="kbrbBtdA9_MMHDIA-eiG-22" value="Course Service" style="rounded=1;whiteSpace=wrap;html=1;fillColor=#d5e8d4;strokeColor=#82b366;" parent="1" vertex="1">
          <mxGeometry x="8.037692307692282" y="190" width="92.3076923076923" height="60" as="geometry" />
        </mxCell>
        <mxCell id="kbrbBtdA9_MMHDIA-eiG-36" style="edgeStyle=orthogonalEdgeStyle;rounded=0;orthogonalLoop=1;jettySize=auto;html=1;endArrow=none;endFill=0;" parent="1" source="kbrbBtdA9_MMHDIA-eiG-23" edge="1">
          <mxGeometry relative="1" as="geometry">
            <mxPoint x="360.0038461538462" y="340" as="targetPoint" />
            <Array as="points">
              <mxPoint x="875.3884615384616" y="280" />
              <mxPoint x="360.7730769230769" y="280" />
              <mxPoint x="360.7730769230769" y="340" />
            </Array>
          </mxGeometry>
        </mxCell>
        <mxCell id="kbrbBtdA9_MMHDIA-eiG-23" value="&lt;div&gt;Program Service&lt;/div&gt;" style="rounded=1;whiteSpace=wrap;html=1;fillColor=#d5e8d4;strokeColor=#82b366;" parent="1" vertex="1">
          <mxGeometry x="831.1146153846157" y="190" width="92.3076923076923" height="60" as="geometry" />
        </mxCell>
        <mxCell id="kbrbBtdA9_MMHDIA-eiG-35" style="edgeStyle=orthogonalEdgeStyle;rounded=0;orthogonalLoop=1;jettySize=auto;html=1;endArrow=none;endFill=0;" parent="1" source="kbrbBtdA9_MMHDIA-eiG-24" edge="1">
          <mxGeometry relative="1" as="geometry">
            <mxPoint x="360.0038461538462" y="340" as="targetPoint" />
            <Array as="points">
              <mxPoint x="767.696153846154" y="280" />
              <mxPoint x="360.7730769230769" y="280" />
              <mxPoint x="360.7730769230769" y="340" />
            </Array>
          </mxGeometry>
        </mxCell>
        <mxCell id="kbrbBtdA9_MMHDIA-eiG-24" value="Session Service" style="rounded=1;whiteSpace=wrap;html=1;fillColor=#d5e8d4;strokeColor=#82b366;" parent="1" vertex="1">
          <mxGeometry x="723.4223076923076" y="190" width="92.3076923076923" height="60" as="geometry" />
        </mxCell>
        <mxCell id="kbrbBtdA9_MMHDIA-eiG-30" style="edgeStyle=orthogonalEdgeStyle;rounded=0;orthogonalLoop=1;jettySize=auto;html=1;entryX=0.5;entryY=0;entryDx=0;entryDy=0;" parent="1" source="kbrbBtdA9_MMHDIA-eiG-25" target="3" edge="1">
          <mxGeometry relative="1" as="geometry">
            <Array as="points">
              <mxPoint x="268" y="280" />
              <mxPoint x="360" y="280" />
            </Array>
          </mxGeometry>
        </mxCell>
        <mxCell id="kbrbBtdA9_MMHDIA-eiG-44" style="edgeStyle=orthogonalEdgeStyle;rounded=0;orthogonalLoop=1;jettySize=auto;html=1;endArrow=none;endFill=0;" parent="1" source="kbrbBtdA9_MMHDIA-eiG-25" edge="1">
          <mxGeometry relative="1" as="geometry">
            <mxPoint x="360.0038461538462" y="340" as="targetPoint" />
            <Array as="points">
              <mxPoint x="267.69615384615383" y="280" />
              <mxPoint x="360.7730769230769" y="280" />
              <mxPoint x="360.7730769230769" y="340" />
            </Array>
          </mxGeometry>
        </mxCell>
        <mxCell id="kbrbBtdA9_MMHDIA-eiG-25" value="Lecturer Service" style="rounded=1;whiteSpace=wrap;html=1;fillColor=#d5e8d4;strokeColor=#82b366;" parent="1" vertex="1">
          <mxGeometry x="223.42230769230764" y="190" width="92.3076923076923" height="60" as="geometry" />
        </mxCell>
        <mxCell id="kbrbBtdA9_MMHDIA-eiG-31" style="edgeStyle=orthogonalEdgeStyle;rounded=0;orthogonalLoop=1;jettySize=auto;html=1;entryX=0.5;entryY=0;entryDx=0;entryDy=0;" parent="1" source="kbrbBtdA9_MMHDIA-eiG-27" target="3" edge="1">
          <mxGeometry relative="1" as="geometry">
            <Array as="points">
              <mxPoint x="446" y="280" />
              <mxPoint x="360" y="280" />
            </Array>
          </mxGeometry>
        </mxCell>
        <mxCell id="kbrbBtdA9_MMHDIA-eiG-27" value="Group Service" style="rounded=1;whiteSpace=wrap;html=1;fillColor=#d5e8d4;strokeColor=#82b366;" parent="1" vertex="1">
          <mxGeometry x="400.3453846153848" y="190" width="92.3076923076923" height="60" as="geometry" />
        </mxCell>
        <mxCell id="kbrbBtdA9_MMHDIA-eiG-33" style="edgeStyle=orthogonalEdgeStyle;rounded=0;orthogonalLoop=1;jettySize=auto;html=1;entryX=0.5;entryY=0;entryDx=0;entryDy=0;" parent="1" source="kbrbBtdA9_MMHDIA-eiG-28" target="3" edge="1">
          <mxGeometry relative="1" as="geometry">
            <Array as="points">
              <mxPoint x="552.3115384615384" y="280" />
              <mxPoint x="360.0038461538462" y="280" />
            </Array>
          </mxGeometry>
        </mxCell>
        <mxCell id="kbrbBtdA9_MMHDIA-eiG-28" value="Calendar Service" style="rounded=1;whiteSpace=wrap;html=1;fillColor=#d5e8d4;strokeColor=#82b366;" parent="1" vertex="1">
          <mxGeometry x="508.0376923076924" y="190" width="92.3076923076923" height="60" as="geometry" />
        </mxCell>
        <mxCell id="kbrbBtdA9_MMHDIA-eiG-34" style="edgeStyle=orthogonalEdgeStyle;rounded=0;orthogonalLoop=1;jettySize=auto;html=1;endArrow=none;endFill=0;" parent="1" source="kbrbBtdA9_MMHDIA-eiG-29" edge="1">
          <mxGeometry relative="1" as="geometry">
            <mxPoint x="360.0038461538462" y="340" as="targetPoint" />
            <Array as="points">
              <mxPoint x="660.0038461538462" y="280" />
              <mxPoint x="360.7730769230769" y="280" />
              <mxPoint x="360.7730769230769" y="340" />
            </Array>
          </mxGeometry>
        </mxCell>
        <mxCell id="kbrbBtdA9_MMHDIA-eiG-29" value="Sectioning Service" style="rounded=1;whiteSpace=wrap;html=1;fillColor=#d5e8d4;strokeColor=#82b366;" parent="1" vertex="1">
          <mxGeometry x="615.73" y="190" width="92.3076923076923" height="60" as="geometry" />
        </mxCell>
        <mxCell id="kbrbBtdA9_MMHDIA-eiG-60" style="edgeStyle=orthogonalEdgeStyle;rounded=0;orthogonalLoop=1;jettySize=auto;html=1;entryX=0.5;entryY=0;entryDx=0;entryDy=0;" parent="1" source="kbrbBtdA9_MMHDIA-eiG-59" target="3" edge="1">
          <mxGeometry relative="1" as="geometry">
            <Array as="points">
              <mxPoint x="986.9269230769232" y="280" />
              <mxPoint x="360.0038461538462" y="280" />
            </Array>
          </mxGeometry>
        </mxCell>
        <mxCell id="kbrbBtdA9_MMHDIA-eiG-77" style="rounded=0;orthogonalLoop=1;jettySize=auto;html=1;entryX=0.5;entryY=0;entryDx=0;entryDy=0;exitX=0.5;exitY=1;exitDx=0;exitDy=0;startArrow=classic;startFill=1;edgeStyle=orthogonalEdgeStyle;curved=1;" parent="1" source="3" target="kbrbBtdA9_MMHDIA-eiG-82" edge="1">
          <mxGeometry relative="1" as="geometry" />
        </mxCell>
        <mxCell id="7" value="API Routes" style="rounded=1;whiteSpace=wrap;html=1;fillColor=#e1d5e7;strokeColor=#9673a6;" parent="1" vertex="1">
          <mxGeometry x="540" y="10" width="240" height="130" as="geometry" />
        </mxCell>
        <mxCell id="kbrbBtdA9_MMHDIA-eiG-92" value="" style="endArrow=none;html=1;rounded=0;" parent="1" edge="1">
          <mxGeometry width="50" height="50" relative="1" as="geometry">
            <mxPoint x="459.59000000000003" y="1018.8800000000001" as="sourcePoint" />
            <mxPoint x="460.06000000000006" y="858.88" as="targetPoint" />
          </mxGeometry>
        </mxCell>
        <mxCell id="kbrbBtdA9_MMHDIA-eiG-93" value="Raw" style="shape=datastore;whiteSpace=wrap;html=1;fillColor=#b1ddf0;strokeColor=#10739e;" parent="1" vertex="1">
          <mxGeometry x="278.47" y="868.88" width="120" height="150" as="geometry" />
        </mxCell>
        <mxCell id="kbrbBtdA9_MMHDIA-eiG-94" value="Warehouse" style="shape=datastore;whiteSpace=wrap;html=1;fillColor=#b1ddf0;strokeColor=#10739e;" parent="1" vertex="1">
          <mxGeometry x="521.54" y="868.88" width="120" height="150" as="geometry" />
        </mxCell>
        <mxCell id="kbrbBtdA9_MMHDIA-eiG-95" style="rounded=0;orthogonalLoop=1;jettySize=auto;html=1;entryX=0.5;entryY=0;entryDx=0;entryDy=0;startArrow=classic;startFill=1;" parent="1" source="kbrbBtdA9_MMHDIA-eiG-84" target="kbrbBtdA9_MMHDIA-eiG-93" edge="1">
          <mxGeometry relative="1" as="geometry" />
        </mxCell>
        <mxCell id="kbrbBtdA9_MMHDIA-eiG-96" style="rounded=0;orthogonalLoop=1;jettySize=auto;html=1;entryX=0.5;entryY=0;entryDx=0;entryDy=0;endArrow=classic;endFill=1;startArrow=classic;startFill=1;" parent="1" source="kbrbBtdA9_MMHDIA-eiG-84" target="kbrbBtdA9_MMHDIA-eiG-94" edge="1">
          <mxGeometry relative="1" as="geometry" />
        </mxCell>
        <mxCell id="kbrbBtdA9_MMHDIA-eiG-75" value="" style="rounded=1;whiteSpace=wrap;html=1;fillColor=none;" parent="1" vertex="1">
          <mxGeometry x="160" y="548.88" width="598.62" height="280" as="geometry" />
        </mxCell>
        <mxCell id="kbrbBtdA9_MMHDIA-eiG-81" value="Database System" style="text;html=1;align=center;verticalAlign=middle;whiteSpace=wrap;rounded=0;fontSize=15;" parent="1" vertex="1">
          <mxGeometry x="190" y="768.885" width="75.6" height="26.25" as="geometry" />
        </mxCell>
        <mxCell id="kbrbBtdA9_MMHDIA-eiG-90" value="Staging Controller" style="rounded=1;whiteSpace=wrap;html=1;fillColor=#dae8fc;strokeColor=#6c8ebf;" parent="1" vertex="1">
          <mxGeometry x="197.78000000000003" y="590" width="120" height="60" as="geometry" />
        </mxCell>
        <mxCell id="kbrbBtdA9_MMHDIA-eiG-82" value="DB API" style="rounded=1;whiteSpace=wrap;html=1;fillColor=#dae8fc;strokeColor=#6c8ebf;" parent="1" vertex="1">
          <mxGeometry x="600" y="520" width="120" height="60" as="geometry" />
        </mxCell>
        <mxCell id="kbrbBtdA9_MMHDIA-eiG-85" style="edgeStyle=orthogonalEdgeStyle;rounded=0;orthogonalLoop=1;jettySize=auto;html=1;startArrow=classic;startFill=1;" parent="1" source="kbrbBtdA9_MMHDIA-eiG-83" target="kbrbBtdA9_MMHDIA-eiG-82" edge="1">
          <mxGeometry relative="1" as="geometry" />
        </mxCell>
        <mxCell id="kbrbBtdA9_MMHDIA-eiG-83" value="Controller" style="rounded=1;whiteSpace=wrap;html=1;fillColor=#dae8fc;strokeColor=#6c8ebf;" parent="1" vertex="1">
          <mxGeometry x="397.63000000000005" y="590" width="120" height="60" as="geometry" />
        </mxCell>
        <mxCell id="kbrbBtdA9_MMHDIA-eiG-91" style="edgeStyle=orthogonalEdgeStyle;rounded=0;orthogonalLoop=1;jettySize=auto;html=1;startArrow=classic;startFill=1;" parent="1" edge="1">
          <mxGeometry relative="1" as="geometry">
            <mxPoint x="320.1600000000005" y="621" as="sourcePoint" />
            <mxPoint x="398.6300000000003" y="621" as="targetPoint" />
          </mxGeometry>
        </mxCell>
        <mxCell id="kbrbBtdA9_MMHDIA-eiG-84" value="PostgreSQL Controller" style="rounded=1;whiteSpace=wrap;html=1;fillColor=#dae8fc;strokeColor=#6c8ebf;" parent="1" vertex="1">
          <mxGeometry x="397.63000000000005" y="708.88" width="120" height="60" as="geometry" />
        </mxCell>
        <mxCell id="kbrbBtdA9_MMHDIA-eiG-88" style="edgeStyle=orthogonalEdgeStyle;rounded=0;orthogonalLoop=1;jettySize=auto;html=1;startArrow=classic;startFill=1;" parent="1" source="kbrbBtdA9_MMHDIA-eiG-83" target="kbrbBtdA9_MMHDIA-eiG-84" edge="1">
          <mxGeometry relative="1" as="geometry" />
        </mxCell>
        <mxCell id="kbrbBtdA9_MMHDIA-eiG-102" style="edgeStyle=orthogonalEdgeStyle;rounded=0;orthogonalLoop=1;jettySize=auto;html=1;entryX=0;entryY=0.5;entryDx=0;entryDy=0;curved=1;" parent="1" source="kbrbBtdA9_MMHDIA-eiG-97" target="kbrbBtdA9_MMHDIA-eiG-90" edge="1">
          <mxGeometry relative="1" as="geometry" />
        </mxCell>
        <mxCell id="kbrbBtdA9_MMHDIA-eiG-97" value="Staging configuration" style="shape=document;whiteSpace=wrap;html=1;boundedLbl=1;fillColor=#fad9d5;strokeColor=#ae4132;" parent="1" vertex="1">
          <mxGeometry x="-75.00000000000001" y="580" width="120" height="80" as="geometry" />
        </mxCell>
        <mxCell id="kbrbBtdA9_MMHDIA-eiG-101" style="edgeStyle=orthogonalEdgeStyle;rounded=0;orthogonalLoop=1;jettySize=auto;html=1;entryX=0;entryY=0.5;entryDx=0;entryDy=0;curved=1;" parent="1" source="kbrbBtdA9_MMHDIA-eiG-98" target="kbrbBtdA9_MMHDIA-eiG-90" edge="1">
          <mxGeometry relative="1" as="geometry">
            <Array as="points">
              <mxPoint x="80" y="740" />
              <mxPoint x="80" y="620" />
            </Array>
          </mxGeometry>
        </mxCell>
        <mxCell id="kbrbBtdA9_MMHDIA-eiG-98" value="SQL script" style="shape=document;whiteSpace=wrap;html=1;boundedLbl=1;fillColor=#fad9d5;strokeColor=#ae4132;" parent="1" vertex="1">
          <mxGeometry x="-75.00000000000003" y="700" width="120" height="80" as="geometry" />
        </mxCell>
        <mxCell id="kbrbBtdA9_MMHDIA-eiG-100" style="rounded=0;orthogonalLoop=1;jettySize=auto;html=1;entryX=0;entryY=0.5;entryDx=0;entryDy=0;edgeStyle=orthogonalEdgeStyle;curved=1;" parent="1" source="kbrbBtdA9_MMHDIA-eiG-99" target="kbrbBtdA9_MMHDIA-eiG-90" edge="1">
          <mxGeometry relative="1" as="geometry" />
        </mxCell>
        <mxCell id="kbrbBtdA9_MMHDIA-eiG-99" value="&lt;div&gt;CSV&lt;/div&gt;&lt;div&gt;&lt;br&gt;&lt;/div&gt;" style="shape=document;whiteSpace=wrap;html=1;boundedLbl=1;fillColor=#fad9d5;strokeColor=#ae4132;" parent="1" vertex="1">
          <mxGeometry x="-75.00000000000001" y="820" width="120" height="80" as="geometry" />
        </mxCell>
      </root>
    </mxGraphModel>
  </diagram>
</mxfile>
