<?xml version="1.0" encoding="UTF-8" ?>
<catalogue>

    <lexicon>
        <terme name="session" value="fr-FR:séance, es-ES:unicode" />
        <terme name="ressource" value="fr-FR:ressource, es-ES:recurso" />
        <terme
            name="repartition"
            value="fr-FR:répartition, es-ES:repartición"
        />
        <terme name="rooms" value="fr-FR:salles, es-ES:salas" />
        <terme name="tuple" value="fr-FR:n-uplet, es-ES:tupla" />
        <terme name="grid" value="fr-FR:grille, es-ES:cuadrícula" />
        <terme name="time" value="fr-FR:temps, es-ES:tiempo" />
        <terme name="set" value="fr-FR:ensemble, es-ES:conjunto" />
        <terme name="same" value="fr-FR:identique, es-ES:idéntico" />
        <terme name="allowed" value="fr-FR:autorisé, es-ES:permitido" />
    </lexicon>
    <constraint>
        <id>ADJACENT_ROOMS</id>
        <name>adjacent_rooms</name>
        <arity>1</arity><!-- fix : chiffre >= 1 : +  -->
        <parameters single="true">
            <parameter
                name="roomChain"
                type="roomlist"
                mandatory="1"
            >comma separated list of room identifiers. One roomChain defines adjacent rooms in order.</parameter>
        </parameters>
        <metrics>
            <metric
                name="distance"
            >Elle calcule la distance entre la valeur réel et celle souhaité</metric>
        </metrics>
        <keywords>ressource, repartition, rooms, tuple</keywords>
        <!--===-->
        <latex>
        <entry>adjacentRooms(\SESSION',K\_1,\dots,K\_n)</entry>
        <setEntry app="latex">K\_i \subseteq \ROOM, i : 1..n</setEntry>
        <equation
                app="latex"
            >\forall s\_1, s\_2 \in \SESSION', \var{\SESSION}{\SLOT}{s\_1} = \var{\SESSION}{\SLOT}{s\_2} \forall i \in {1..n} : C\_i ={ \var{\SESSION}{\ROOM}{s} \mid s \in \SESSION' , \var{\SESSION}{\ROOM}{s} \in K\_i } \land \forall r,r' \in C\_i : \exists path(r,r') \land |{C\_i \mid C\_i \ne \emptyset , i = 1..n }| \leq \sigma</equation>
        </latex>
        <!--===-->
        <description lang="en">
            <short>Sessions must be adjacent in the given rooms</short>
            <long />
        </description>

        <description lang="fr">
            <short
            >Les séances doivent être adjacentes dans les salles données</short>
            <long />
        </description>

        <miscellaneous
        >Attention elle induit des surcouts si trop d'élements</miscellaneous>
        <versions status="valable">
            <version num="0.1">init</version>
        </versions>
    </constraint>

    <constraint>
        <id>ALLOWED_GRIDS</id>
        <name>allowed_grids</name>
        <arity>1</arity>
        <parameters single="false">
            <parameter
                name="grids"
                type="unionGrid"
            >list of starting slots</parameter>
            <!-- <parameter name="dailySlots" type="dailySlot" repetition="false" mandatory="1" >list of starting slots</parameter>
            <parameter name="days" type="day" repetition="false" mandatory="1" >list of allowed days</parameter>
            <parameter name="weeks" type="week" repetition="false" mandatory="1" >list of allowed weeks</parameter> -->
        </parameters>
        <keywords
            lang="en"
        >ressource, repartition, grid, time, set,same</keywords>
        <!--===-->
        <entry>allowedGrids(\SESSION',G)</entry>
        <setEntry
        >G \in (W'\times D' \times M')^n, n \in \mathbb{N}^*, \SESSION'\subseteq\SESSION, W'\subseteq \WEEK, D'\subseteq\WEEKDAY, M'\subseteq\DAILYSLOT</setEntry>
        <equation
        >\forall s\in S', \exists k \in \{1..n\}: \var{\SESSION}{\WEEK}{s}\in W'_k \wedge \var{\SESSION}{\WEEKDAY}{s}\in D'_k \wedge \var{\SESSION}{\DAILYSLOT}{s}\in M'_k</equation>
        <!--===-->
        <description lang="en">
            <short>Sessions may only start in the given time grids</short>
            <long />
        </description>
        <description lang="fr">
            <short
            >Les séances peuvent uniquement débuter dans les grilles horaires spécifiées</short>
            <long />
        </description>
        <!--===-->
        <miscellaneous
        >Attention elle induit des surcouts si trop d'élements</miscellaneous>
        <versions status="valable">
            <version num="0.1">init</version>
        </versions>
    </constraint>

    <constraint>
        <id>ALLOWED_ROOMS</id>
        <name>allowed_rooms</name>
        <arity>1</arity>
        <parameters single="true">
            <parameter
                name="rooms"
                type="roomIds | roomLabels"
            >comma separated list of room identifiers or labels</parameter>
            <parameter
                name="rooms2"
                type="roomIds | roomLabels"
                optionnel="1"
            >comma separated list of room identifiers or labels</parameter>
        </parameters>
        <keywords lang="fr">ressource, repartition, room,set,allowed</keywords>
        <!--===-->
        <entry>allowedRooms(\SESSION',\ROOM')</entry>
        <setEntry
        >\SESSION' \subseteq \SESSION, \ROOM' \subseteq \ROOM</setEntry>
        <equation
        >\forall s \in \SESSION', \var{\SESSION}{\ROOM}{s} \subseteq \ROOM'</equation>
        <!--===-->
        <description lang="en">
            <short>Sessions may only be hosted in the given rooms</short>
            <long />
        </description>
        <description lang="fr">
            <short
            >Les séances peuvent uniquement se tenir dans les salles spécifiées</short>
            <long />
        </description>
        <!--===-->
        <miscellaneous
        >Attention elle induit des surcouts si trop d'élements</miscellaneous>
        <versions status="valable">
            <version num="0.1">init</version>
        </versions>
    </constraint>

<constraint>
    <id>ALLOWED_SLOTS</id>
    <name>allowed_slots</name>
    <arity>1</arity>
    <parameters single="true">
        <parameter
                name="slotlist"
                type="timeSlotlist"
            >comma separated list of time slot identifiers. Each slot represents an allowed time period for sessions.</parameter>
    </parameters>
    <keywords>ressource, repartition, slot, time, set, allowed</keywords>
    <!--===-->
    <latex>
        <entry>allowedSlots(\SESSION',\SLOT')</entry>
        <setEntry>K_i \subseteq \ROOM, i : 1..n</setEntry>
        <equation
            >\forall s \in S' [\var{\SESSION}{\SLOT}{s},\var{\SESSION}{\SLOT}{s}+\sessionduration{s}] \subseteq \SLOT'</equation>
    </latex>
    <!--===-->
    <description lang="en">
        <short>Sessions may only run in the given time slots</short>
        <long />
    </description>
    <description lang="fr">
        <short
            >Les séances peuvent uniquement avoir lieu dans les créneaux horaires spécifiés</short>
        <long />
    </description>
    <!--===-->
    <miscellaneous
        >Attention à la planification des créneaux pour éviter les conflits horaires</miscellaneous>
    <versions status="valable">
        <version num="0.1">init</version>
    </versions>
</constraint>


<constraint>
    <id>ALLOWED_TEACHERS</id>
    <name>allowed_teachers</name>
    <arity>1</arity>
    <parameters single="true">
        <parameter
                name="teacherlist"
                type="teacherlist"
            >comma separated list of teacher identifiers. Each identifier represents a teacher allowed to conduct sessions.</parameter>
    </parameters>
    <keywords>ressource, repartition, teacher, set, allowed</keywords>
    <!--===-->
    <latex>
        <entry>allowedTeachers(\TEACHER',\ROOM')</entry>
        <setEntry>K_i \subseteq \ROOM, i : 1..n</setEntry>
        <equation
            >\forall s \in \SESSION', \var{\SESSION}{\TEACHER}{s} \subseteq \TEACHER'</equation>
    </latex>
    <!--===-->
    <description lang="en">
        <short>Sessions may only be taught by the given teachers</short>
        <long />
    </description>
    <description lang="fr">
        <short
            >Les séances doivent être enseignées uniquement par les enseignants spécifiés</short>
        <long />
    </description>
    <!--===-->
    <miscellaneous
        >Il est crucial de respecter les qualifications des enseignants pour les cours attribués</miscellaneous>
    <versions status="valable">
        <version num="0.1">init</version>
    </versions>
</constraint>


<constraint>
    <id>ASSIGN_ROOMS</id>
    <name>assign_rooms</name>
    <arity>1</arity>
    <parameters single="true">
        <parameter
                name="roomlist"
                type="roomlist"
            >comma separated list of room identifiers. Each identifier represents a room assigned to sessions.</parameter>
    </parameters>
    <keywords>ressource, repartition, room, assign</keywords>
    <!--===-->
    <latex>
        <entry>assignRooms(\SESSION',\ROOM')</entry>
        <setEntry>\ROOM' \subseteq \ROOM</setEntry>
        <equation
            >\forall s \in \SESSION', \var{\SESSION}{\ROOM}{s} = \ROOM'</equation>
    </latex>
    <!--===-->
    <description lang="en">
        <short>Sessions are hosted in the given rooms</short>
        <long />
    </description>
    <description lang="fr">
        <short>Les séances se déroulent dans les salles attribuées</short>
        <long />
    </description>
    <!--===-->
    <miscellaneous
        >Assurer la disponibilité des salles pour éviter les chevauchements</miscellaneous>
    <versions status="valable">
        <version num="0.1">init</version>
    </versions>
</constraint>

<constraint>
    <id>ASSIGN_SLOT</id>
    <name>assign_start</name>
    <arity>1</arity>
    <parameters single="true">
        <parameter
                name="slot"
                type="slot"
            >Slot represents a starting slot assigned to sessions.</parameter>
    </parameters>
    <keywords>ressource, repartition, slot, assign</keywords>
    <!--===-->
    <latex>
        <entry>assignStart(\SESSION',\SLOT')</entry>
        <setEntry>h \in \SLOT</setEntry>
        <equation
            >\forall s \in \SESSION', \var{\SESSION}{\SLOT}{s} = h</equation>
    </latex>
    <!--===-->
    <description lang="en">
        <short>Sessions start at the given time</short>
        <long />
    </description>
    <description lang="fr">
        <short>Les séances commencent à l'heure donnée</short>
        <long />
    </description>
    <!--===-->
    <miscellaneous
        >Important de synchroniser les horaires pour éviter les conflits</miscellaneous>
    <versions status="valable">
        <version num="0.1">init</version>
    </versions>
</constraint>




<constraint>
    <id>ASSIGN_TEACHERS</id>
    <name>assign_teachers</name>
    <arity>1</arity>
    <parameters single="true">
        <parameter
                name="teacherlist"
                type="teacherlist"
            >comma separated list of teacher identifiers. Each identifier represents a teacher assigned to sessions.</parameter>
    </parameters>
    <keywords>ressource, repartition, teacher, assign</keywords>
    <!--===-->
    <latex>
        <entry>assignTeachers(\SESSION',\TEACHER')</entry>
        <setEntry>\TEACHER' \subseteq \TEACHER</setEntry>
        <equation
            >\forall s \in \SESSION', \var{\SESSION}{\TEACHER}{s} = \TEACHER'</equation>
    </latex>
    <!--===-->
    <description lang="en">
        <short>Sessions are taught by the given teacher</short>
        <long />
    </description>
    <description lang="fr">
        <short>Les séances sont enseignées par l'enseignant spécifié</short>
        <long />
    </description>
    <!--===-->
    <miscellaneous
        >La sélection correcte des enseignants est essentielle pour la qualité de l'éducation</miscellaneous>
    <versions status="valable">
        <version num="0.1">init</version>
    </versions>
</constraint>



<constraint>
    <id>COMPACTNESS</id>
    <name>compactness</name>
    <arity>1</arity>
    <parameters single="true">
        <parameter
                name="compactnessRange"
                type="compactnessRange"
            >sigma value representing the compactness range allowed for sessions.</parameter>
    </parameters>
    <keywords>ressource, repartition, teacher, assign</keywords>
    <!--===-->
    <latex>
        <entry>compactness(\SESSION',\sigma)</entry>
        <setEntry>\sigma \in 0..|\SLOT'|</setEntry>
        <equation
            >\forall d \in \WEEKDAY : \exists \SESSION'' = \{s \in \SESSION' : \var{\SESSION}{\WEEKDAY}{s}\} \land ((\max_{s \in \SESSION''}(\var{\SESSION}{\SLOT}{s}+\sessionduration{s})-\min_{s \in \SESSION'}(\var{\SESSION}{\SLOT}{s}))- \sum_{s \in \SESSION''}\sessionduration{s})) / (|S''|-1) \leq \sigma</equation>
    </latex>
    <!--===-->
    <description lang="en">
        <short>The sessions makespan is bounded</short>
        <long />
    </description>
    <description lang="fr">
        <short>La durée totale des séances est limitée</short>
        <long />
    </description>
    <!--===-->
    <miscellaneous
        >Optimiser l'emploi du temps pour réduire les temps morts</miscellaneous>
    <versions status="valable">
        <version num="0.1">init</version>
    </versions>
</constraint>



<constraint>
    <id>DIFFERENT_DAILY_SLOT</id>
    <name>different_daily_slot</name>
    <arity>1</arity>
    <parameters single="true">
    </parameters>
    <keywords>time, slot, different</keywords>
    <!--===-->
    <latex>
        <entry>differentDailySlot(\SESSION')</entry>
        <setEntry />
        <equation
            >\forall s_1, s_2 \in \SESSION', \var{\SESSION}{\DAILYSLOT}{s_1} \neq \var{\SESSION}{\DAILYSLOT}{s_2}</equation>
    </latex>
    <!--===-->
    <description lang="en">
        <short>Sessions start on different daily slots</short>
        <long />
    </description>
    <description lang="fr">
        <short
            >Les séances commencent dans des créneaux quotidiens différents</short>
        <long />
    </description>
    <!--===-->
    <miscellaneous
        >Important pour éviter la surcharge des ressources à des moments spécifiques</miscellaneous>
    <versions status="valable">
        <version num="0.1">init</version>
    </versions>
</constraint>



<constraint>
    <id>DIFFERENT_DAY</id>
    <name>different_day</name>
    <arity>1</arity>
    <parameters single="true">
    </parameters>
    <keywords>time, slot, different</keywords>
    <!--===-->
    <latex>
        <entry>differentDay(\SESSION')</entry>
        <setEntry />
        <equation
            >\forall s_1, s_2 \in \SESSION', \var{\SESSION}{\WEEKDAY}{s_1} \ne \var{\SESSION}{\WEEKDAY}{s_2} \vee \var{\SESSION}{\WEEK}{s_1} \ne \var{\SESSION}{\WEEK}{s_2}</equation>
    </latex>
    <!--===-->
    <description lang="en">
        <short>Sessions start on different days</short>
        <long />
    </description>
    <description lang="fr">
        <short>Les séances commencent à des jours différents</short>
        <long />
    </description>
    <!--===-->
    <miscellaneous
        >Important pour la diversification des horaires et la prévention des conflits</miscellaneous>
    <versions status="valable">
        <version num="0.1">init</version>
    </versions>
</constraint>



<constraint>
    <id>DIFFERENT_ROOMS</id>
    <name>different_rooms</name>
    <arity>1</arity>
    <parameters single="true">
    </parameters>
    <keywords>ressource, room, different</keywords>
    <!--===-->
    <latex>
        <entry>differentRooms(\SESSION')</entry>
        <setEntry />
        <equation
            >\forall s_1, s_2 \in \SESSION', \var{\SESSION}{\ROOM}{s_1} \cap \var{\SESSION}{\ROOM}{s_2} = \emptyset</equation>
    </latex>
    <!--===-->
    <description lang="en">
        <short>Sessions are hosted in different rooms</short>
        <long />
    </description>
    <description lang="fr">
        <short>Les séances se déroulent dans différentes salles</short>
        <long />
    </description>
    <!--===-->
    <miscellaneous
        >Essentiel pour l'utilisation optimale des ressources spatiales</miscellaneous>
    <versions status="valable">
        <version num="0.1">init</version>
    </versions>
</constraint>



<constraint>
    <id>DIFFERENT_SLOT</id>
    <name>different_slot</name>
    <arity>1</arity>
    <parameters single="true">
    </parameters>
    <keywords>time, slot, different</keywords>
    <!--===-->
    <latex>
        <entry>differentSlot(\SESSION')</entry>
        <setEntry />
        <equation
            >\forall s_1, s_2 \in \SESSION', \var{\SESSION}{\SLOT}{s_1} \ne \var{\SESSION}{\SLOT}{s_2}</equation>
    </latex>
    <!--===-->
    <description lang="en">
        <short>Sessions start at different times</short>
        <long />
    </description>
    <description lang="fr">
        <short>Les séances commencent à des moments différents</short>
        <long />
    </description>
    <!--===-->
    <miscellaneous
        >Crucial pour éviter les chevauchements d'horaires et gérer le flux des participants</miscellaneous>
    <versions status="valable">
        <version num="0.1">init</version>
    </versions>
</constraint>


<constraint>
    <id>DIFFERENT_TEACHERS</id>
    <name>different_teachers</name>
    <arity>1</arity>
    <parameters single="true">
    </parameters>
    <keywords>time, slot, different</keywords>
    <!--===-->
    <latex>
        <entry>differentTeachers(\SESSION')</entry>
        <setEntry />
        <equation
            >\forall s_1, s_2 \in \SESSION', \var{\SESSION}{\TEACHER}{s_1} \ne \var{\SESSION}{\TEACHER}{s_2}</equation>
    </latex>
    <!--===-->
    <description lang="en">
        <short>Sessions are taught by different teachers</short>
        <long />
    </description>
    <description lang="fr">
        <short>Les séances sont enseignées par différents enseignants</short>
        <long />
    </description>
    <!--===-->
    <miscellaneous
        >Important pour assurer la diversité pédagogique et l'équité dans les charges de travail enseignantes</miscellaneous>
    <versions status="valable">
        <version num="0.1">init</version>
    </versions>
</constraint>


<constraint>
    <id>DIFFERENT_WEEK</id>
    <name>different_week</name>
    <arity>1</arity>
    <parameters single="true">
    </parameters>
    <keywords>time, slot, week, different</keywords>
    <!--===-->
    <latex>
        <entry>differentWeek(\SESSION')</entry>
        <setEntry />
        <equation
            >\forall s_1, s_2 \in \SESSION', \var{\SESSION}{\WEEK}{s_1} \ne \var{\SESSION}{\WEEK}{s_2}</equation>
    </latex>
    <!--===-->
    <description lang="en">
        <short>Sessions start on different weeks</short>
        <long />
    </description>
    <description lang="fr">
        <short>Les séances commencent pendant des semaines différentes</short>
        <long />
    </description>
    <!--===-->
    <miscellaneous
        >Essentiel pour assurer une distribution équilibrée des sessions à travers le calendrier académique</miscellaneous>
    <versions status="valable">
        <version num="0.1">init</version>
    </versions>
</constraint>




<constraint>
    <id>DIFFERENT_WEEKDAY</id>
    <name>different_WeekDay</name>
    <arity>1</arity>
    <parameters single="true">
        <parameter
                name="weekdaylist"
                type="weekdaylist"
            >list of weekdays indicating when sessions are held, ensuring they occur on different weekdays.</parameter>
    </parameters>
    <keywords>time, slot, day, different</keywords>
    <!--===-->
    <latex>
        <entry>differentWeekDay(\SESSION')</entry>
        <setEntry />
        <equation
            >\forall s_1, s_2 \in \SESSION', \var{\SESSION}{\WEEKDAY}{s_1} \ne \var{\SESSION}{\WEEKDAY}{s_2}</equation>
    </latex>
    <!--===-->
    <description lang="en">
        <short>Sessions start on different weekdays</short>
        <long />
    </description>
    <description lang="fr">
        <short
            >Les séances commencent à des jours de la semaine différents</short>
        <long />
    </description>
    <!--===-->
    <miscellaneous
        >Important pour la diversification des horaires et la prévention des conflits</miscellaneous>
    <versions status="valable">
        <version num="0.1">init</version>
    </versions>
</constraint>



<constraint>
    <id>DIFFERENT_WEEKLYSLOT</id>
    <name>different_WeeklySlot</name>
    <arity>1</arity>
    <parameters single="true">
        <parameter
                name="weeklySlotlist"
                type="weeklySlotlist"
            >list of weekly time slots indicating when sessions are held, ensuring they occur at different times within the week.</parameter>
    </parameters>
    <keywords>time, weeklyslot, different</keywords>
    <!--===-->
    <latex>
        <entry>differentWeeklySlot(\SESSION')</entry>
        <setEntry />
        <equation
            >\forall s_1, s_2 \in \SESSION', \var{\SESSION}{\DAILYSLOT}{s_1} \ne \var{\SESSION}{\DAILYSLOT}{s_2} \vee \var{\SESSION}{\WEEKDAY}{s_1} \ne \var{\SESSION}{\WEEKDAY}{s_2}</equation>
    </latex>
    <!--===-->
    <description lang="en">
        <short>Sessions start on different weekly time points</short>
        <long />
    </description>
    <description lang="fr">
        <short
            >Les séances commencent à des points temporels hebdomadaires différents</short>
        <long />
    </description>
    <!--===-->
    <miscellaneous
        >Crucial pour optimiser l'usage des ressources et éviter les chevauchements d'horaires</miscellaneous>
    <versions status="valable">
        <version num="0.1">init</version>
    </versions>
</constraint>



<constraint>
    <id>FORBIDDEN_ROOMS</id>
    <name>forbidden_rooms</name>
    <arity>1</arity>
    <parameters single="true">
        <parameter
                name="forbiddenRoomlist"
                type="roomlist"
            >list of room identifiers from which sessions are excluded.</parameter>
    </parameters>
    <keywords>ressource, room, forbidden</keywords>
    <!--===-->
    <latex>
        <entry>forbiddenRooms(\SESSION',\ROOM')</entry>
        <setEntry>\ROOM' \subseteq \ROOM</setEntry>
        <equation
            >\forall s \in \SESSION', \var{\SESSION}{\ROOM}{s} \subseteq \ROOM \setminus \ROOM'</equation>
    </latex>
    <!--===-->
    <description lang="en">
        <short>Sessions cannot be hosted in the given rooms</short>
        <long />
    </description>
    <description lang="fr">
        <short
            >Les séances ne peuvent pas se dérouler dans les salles données</short>
        <long />
    </description>
    <!--===-->
    <miscellaneous
        >Essentiel pour respecter les restrictions spatiales ou les conditions de maintenance</miscellaneous>
    <versions status="valable">
        <version num="0.1">init</version>
    </versions>
</constraint>



<constraint>
    <id>FORBIDDEN_SLOTS</id>
    <name>forbidden_slots</name>
    <arity>1</arity>
    <parameters single="true">
        <parameter
                name="slotlist"
                type="slotlist"
            >list of forbidden time slot identifiers.</parameter>
    </parameters>
    <keywords>time, slot, forbidden</keywords>
    <!--===-->
    <latex>
        <entry>forbiddenSlots(\SESSION', \SLOT')</entry>
        <setEntry>\SLOT' \subseteq \SLOT</setEntry>
        <equation
            >\forall s \in \SESSION'  [\var{\SESSION}{\SLOT}{s},\var{\SESSION}{\SLOT}{s}+\sessionduration{s}] \cap \SLOT' = \emptyset</equation>
    </latex>
    <!--===-->
    <description lang="en">
        <short>Sessions cannot run in the given time slots</short>
        <long />
    </description>
    <description lang="fr">
        <short
            >Les séances ne peuvent pas se dérouler dans les créneaux horaires donnés</short>
        <long />
    </description>
    <!--===-->
    <miscellaneous
        >Crucial pour éviter les chevauchements avec les périodes interdites</miscellaneous>
    <versions status="valable">
        <version num="0.1">init</version>
    </versions>
</constraint>



<constraint>
    <id>FORBIDDEN_TEACHERS</id>
    <name>forbidden_teachers</name>
    <arity>1</arity>
    <parameters single="true">
        <parameter
                name="teacherlist"
                type="teacherlist"
            >list of forbidden teacher identifiers.</parameter>
    </parameters>
    <keywords>time, slot, forbidden</keywords>
    <!--===-->
    <latex>
        <entry>forbiddenTeachers(\SESSION',\TEACHER')</entry>
        <setEntry>\TEACHER' \subseteq \TEACHER</setEntry>
        <equation
            >\forall s \in \SESSION', \var{\SESSION}{\TEACHER}{s} \subseteq \TEACHER\setminus\TEACHER'</equation>
    </latex>
    <!--===-->
    <description lang="en">
        <short>Sessions cannot be taught by the given teacher</short>
        <long />
    </description>
    <description lang="fr">
        <short
            >Les séances ne peuvent pas être enseignées par l'enseignant donné</short>
        <long />
    </description>
    <!--===-->
    <miscellaneous
        >Essentiel pour maintenir la conformité avec les restrictions du personnel</miscellaneous>
    <versions status="valable">
        <version num="0.1">init</version>
    </versions>
</constraint>



<constraint>
    <id>GAPARGMINSLOT</id>
    <name>minSlotGap</name>
    <arity>1</arity>
    <parameters single="true">
        <parameter
                name="minSlotGap"
                type="gap"
            >Minimum time gap required between sessions.</parameter>
    </parameters>
    <keywords>time, slot, gap</keywords>
    <!--===-->
    <latex>
        <entry>\GAPARG{min\_slot}(\SESSION',\sigma_{min})</entry>
        <setEntry>\sigma_{min}\in 0..|\SLOT|</setEntry>
        <equation
            >\exists!\pi:\SESSION'\to[\SESSION'] : \var{\SESSION}{\SLOT}{\pi^{-1}(i)} &lt;
                \var{\SESSION}{\SLOT}{\pi^{-1}(j)}(1\leq i &lt; j \leq |\SESSION'|),\forall i \in
                1..|\SESSION'|-1,\var{\SESSION}{\SLOT}{\pi^{-1}(i+1)} -
                (\var{\SESSION}{\SLOT}{\pi^{-1}(i)} + \sessionduration{\pi^{-1}(i)})\geq
                \sigma_{min}</equation>
    </latex>
    <!--===-->
    <description lang="en">
        <short>Gaps between sessions are bounded</short>
        <long />
    </description>
    <description lang="fr">
        <short>Les intervalles entre les séances sont limités</short>
        <long />
    </description>
    <!--===-->
    <miscellaneous
        >Crucial pour la planification efficace et éviter la surcharge des participants</miscellaneous>
    <versions status="valable">
        <version num="0.1">init</version>
    </versions>
</constraint>



<constraint>
    <id>NO_OVERLAP</id>
    <name>no_overlap</name>
    <arity>1</arity>
    <parameters single="true">
        <parameter
                name="noOverlap"
                type="noOverlap"
            >Ensuring that sessions do not overlap in time.</parameter>
    </parameters>
    <keywords>time, slot, noOverlap</keywords>
    <!--===-->
    <latex>
        <entry>noOverlap(\SESSION')</entry>
        <setEntry />
        <equation
            >\bigwedge_{\substack{s_1,s_2\in \SESSION' \\ s_1\neq s_2}}(\var{\SESSION}{\SLOT}{s_1} + \sessionduration{s_1} \leq \var{\SESSION}{\SLOT}{s_2})\vee(\var{\SESSION}{\SLOT}{s_2} + \sessionduration{s_2} \leq \var{\SESSION}{\SLOT}{s_1})</equation>
    </latex>
    <!--===-->
    <description lang="en">
        <short>Sessions in the given set cannot overlap</short>
        <long />
    </description>
    <description lang="fr">
        <short
            >Les séances dans l'ensemble donné ne peuvent pas se chevaucher</short>
        <long />
    </description>
    <!--===-->
    <miscellaneous
        >Essentiel pour la gestion efficace des ressources et des espaces</miscellaneous>
    <versions status="valable">
        <version num="0.1">init</version>
    </versions>
</constraint>




<constraint>
    <id>PERIODIC</id>
    <name>periodic</name>
    <arity>1</arity>
    <parameters single="true">
        <parameter
                name="periodN"
                type="number"
            >n ∈ ℕ, representing the periodic interval in slots.</parameter>
    </parameters>
    <keywords>time, slot, periodicity, periodic</keywords>
    <!--===-->
    <latex>
        <entry>periodic(\SESSION',n)</entry>
        <setEntry>n \in \mathbb{N}</setEntry>
        <equation
            >\exists\pi : \SESSION' \rightarrow 1..|\SESSION'|, \forall i \in 1..|\SESSION'|-1,\var{\SESSION}{\SLOT}{\pi^{-1}(i)} +n = \var{\SESSION}{\SLOT}{\pi^{-1}(i+1)}</equation>
    </latex>
    <!--===-->
    <description lang="en">
        <short>Sessions are periodic</short>
        <long />
    </description>
    <description lang="fr">
        <short>Les séances sont périodiques</short>
        <long />
    </description>
    <!--===-->
    <miscellaneous
        >Essentiel pour maintenir une régularité dans les horaires des séances</miscellaneous>
    <versions status="valable">
        <version num="0.1">init</version>
    </versions>
</constraint>




<constraint>
    <id>REQUIRED_ROOMS</id>
    <name>required_rooms</name>
    <arity>1</arity>
    <parameters single="true">
        <parameter
                name="requiredRoomlist"
                type="roomlist"
            >list of room identifiers which are mandatory for sessions.</parameter>
    </parameters>
    <keywords>ressource, room, required</keywords>
    <!--===-->
    <latex>
        <entry>requiredRooms(\SESSION',\ROOM')</entry>
        <setEntry>\ROOM' \subseteq \ROOM</setEntry>
        <equation
            >\forall s \in \SESSION', \ROOM' \subseteq \var{\SESSION}{\ROOM}{s}</equation>
    </latex>
    <!--===-->
    <description lang="en">
        <short>Sessions must be hosted in the given room(s)</short>
        <long />
    </description>
    <description lang="fr">
        <short>Les séances doivent se dérouler dans les salles indiquées</short>
        <long />
    </description>
    <!--===-->
    <miscellaneous
        >Crucial pour assurer que les infrastructures nécessaires sont utilisées</miscellaneous>
    <versions status="valable">
        <version num="0.1">init</version>
    </versions>
</constraint>



<constraint>
    <id>REQUIRED_TEACHERS</id>
    <name>required_teachers</name>
    <arity>1</arity>
    <parameters single="true">
        <parameter
                name="requiredTeacherlist"
                type="teacherlist"
            >list of teacher identifiers who must teach the sessions, with optional numeric constraints on their assignment frequencies (Δ).</parameter>
    </parameters>
    <keywords>ressource, teacher, required</keywords>
    <!--===-->
    <latex>
        <entry>requiredTeachers(\SESSION',\TEACHER',\Delta*)</entry>
        <setEntry
            >\TEACHER' \subseteq \TEACHER, \Delta = \{\forall t \in \TEACHER'\mid\delta_{1,t},\delta_{2,t}\},\forall t \in \TEACHER',\forall i \in \{1,2\},\;\delta_{i,t}\in\mathbb{N}</setEntry>
        <equation
            >\forall s \in \SESSION',\; (\var{\SESSION}{\TEACHER}{s} \subseteq \TEACHER'  \land \forall t \in\TEACHER',\; \delta_{1,t} \leq\sum_{s \in \SESSION'} (t \in \var{\SESSION}{\TEACHER}{s})\leq \delta_{2,t} )</equation>
    </latex>
    <!--===-->
    <description lang="en">
        <short>Sessions must be taught by the given teacher(s)</short>
        <long />
    </description>
    <description lang="fr">
        <short
            >Les séances doivent être enseignées par les enseignants indiqués</short>
        <long />
    </description>
    <!--===-->
    <miscellaneous
        >Important pour garantir la conformité avec les exigences pédagogiques spécifiques</miscellaneous>
    <versions status="valable">
        <version num="0.1">init</version>
    </versions>
</constraint>



<constraint>
    <id>SAME_DAILY_SLOT</id>
    <name>same_daily_slot</name>
    <arity>1</arity>
    <parameters single="true">
    </parameters>
    <keywords>time, slot, dailySlot, same</keywords>
    <!--===-->
    <latex>
        <entry>sameDailySlot(\SESSION')</entry>
        <setEntry />
        <equation
            >\forall s_1, s_2 \in \SESSION',\;\var{\SESSION}{\DAILYSLOT}{s_1} = \var{\SESSION}{\DAILYSLOT}{s_2}</equation>
    </latex>
    <!--===-->
    <description lang="en">
        <short>Sessions start on the same daily slot</short>
        <long />
    </description>
    <description lang="fr">
        <short>Les séances commencent au même créneau quotidien</short>
        <long />
    </description>
    <!--===-->
    <miscellaneous
        >Essentiel pour une programmation régulière et prévisible</miscellaneous>
    <versions status="valable">
        <version num="0.1">init</version>
    </versions>
</constraint>




<constraint>
    <id>SAME_DAY</id>
    <name>same_day</name>
    <arity>1</arity>
    <parameters single="true">
    </parameters>
    <keywords>time, slot,day, same</keywords>
    <!--===-->
    <latex>
        <entry>sameDay(\SESSION')</entry>
        <setEntry />
        <equation
            >\forall s_1, s_2 \in \SESSION', \var{\SESSION}{\WEEKDAY}{s_1} = \var{\SESSION}{\WEEKDAY}{s_2} \wedge \var{\SESSION}{\WEEK}{s_1} = \var{\SESSION}{\WEEK}{s_2}</equation>
    </latex>
    <!--===-->
    <description lang="en">
        <short>Sessions start on the same day</short>
        <long />
    </description>
    <description lang="fr">
        <short>Les séances commencent le même jour</short>
        <long />
    </description>
    <!--===-->
    <miscellaneous
        >Assurer l'uniformité dans la programmation quotidienne</miscellaneous>
    <versions status="valable">
        <version num="0.1">init</version>
    </versions>
</constraint>



<constraint>
    <id>SAME_ROOMS</id>
    <name>same_rooms</name>
    <arity>1</arity>
    <parameters single="true">
    </parameters>
    <keywords>ressource, room, same</keywords>
    <!--===-->
    <latex>
        <entry>sameRooms(\SESSION')</entry>
        <setEntry />
        <equation
            >\forall s_1, s_2 \in \SESSION', \var{\SESSION}{\ROOM}{s_1} = \var{\SESSION}{\ROOM}{s_2}</equation>
    </latex>
    <!--===-->
    <description lang="en">
        <short>Sessions are hosted in the same room(s)</short>
        <long />
    </description>
    <description lang="fr">
        <short>Les séances se déroulent dans la/les même(s) salle(s)</short>
        <long />
    </description>
    <!--===-->
    <miscellaneous
        >Optimiser l'utilisation des espaces disponibles</miscellaneous>
    <versions status="valable">
        <version num="0.1">init</version>
    </versions>
</constraint>


<constraint>
    <id>SAME_SLOT</id>
    <name>same_slot</name>
    <arity>1</arity>
    <parameters single="true">
    </parameters>
    <keywords>time, slot, same</keywords>
    <!--===-->
    <latex>
        <entry>sameSlot(\SESSION')</entry>
        <setEntry />
        <equation
            >\forall s_1, s_2 \in \SESSION', \var{\SESSION}{\SLOT}{s_1} = \var{\SESSION}{\SLOT}{s_2}</equation>
    </latex>
    <!--===-->
    <description lang="en">
        <short>Sessions start at the same time</short>
        <long />
    </description>
    <description lang="fr">
        <short>Les séances commencent au même moment</short>
        <long />
    </description>
    <!--===-->
    <miscellaneous
        >Important pour la cohérence de l'agenda quotidien</miscellaneous>
    <versions status="valable">
        <version num="0.1">init</version>
    </versions>
</constraint>


<constraint>
    <id>SAME_TEACHERS</id>
    <name>same_teachers</name>
    <arity>1</arity>
    <parameters single="true">
    </parameters>
    <keywords>ressource, teacher, same</keywords>
    <!--===-->
    <latex>
        <entry>sameTeachers(\SESSION')</entry>
        <setEntry />
        <equation
            >\forall s_1, s_2 \in \SESSION', \var{\SESSION}{\TEACHER}{s_1} = \var{\SESSION}{\TEACHER}{s_2}</equation>
    </latex>
    <!--===-->
    <description lang="en">
        <short>Sessions are taught by the same lecturer(s)</short>
        <long />
    </description>
    <description lang="fr">
        <short
            >Les séances sont enseignées par le/les même(s) enseignant(s)</short>
        <long />
    </description>
    <!--===-->
    <miscellaneous
        >Facilite la gestion des ressources humaines et la planification académique</miscellaneous>
    <versions status="valable">
        <version num="0.1">init</version>
    </versions>
</constraint>



<constraint>
    <id>SAME_WEEK</id>
    <name>same_week</name>
    <arity>1</arity>
    <parameters single="true">
    </parameters>
    <keywords>time, slot, week, same</keywords>
    <!--===-->
    <latex>
        <entry>sameWeek(\SESSION')</entry>
        <setEntry />
        <equation
            >\forall s_1, s_2 \in \SESSION', \var{\SESSION}{\WEEK}{s_1} = \var{\SESSION}{\WEEK}{s_2}</equation>
    </latex>
    <!--===-->
    <description lang="en">
        <short>Sessions start on the same week</short>
        <long />
    </description>
    <description lang="fr">
        <short>Les séances débutent la même semaine</short>
        <long />
    </description>
    <!--===-->
    <miscellaneous
        >Crucial pour une programmation hebdomadaire uniforme</miscellaneous>
    <versions status="valable">
        <version num="0.1">init</version>
    </versions>
</constraint>



<constraint>
    <id>SAME_WEEK_DAY</id>
    <name>same_week_day</name>
    <arity>1</arity>
    <parameters single="true">
    </parameters>
    <keywords>time, slot, same</keywords>
    <!--===-->
    <latex>
        <entry>sameWeekDay(\SESSION')</entry>
        <setEntry />
        <equation
            >\forall s_1, s_2 \in \SESSION', \var{\SESSION}{\SAMEWEEKDAY}{s_1} = \var{\SESSION}{\SAMEWEEKDAY}{s_2}</equation>
    </latex>
    <!--===-->
    <description lang="en">
        <short>Sessions start on the same weekday</short>
        <long />
    </description>
    <description lang="fr">
        <short>Les séances débutent le même jour de la semaine</short>
        <long />
    </description>
    <!--===-->
    <miscellaneous
        >Important pour la cohérence du calendrier hebdomadaire</miscellaneous>
    <versions status="valable">
        <version num="0.1">init</version>
    </versions>
</constraint>



<constraint>
    <id>SAME_WEEKLY_SLOT</id>
    <name>same_weekly_slot</name>
    <arity>1</arity>
    <parameters single="true">
    </parameters>
    <keywords>time, slot, same</keywords>
    <!--===-->
    <latex>
        <entry>sameWeeklySlot(\SESSION')</entry>
        <setEntry />
        <equation
            >\forall s_1, s_2 \in \SESSION', \var{\SESSION}{\DAILYSLOT}{s_1} = \var{\SESSION}{\DAILYSLOT}{s_2} \wedge \var{\SESSION}{\WEEKDAY}{s_1} = \var{\SESSION}{\WEEKDAY}{s_2}</equation>
    </latex>
    <!--===-->
    <description lang="en">
        <short>Sessions start on the same weekly time point</short>
        <long />
    </description>
    <description lang="fr">
        <short>Les séances débutent au même moment chaque semaine</short>
        <long />
    </description>
    <!--===-->
    <miscellaneous
        >Essentiel pour maintenir une régularité dans les horaires hebdomadaires</miscellaneous>
    <versions status="valable">
        <version num="0.1">init</version>
    </versions>
</constraint>



<constraint>
    <id>SEQUENCED</id>
    <name>sequenced</name>
    <arity>1</arity>
    <parameters single="true">
    </parameters>
    <keywords>time, slot, sequenced</keywords>
    <!--===-->
    <latex>
        <entry>sequenced(\SESSION'_1, \dots, \SESSION'_n)</entry>
        <setEntry />
        <equation
            >\forall s_i \in \SESSION'_i, \forall s_{i+1} \in \SESSION'_{i+1}, \var{\SESSION}{\SLOT}{s_{i+1}} \geq \var{\SESSION}{\SLOT}{s_i} + \sessionduration{s_i}</equation>
    </latex>
    <!--===-->
    <description lang="en">
        <short>Sessions run sequentially</short>
        <long />
    </description>
    <description lang="fr">
        <short>Les séances se déroulent de manière séquentielle</short>
        <long />
    </description>
    <!--===-->
    <miscellaneous
        >Important pour garantir l'ordre logique et temporel des séances</miscellaneous>
    <versions status="valable">
        <version num="0.1">init</version>
    </versions>
</constraint>



<constraint>
    <id>SESSION_WORLOAD</id>
    <name>session_workload</name>
    <arity>1</arity>
    <parameters single="true">
         <parameter
                name="scope"
                type="timeScope"
            > The workload should be computed for every week or every day</parameter>
         <parameter name="value" type="slotRange"> min-max</parameter>
         <parameter
                name="unit"
                type="time"
            > Should the value be a number of sessions or slots</parameter>
    </parameters>
    <keywords>time, slot, count, workload</keywords>
    <!--===-->
    <latex>
        <entry>session_workload(\SESSION', w_1, w_2)</entry>
        <setEntry>w_1, w_2 \in \SLOT \cup \{0\}</setEntry>
        <equation
            >\forall d \in \WEEKDAY, w_1 \leq |\{s \in \SESSION' : \var{\SESSION}{\WEEKDAY}{s} = d\}| \leq w_2</equation>
    </latex>
    <!--===-->
    <description lang="en">
        <short>The number of sessions per time frame is bounded</short>
        <long />
    </description>
    <description lang="fr">
        <short>Le nombre de séances par cadre temporel est limité</short>
        <long />
    </description>
    <!--===-->
    <miscellaneous
        >Essentiel pour maintenir une charge de travail équilibrée et gérable</miscellaneous>
    <versions status="valable">
        <version num="0.1">init</version>
    </versions>
</constraint>


<constraint>
    <id>TIME_WORLOAD</id>
    <name>time_workload</name>
    <arity>1</arity>
    <parameters single="true">
         <parameter
                name="scope"
                type="timeScope"
            > The workload should be computed for every week or every day</parameter>
         <parameter name="value" type="slotRange"> min-max</parameter>
         <parameter
                name="unit"
                type="time"
            > Should the value be a number of sessions or slots</parameter>
    </parameters>
    <keywords>time, slot, workload</keywords>
    <!--===-->
    <latex>
        <entry>time_workload(\SESSION', w_1, w_2)</entry>
        <setEntry>w_1, w_2 \in \SLOT \cup \{0\}</setEntry>
        <equation
            >\forall d \in \WEEKDAY, w_1 \leq \sum\limits_{s \in \SESSION'} \sessionduration{s} \times (\var{\SESSION}{\WEEKDAY}{s} = d) \leq w_2</equation>
    </latex>
    <!--===-->
    <description lang="en">
        <short>The total duration of sessions per time frame is bounded</short>
        <long />
    </description>
    <description lang="fr">
        <short
            >La durée totale des séances par cadre temporel est limitée</short>
        <long />
    </description>
    <!--===-->
    <miscellaneous
        >Indispensable pour garantir la conformité aux limites de temps allouées</miscellaneous>
    <versions status="valable">
        <version num="0.1">init</version>
    </versions>
</constraint>



</catalogue>
