{
    "time_out": "40s",
    "vars": [
        { "x_room": [{ "rank": "*" }, "first_fail", "indomain_random"] },
        { "x_rooms": [{ "rank": "*" }, "input_order", "indomain_min"] },
        { "x_teacher": [{ "rank": "*" }, "first_fail", "indomain_min"] },
        { "x_teachers": [{ "rank": "*" }, "first_fail", "indomain_min"] },

        { "x_slot": [{ "id": "EEO*" }, "first_fail", "indomain_min"] },

        { "x_slot": [{ "label": "REPAS*" }, "first_fail", "indomain_min"] },

        { "x_slot": [{ "rank": "1-5" }, "first_fail", "indomain_min"] },
        { "x_slot": [{ "rank": "6-*" }, "first_fail", "indomain_min"] }
    ],
    "core_constraint": [
        "implicite_sequenced_sessions",
        "teacher_service",
        "disjunctive_teacher",
        "disjunctive_group",
        "disjunctive_room",
        "size_of_multiroom",
        "bench_class_equilibrate"
    ],
    "user_constraint": [
        "sameRooms",
        "sameTeachers",
        "allowedPeriod",
        "forbiddenPeriod",
        "weekly",
        "sameWeek",
        "assignRoom",
        "forbiddenRooms",
        "sameWeekDay",
        "differentWeekDay",
        "differentSlots",
        "disjunct",
        "sameWeeklySlot",
        "differentWeek",
        "sameSlot",
        "sameSlots",
        "periodic",
        "sequenced"
    ],
    "deactivate_rules": [
        { "rules": "", "comment": "Contrainte de test   input_order" }
    ]
}
