[
    {
        "annee": "2024",
        "codeStructureEtape": "AES",
        "libStructureEtape": "Faculté des Sciences",
        "codeEtape": "TL3PP11",
        "libEtape": "L3 Mathématiques / Parc. Prép. Professorat des Ecoles",
        "noElement": "TMA3413U",
        "libElement": "Complément Python - P14",
        "codeNatureElp": "CHAR",
        "libNatureElp": "Charges d'Enseignement",
        "codeCNU": "25",
        "libCNU": "Mathématiques",
        "codePeriode": "14",
        "libPeriode": "Période 14",
        "nbHeureCM": "0",
        "nbHeureTD": "0",
        "nbHeureTP": "16",
        "nbHeureCMTD": "0",
        "nbGroupeCM": "1",
        "nbGroupeTD": "1",
        "nbGroupeTP": "2",
        "nbGroupeCMTD": "1",
        "nbEtuInscritElpEtape": "22",
        "nbEtuInscritElpTotal": "22",
        "volumeHoraireElpPondereEtape": "32",
        "volumeHoraireElpTotal": "32",
        "nbEtuInscritPrevisionnelElpEtape": "0",
        "nbEtuInscritPrevisionnelElpTotal": "0",
        "nbEtape": "1"
    },
    {
        "annee": "2024",
        "codeStructureEtape": "AES",
        "libStructureEtape": "Faculté des Sciences",
        "codeEtape": "TL3PP11",
        "libEtape": "L3 Mathématiques / Parc. Prép. Professorat des Ecoles",
        "noElement": "TMX2103V",
        "libElement": "Combinatoire et probabilités discrètes - P1-P6-P11",
        "codeNatureElp": "CHAR",
        "libNatureElp": "Charges d'Enseignement",
        "codeCNU": "25",
        "libCNU": "Mathématiques",
        "codePeriode": "06",
        "libPeriode": "Période 6",
        "nbHeureCM": "8",
        "nbHeureTD": "12",
        "nbHeureTP": "0",
        "nbHeureCMTD": "0",
        "nbGroupeCM": "1",
        "nbGroupeTD": "4",
        "nbGroupeTP": "7",
        "nbGroupeCMTD": "4",
        "nbEtuInscritElpEtape": "21",
        "nbEtuInscritElpTotal": "122",
        "volumeHoraireElpPondereEtape": "10.33",
        "volumeHoraireElpTotal": "60",
        "nbEtuInscritPrevisionnelElpEtape": "109",
        "nbEtuInscritPrevisionnelElpTotal": "24",
        "nbEtape": "5"
    },
    {
        "annee": "2024",
        "codeStructureEtape": "AES",
        "libStructureEtape": "Faculté des Sciences",
        "codeEtape": "TL3PP11",
        "libEtape": "L3 Mathématiques / Parc. Prép. Professorat des Ecoles",
        "noElement": "TMA3312U",
        "libElement": "Matrices - P13",
        "codeNatureElp": "CHAR",
        "libNatureElp": "Charges d'Enseignement",
        "codeCNU": "25",
        "libCNU": "Mathématiques",
        "codePeriode": "13",
        "libPeriode": "Période 13",
        "nbHeureCM": "0",
        "nbHeureTD": "0",
        "nbHeureTP": "0",
        "nbHeureCMTD": "30",
        "nbGroupeCM": "1",
        "nbGroupeTD": "1",
        "nbGroupeTP": "2",
        "nbGroupeCMTD": "1",
        "nbEtuInscritElpEtape": "22",
        "nbEtuInscritElpTotal": "22",
        "volumeHoraireElpPondereEtape": "37.5",
        "volumeHoraireElpTotal": "37.5",
        "nbEtuInscritPrevisionnelElpEtape": "0",
        "nbEtuInscritPrevisionnelElpTotal": "0",
        "nbEtape": "1"
    },
    {
        "annee": "2024",
        "codeStructureEtape": "AES",
        "libStructureEtape": "Faculté des Sciences",
        "codeEtape": "TL3PP11",
        "libEtape": "L3 Mathématiques / Parc. Prép. Professorat des Ecoles",
        "noElement": "TMA3208U",
        "libElement": "Suites et séries numériques - P12",
        "codeNatureElp": "CHAR",
        "libNatureElp": "Charges d'Enseignement",
        "codeCNU": "25",
        "libCNU": "Mathématiques",
        "codePeriode": "12",
        "libPeriode": "Période 12",
        "nbHeureCM": "0",
        "nbHeureTD": "0",
        "nbHeureTP": "0",
        "nbHeureCMTD": "32",
        "nbGroupeCM": "1",
        "nbGroupeTD": "1",
        "nbGroupeTP": "2",
        "nbGroupeCMTD": "1",
        "nbEtuInscritElpEtape": "22",
        "nbEtuInscritElpTotal": "22",
        "volumeHoraireElpPondereEtape": "40",
        "volumeHoraireElpTotal": "40",
        "nbEtuInscritPrevisionnelElpEtape": "0",
        "nbEtuInscritPrevisionnelElpTotal": "0",
        "nbEtape": "1"
    },
    {
        "annee": "2024",
        "codeStructureEtape": "AES",
        "libStructureEtape": "Faculté des Sciences",
        "codeEtape": "TL3PP11",
        "libEtape": "L3 Mathématiques / Parc. Prép. Professorat des Ecoles",
        "noElement": "TMX2302V",
        "libElement": "Programmation sous Python - P8-P13",
        "codeNatureElp": "CHAR",
        "libNatureElp": "Charges d'Enseignement",
        "codeCNU": "25",
        "libCNU": "Mathématiques",
        "codePeriode": "08",
        "libPeriode": "Période 8",
        "nbHeureCM": "8",
        "nbHeureTD": "0",
        "nbHeureTP": "16",
        "nbHeureCMTD": "0",
        "nbGroupeCM": "1",
        "nbGroupeTD": "3",
        "nbGroupeTP": "5",
        "nbGroupeCMTD": "3",
        "nbEtuInscritElpEtape": "22",
        "nbEtuInscritElpTotal": "81",
        "volumeHoraireElpPondereEtape": "24.99",
        "volumeHoraireElpTotal": "92",
        "nbEtuInscritPrevisionnelElpEtape": "71",
        "nbEtuInscritPrevisionnelElpTotal": "24",
        "nbEtape": "3"
    },
    {
        "annee": "2024",
        "codeStructureEtape": "AES",
        "libStructureEtape": "Faculté des Sciences",
        "codeEtape": "TL3PP11",
        "libEtape": "L3 Mathématiques / Parc. Prép. Professorat des Ecoles",
        "noElement": "TMX2203U",
        "libElement": "Combinatoire et probabilités discrètes - P2-P7-P12",
        "codeNatureElp": "CHAR",
        "libNatureElp": "Charges d'Enseignement",
        "codeCNU": "25",
        "libCNU": "Mathématiques",
        "codePeriode": "07",
        "libPeriode": "Période 7",
        "nbHeureCM": "8",
        "nbHeureTD": "12",
        "nbHeureTP": "0",
        "nbHeureCMTD": "0",
        "nbGroupeCM": "1",
        "nbGroupeTD": "4",
        "nbGroupeTP": "7",
        "nbGroupeCMTD": "4",
        "nbEtuInscritElpEtape": "21",
        "nbEtuInscritElpTotal": "122",
        "volumeHoraireElpPondereEtape": "10.33",
        "volumeHoraireElpTotal": "60",
        "nbEtuInscritPrevisionnelElpEtape": "109",
        "nbEtuInscritPrevisionnelElpTotal": "24",
        "nbEtape": "5"
    },
    {
        "annee": "2024",
        "codeStructureEtape": "AES",
        "libStructureEtape": "Faculté des Sciences",
        "codeEtape": "TL3PP11",
        "libEtape": "L3 Mathématiques / Parc. Prép. Professorat des Ecoles",
        "noElement": "TMA3412U",
        "libElement": "Matrices - P14",
        "codeNatureElp": "CHAR",
        "libNatureElp": "Charges d'Enseignement",
        "codeCNU": "25",
        "libCNU": "Mathématiques",
        "codePeriode": "14",
        "libPeriode": "Période 14",
        "nbHeureCM": "0",
        "nbHeureTD": "0",
        "nbHeureTP": "0",
        "nbHeureCMTD": "20",
        "nbGroupeCM": "1",
        "nbGroupeTD": "1",
        "nbGroupeTP": "2",
        "nbGroupeCMTD": "1",
        "nbEtuInscritElpEtape": "22",
        "nbEtuInscritElpTotal": "22",
        "volumeHoraireElpPondereEtape": "25",
        "volumeHoraireElpTotal": "25",
        "nbEtuInscritPrevisionnelElpEtape": "0",
        "nbEtuInscritPrevisionnelElpTotal": "0",
        "nbEtape": "1"
    },
    {
        "annee": "2024",
        "codeStructureEtape": "AES",
        "libStructureEtape": "Faculté des Sciences",
        "codeEtape": "TL3PP11",
        "libEtape": "L3 Mathématiques / Parc. Prép. Professorat des Ecoles",
        "noElement": "TMA3414U",
        "libElement": "Préparation au CRPE - P14",
        "codeNatureElp": "CHAR",
        "libNatureElp": "Charges d'Enseignement",
        "codeCNU": "25",
        "libCNU": "Mathématiques",
        "codePeriode": "14",
        "libPeriode": "Période 14",
        "nbHeureCM": "0",
        "nbHeureTD": "60",
        "nbHeureTP": "0",
        "nbHeureCMTD": "0",
        "nbGroupeCM": "1",
        "nbGroupeTD": "1",
        "nbGroupeTP": "2",
        "nbGroupeCMTD": "1",
        "nbEtuInscritElpEtape": "22",
        "nbEtuInscritElpTotal": "22",
        "volumeHoraireElpPondereEtape": "60",
        "volumeHoraireElpTotal": "60",
        "nbEtuInscritPrevisionnelElpEtape": "0",
        "nbEtuInscritPrevisionnelElpTotal": "0",
        "nbEtape": "1"
    },
    {
        "annee": "2024",
        "codeStructureEtape": "AES",
        "libStructureEtape": "Faculté des Sciences",
        "codeEtape": "TL3PP11",
        "libEtape": "L3 Mathématiques / Parc. Prép. Professorat des Ecoles",
        "noElement": "TMA3108U",
        "libElement": "Suites et séries numériques - P11",
        "codeNatureElp": "CHAR",
        "libNatureElp": "Charges d'Enseignement",
        "codeCNU": "25",
        "libCNU": "Mathématiques",
        "codePeriode": "11",
        "libPeriode": "Période 11",
        "nbHeureCM": "0",
        "nbHeureTD": "0",
        "nbHeureTP": "0",
        "nbHeureCMTD": "32",
        "nbGroupeCM": "1",
        "nbGroupeTD": "1",
        "nbGroupeTP": "2",
        "nbGroupeCMTD": "1",
        "nbEtuInscritElpEtape": "22",
        "nbEtuInscritElpTotal": "22",
        "volumeHoraireElpPondereEtape": "40",
        "volumeHoraireElpTotal": "40",
        "nbEtuInscritPrevisionnelElpEtape": "0",
        "nbEtuInscritPrevisionnelElpTotal": "0",
        "nbEtape": "1"
    }
]