[
    {
        "annee": "2024",
        "codeStructureEtape": "AES",
        "libStructureEtape": "Faculté des Sciences",
        "codeEtape": "TM2BSV1",
        "libEtape": "M2 Biologie Végétale / Biologie systémique du végétal (BSV)",
        "noElement": "TBV532C",
        "libElement": "Conception de systèmes horticoles innovants",
        "codeNatureElp": "MATI",
        "libNatureElp": "Matière",
        "codeCNU": null,
        "libCNU": null,
        "codePeriode": "3",
        "libPeriode": "Enseignement du troisième semestre",
        "nbHeureCM": "14",
        "nbHeureTD": "23",
        "nbHeureTP": "0",
        "nbHeureCMTD": "0",
        "nbGroupeCM": "1",
        "nbGroupeTD": "1",
        "nbGroupeTP": "1",
        "nbGroupeCMTD": "0",
        "nbEtuInscritElpEtape": "0",
        "nbEtuInscritElpTotal": "12",
        "volumeHoraireElpPondereEtape": "0",
        "volumeHoraireElpTotal": "44",
        "nbEtuInscritPrevisionnelElpEtape": "10",
        "nbEtuInscritPrevisionnelElpTotal": "0",
        "nbEtape": "2"
    },
    {
        "annee": "2024",
        "codeStructureEtape": "AES",
        "libStructureEtape": "Faculté des Sciences",
        "codeEtape": "TM2BSV1",
        "libEtape": "M2 Biologie Végétale / Biologie systémique du végétal (BSV)",
        "noElement": "TBV53B",
        "libElement": "Anglais",
        "codeNatureElp": "MATI",
        "libNatureElp": "Matière",
        "codeCNU": "11",
        "libCNU": "Langues et littératures anglaises et anglo-saxonnes",
        "codePeriode": "3",
        "libPeriode": "Enseignement du troisième semestre",
        "nbHeureCM": "0",
        "nbHeureTD": "8",
        "nbHeureTP": "28",
        "nbHeureCMTD": "0",
        "nbGroupeCM": "1",
        "nbGroupeTD": "1",
        "nbGroupeTP": "2",
        "nbGroupeCMTD": "0",
        "nbEtuInscritElpEtape": "0",
        "nbEtuInscritElpTotal": "29",
        "volumeHoraireElpPondereEtape": "0",
        "volumeHoraireElpTotal": "64",
        "nbEtuInscritPrevisionnelElpEtape": "40",
        "nbEtuInscritPrevisionnelElpTotal": "0",
        "nbEtape": "4"
    },
    {
        "annee": "2024",
        "codeStructureEtape": "AES",
        "libStructureEtape": "Faculté des Sciences",
        "codeEtape": "TM2BSV1",
        "libEtape": "M2 Biologie Végétale / Biologie systémique du végétal (BSV)",
        "noElement": "TBV543B",
        "libElement": "Strategies in seed buisness and intellectual property",
        "codeNatureElp": "MATI",
        "libNatureElp": "Matière",
        "codeCNU": "05",
        "libCNU": "Sciences économiques",
        "codePeriode": "4",
        "libPeriode": "Enseignement du quatrième semestre",
        "nbHeureCM": "10",
        "nbHeureTD": "10",
        "nbHeureTP": "0",
        "nbHeureCMTD": "0",
        "nbGroupeCM": "1",
        "nbGroupeTD": "1",
        "nbGroupeTP": "1",
        "nbGroupeCMTD": "0",
        "nbEtuInscritElpEtape": "0",
        "nbEtuInscritElpTotal": "4",
        "volumeHoraireElpPondereEtape": "0",
        "volumeHoraireElpTotal": "25",
        "nbEtuInscritPrevisionnelElpEtape": "5",
        "nbEtuInscritPrevisionnelElpTotal": "0",
        "nbEtape": "2"
    },
    {
        "annee": "2024",
        "codeStructureEtape": "AES",
        "libStructureEtape": "Faculté des Sciences",
        "codeEtape": "TM2BSV1",
        "libEtape": "M2 Biologie Végétale / Biologie systémique du végétal (BSV)",
        "noElement": "TBV545A1",
        "libElement": "Stage",
        "codeNatureElp": "STAG",
        "libNatureElp": "Stage",
        "codeCNU": null,
        "libCNU": null,
        "codePeriode": "4",
        "libPeriode": "Enseignement du quatrième semestre",
        "nbHeureCM": "0",
        "nbHeureTD": "4",
        "nbHeureTP": "0",
        "nbHeureCMTD": "0",
        "nbGroupeCM": "11",
        "nbGroupeTD": "11",
        "nbGroupeTP": "11",
        "nbGroupeCMTD": "0",
        "nbEtuInscritElpEtape": "0",
        "nbEtuInscritElpTotal": "11",
        "volumeHoraireElpPondereEtape": "0",
        "volumeHoraireElpTotal": "44",
        "nbEtuInscritPrevisionnelElpEtape": "21",
        "nbEtuInscritPrevisionnelElpTotal": "0",
        "nbEtape": "2"
    },
    {
        "annee": "2024",
        "codeStructureEtape": "AES",
        "libStructureEtape": "Faculté des Sciences",
        "codeEtape": "TM2BSV1",
        "libEtape": "M2 Biologie Végétale / Biologie systémique du végétal (BSV)",
        "noElement": "TBV545A2",
        "libElement": "Alternance",
        "codeNatureElp": "STAG",
        "libNatureElp": "Stage",
        "codeCNU": null,
        "libCNU": null,
        "codePeriode": "4",
        "libPeriode": "Enseignement du quatrième semestre",
        "nbHeureCM": "0",
        "nbHeureTD": "12",
        "nbHeureTP": "0",
        "nbHeureCMTD": "0",
        "nbGroupeCM": "1",
        "nbGroupeTD": "1",
        "nbGroupeTP": "1",
        "nbGroupeCMTD": "0",
        "nbEtuInscritElpEtape": "0",
        "nbEtuInscritElpTotal": "1",
        "volumeHoraireElpPondereEtape": "0",
        "volumeHoraireElpTotal": "12",
        "nbEtuInscritPrevisionnelElpEtape": "1",
        "nbEtuInscritPrevisionnelElpTotal": "0",
        "nbEtape": "2"
    },
    {
        "annee": "2024",
        "codeStructureEtape": "AES",
        "libStructureEtape": "Faculté des Sciences",
        "codeEtape": "TM2BSV1",
        "libEtape": "M2 Biologie Végétale / Biologie systémique du végétal (BSV)",
        "noElement": "TBV535B",
        "libElement": "Seed conservation & management of plant biological resources",
        "codeNatureElp": "MATI",
        "libNatureElp": "Matière",
        "codeCNU": "65",
        "libCNU": "Biologie cellulaire",
        "codePeriode": "3",
        "libPeriode": "Enseignement du troisième semestre",
        "nbHeureCM": "27",
        "nbHeureTD": "4",
        "nbHeureTP": "4",
        "nbHeureCMTD": "0",
        "nbGroupeCM": "1",
        "nbGroupeTD": "1",
        "nbGroupeTP": "1",
        "nbGroupeCMTD": "0",
        "nbEtuInscritElpEtape": "0",
        "nbEtuInscritElpTotal": "5",
        "volumeHoraireElpPondereEtape": "0",
        "volumeHoraireElpTotal": "48.5",
        "nbEtuInscritPrevisionnelElpEtape": "8",
        "nbEtuInscritPrevisionnelElpTotal": "0",
        "nbEtape": "2"
    },
    {
        "annee": "2024",
        "codeStructureEtape": "AES",
        "libStructureEtape": "Faculté des Sciences",
        "codeEtape": "TM2BSV1",
        "libEtape": "M2 Biologie Végétale / Biologie systémique du végétal (BSV)",
        "noElement": "TBV532",
        "libElement": "Data Challenge",
        "codeNatureElp": "MATI",
        "libNatureElp": "Matière",
        "codeCNU": "26",
        "libCNU": "Mathématiques appliquées et applications des mathématiques",
        "codePeriode": "3",
        "libPeriode": "Enseignement du troisième semestre",
        "nbHeureCM": "2",
        "nbHeureTD": "12",
        "nbHeureTP": "32",
        "nbHeureCMTD": "0",
        "nbGroupeCM": "1",
        "nbGroupeTD": "1",
        "nbGroupeTP": "1",
        "nbGroupeCMTD": "0",
        "nbEtuInscritElpEtape": "0",
        "nbEtuInscritElpTotal": "17",
        "volumeHoraireElpPondereEtape": "0",
        "volumeHoraireElpTotal": "47",
        "nbEtuInscritPrevisionnelElpEtape": "30",
        "nbEtuInscritPrevisionnelElpTotal": "0",
        "nbEtape": "3"
    },
    {
        "annee": "2024",
        "codeStructureEtape": "AES",
        "libStructureEtape": "Faculté des Sciences",
        "codeEtape": "TM2BSV1",
        "libEtape": "M2 Biologie Végétale / Biologie systémique du végétal (BSV)",
        "noElement": "TBV533A",
        "libElement": "Qualités des produits végétaux",
        "codeNatureElp": "MATI",
        "libNatureElp": "Matière",
        "codeCNU": "66",
        "libCNU": "Physiologie",
        "codePeriode": "3",
        "libPeriode": "Enseignement du troisième semestre",
        "nbHeureCM": "20",
        "nbHeureTD": "0",
        "nbHeureTP": "10",
        "nbHeureCMTD": "0",
        "nbGroupeCM": "1",
        "nbGroupeTD": "1",
        "nbGroupeTP": "1",
        "nbGroupeCMTD": "0",
        "nbEtuInscritElpEtape": "0",
        "nbEtuInscritElpTotal": "12",
        "volumeHoraireElpPondereEtape": "0",
        "volumeHoraireElpTotal": "40",
        "nbEtuInscritPrevisionnelElpEtape": "22",
        "nbEtuInscritPrevisionnelElpTotal": "0",
        "nbEtape": "2"
    },
    {
        "annee": "2024",
        "codeStructureEtape": "AES",
        "libStructureEtape": "Faculté des Sciences",
        "codeEtape": "TM2BSV1",
        "libEtape": "M2 Biologie Végétale / Biologie systémique du végétal (BSV)",
        "noElement": "TBV541A",
        "libElement": "Produits phytosanitaires et règlementation",
        "codeNatureElp": "MATI",
        "libNatureElp": "Matière",
        "codeCNU": "66",
        "libCNU": "Physiologie",
        "codePeriode": "4",
        "libPeriode": "Enseignement du quatrième semestre",
        "nbHeureCM": "35",
        "nbHeureTD": "4",
        "nbHeureTP": "6",
        "nbHeureCMTD": "0",
        "nbGroupeCM": "1",
        "nbGroupeTD": "1",
        "nbGroupeTP": "1",
        "nbGroupeCMTD": "0",
        "nbEtuInscritElpEtape": "0",
        "nbEtuInscritElpTotal": "6",
        "volumeHoraireElpPondereEtape": "0",
        "volumeHoraireElpTotal": "62.5",
        "nbEtuInscritPrevisionnelElpEtape": "17",
        "nbEtuInscritPrevisionnelElpTotal": "0",
        "nbEtape": "2"
    },
    {
        "annee": "2024",
        "codeStructureEtape": "AES",
        "libStructureEtape": "Faculté des Sciences",
        "codeEtape": "TM2BSV1",
        "libEtape": "M2 Biologie Végétale / Biologie systémique du végétal (BSV)",
        "noElement": "TBV542A",
        "libElement": "Méthodes de protection des plantes 2",
        "codeNatureElp": "MATI",
        "libNatureElp": "Matière",
        "codeCNU": "65",
        "libCNU": "Biologie cellulaire",
        "codePeriode": "4",
        "libPeriode": "Enseignement du quatrième semestre",
        "nbHeureCM": "24",
        "nbHeureTD": "3",
        "nbHeureTP": "3",
        "nbHeureCMTD": "0",
        "nbGroupeCM": "1",
        "nbGroupeTD": "1",
        "nbGroupeTP": "1",
        "nbGroupeCMTD": "0",
        "nbEtuInscritElpEtape": "0",
        "nbEtuInscritElpTotal": "6",
        "volumeHoraireElpPondereEtape": "0",
        "volumeHoraireElpTotal": "42",
        "nbEtuInscritPrevisionnelElpEtape": "17",
        "nbEtuInscritPrevisionnelElpTotal": "0",
        "nbEtape": "2"
    },
    {
        "annee": "2024",
        "codeStructureEtape": "AES",
        "libStructureEtape": "Faculté des Sciences",
        "codeEtape": "TM2BSV1",
        "libEtape": "M2 Biologie Végétale / Biologie systémique du végétal (BSV)",
        "noElement": "TBV536B",
        "libElement": "Seed and plant sanitary quality",
        "codeNatureElp": "MATI",
        "libNatureElp": "Matière",
        "codeCNU": "65",
        "libCNU": "Biologie cellulaire",
        "codePeriode": "3",
        "libPeriode": "Enseignement du troisième semestre",
        "nbHeureCM": "13",
        "nbHeureTD": "4",
        "nbHeureTP": "18",
        "nbHeureCMTD": "0",
        "nbGroupeCM": "1",
        "nbGroupeTD": "1",
        "nbGroupeTP": "1",
        "nbGroupeCMTD": "0",
        "nbEtuInscritElpEtape": "0",
        "nbEtuInscritElpTotal": "5",
        "volumeHoraireElpPondereEtape": "0",
        "volumeHoraireElpTotal": "41.5",
        "nbEtuInscritPrevisionnelElpEtape": "8",
        "nbEtuInscritPrevisionnelElpTotal": "0",
        "nbEtape": "2"
    },
    {
        "annee": "2024",
        "codeStructureEtape": "AES",
        "libStructureEtape": "Faculté des Sciences",
        "codeEtape": "TM2BSV1",
        "libEtape": "M2 Biologie Végétale / Biologie systémique du végétal (BSV)",
        "noElement": "TBV545C1",
        "libElement": "Stage",
        "codeNatureElp": "STAG",
        "libNatureElp": "Stage",
        "codeCNU": null,
        "libCNU": null,
        "codePeriode": "4",
        "libPeriode": "Enseignement du quatrième semestre",
        "nbHeureCM": "0",
        "nbHeureTD": "4",
        "nbHeureTP": "0",
        "nbHeureCMTD": "0",
        "nbGroupeCM": "12",
        "nbGroupeTD": "12",
        "nbGroupeTP": "12",
        "nbGroupeCMTD": "0",
        "nbEtuInscritElpEtape": "0",
        "nbEtuInscritElpTotal": "12",
        "volumeHoraireElpPondereEtape": "0",
        "volumeHoraireElpTotal": "48",
        "nbEtuInscritPrevisionnelElpEtape": "9",
        "nbEtuInscritPrevisionnelElpTotal": "0",
        "nbEtape": "2"
    },
    {
        "annee": "2024",
        "codeStructureEtape": "AES",
        "libStructureEtape": "Faculté des Sciences",
        "codeEtape": "TM2BSV1",
        "libEtape": "M2 Biologie Végétale / Biologie systémique du végétal (BSV)",
        "noElement": "TBV531",
        "libElement": "Modélisation",
        "codeNatureElp": "MATI",
        "libNatureElp": "Matière",
        "codeCNU": "26",
        "libCNU": "Mathématiques appliquées et applications des mathématiques",
        "codePeriode": "3",
        "libPeriode": "Enseignement du troisième semestre",
        "nbHeureCM": "6",
        "nbHeureTD": "0",
        "nbHeureTP": "10",
        "nbHeureCMTD": "0",
        "nbGroupeCM": "1",
        "nbGroupeTD": "1",
        "nbGroupeTP": "1",
        "nbGroupeCMTD": "0",
        "nbEtuInscritElpEtape": "0",
        "nbEtuInscritElpTotal": "17",
        "volumeHoraireElpPondereEtape": "0",
        "volumeHoraireElpTotal": "19",
        "nbEtuInscritPrevisionnelElpEtape": "30",
        "nbEtuInscritPrevisionnelElpTotal": "0",
        "nbEtape": "3"
    },
    {
        "annee": "2024",
        "codeStructureEtape": "AES",
        "libStructureEtape": "Faculté des Sciences",
        "codeEtape": "TM2BSV1",
        "libEtape": "M2 Biologie Végétale / Biologie systémique du végétal (BSV)",
        "noElement": "TBV534B",
        "libElement": "Biology & Biotechnology of seed & plant propagation material",
        "codeNatureElp": "MATI",
        "libNatureElp": "Matière",
        "codeCNU": "66",
        "libCNU": "Physiologie",
        "codePeriode": "3",
        "libPeriode": "Enseignement du troisième semestre",
        "nbHeureCM": "36",
        "nbHeureTD": "15",
        "nbHeureTP": "15",
        "nbHeureCMTD": "0",
        "nbGroupeCM": "1",
        "nbGroupeTD": "1",
        "nbGroupeTP": "1",
        "nbGroupeCMTD": "0",
        "nbEtuInscritElpEtape": "0",
        "nbEtuInscritElpTotal": "5",
        "volumeHoraireElpPondereEtape": "0",
        "volumeHoraireElpTotal": "84",
        "nbEtuInscritPrevisionnelElpEtape": "8",
        "nbEtuInscritPrevisionnelElpTotal": "0",
        "nbEtape": "2"
    },
    {
        "annee": "2024",
        "codeStructureEtape": "AES",
        "libStructureEtape": "Faculté des Sciences",
        "codeEtape": "TM2BSV1",
        "libEtape": "M2 Biologie Végétale / Biologie systémique du végétal (BSV)",
        "noElement": "TBV543A",
        "libElement": "Sciences et société",
        "codeNatureElp": "MATI",
        "libNatureElp": "Matière",
        "codeCNU": "71",
        "libCNU": "Sciences de l'information et de la communication",
        "codePeriode": "4",
        "libPeriode": "Enseignement du quatrième semestre",
        "nbHeureCM": "10",
        "nbHeureTD": "10",
        "nbHeureTP": "0",
        "nbHeureCMTD": "0",
        "nbGroupeCM": "1",
        "nbGroupeTD": "1",
        "nbGroupeTP": "1",
        "nbGroupeCMTD": "0",
        "nbEtuInscritElpEtape": "0",
        "nbEtuInscritElpTotal": "6",
        "volumeHoraireElpPondereEtape": "0",
        "volumeHoraireElpTotal": "25",
        "nbEtuInscritPrevisionnelElpEtape": "17",
        "nbEtuInscritPrevisionnelElpTotal": "0",
        "nbEtape": "2"
    },
    {
        "annee": "2024",
        "codeStructureEtape": "AES",
        "libStructureEtape": "Faculté des Sciences",
        "codeEtape": "TM2BSV1",
        "libEtape": "M2 Biologie Végétale / Biologie systémique du végétal (BSV)",
        "noElement": "TBV541B",
        "libElement": "Conventional and organic production and seed technology",
        "codeNatureElp": "MATI",
        "libNatureElp": "Matière",
        "codeCNU": null,
        "libCNU": null,
        "codePeriode": "4",
        "libPeriode": "Enseignement du quatrième semestre",
        "nbHeureCM": "43",
        "nbHeureTD": "6",
        "nbHeureTP": "17",
        "nbHeureCMTD": "0",
        "nbGroupeCM": "1",
        "nbGroupeTD": "1",
        "nbGroupeTP": "1",
        "nbGroupeCMTD": "0",
        "nbEtuInscritElpEtape": "0",
        "nbEtuInscritElpTotal": "4",
        "volumeHoraireElpPondereEtape": "0",
        "volumeHoraireElpTotal": "87.5",
        "nbEtuInscritPrevisionnelElpEtape": "5",
        "nbEtuInscritPrevisionnelElpTotal": "0",
        "nbEtape": "2"
    },
    {
        "annee": "2024",
        "codeStructureEtape": "AES",
        "libStructureEtape": "Faculté des Sciences",
        "codeEtape": "TM2BSV1",
        "libEtape": "M2 Biologie Végétale / Biologie systémique du végétal (BSV)",
        "noElement": "TBV545C2",
        "libElement": "Alternance",
        "codeNatureElp": "STAG",
        "libNatureElp": "Stage",
        "codeCNU": null,
        "libCNU": null,
        "codePeriode": "4",
        "libPeriode": "Enseignement du quatrième semestre",
        "nbHeureCM": "0",
        "nbHeureTD": "12",
        "nbHeureTP": "0",
        "nbHeureCMTD": "0",
        "nbGroupeCM": "1",
        "nbGroupeTD": "1",
        "nbGroupeTP": "1",
        "nbGroupeCMTD": "0",
        "nbEtuInscritElpEtape": "0",
        "nbEtuInscritElpTotal": "0",
        "volumeHoraireElpPondereEtape": "0",
        "volumeHoraireElpTotal": "12",
        "nbEtuInscritPrevisionnelElpEtape": "1",
        "nbEtuInscritPrevisionnelElpTotal": "0",
        "nbEtape": "2"
    },
    {
        "annee": "2024",
        "codeStructureEtape": "AES",
        "libStructureEtape": "Faculté des Sciences",
        "codeEtape": "TM2BSV1",
        "libEtape": "M2 Biologie Végétale / Biologie systémique du végétal (BSV)",
        "noElement": "TBV538",
        "libElement": "Méthodes génétiques de protection des plantes",
        "codeNatureElp": "MATI",
        "libNatureElp": "Matière",
        "codeCNU": "65",
        "libCNU": "Biologie cellulaire",
        "codePeriode": "3",
        "libPeriode": "Enseignement du troisième semestre",
        "nbHeureCM": "7",
        "nbHeureTD": "4",
        "nbHeureTP": "4",
        "nbHeureCMTD": "0",
        "nbGroupeCM": "1",
        "nbGroupeTD": "1",
        "nbGroupeTP": "1",
        "nbGroupeCMTD": "0",
        "nbEtuInscritElpEtape": "0",
        "nbEtuInscritElpTotal": "12",
        "volumeHoraireElpPondereEtape": "0",
        "volumeHoraireElpTotal": "18.5",
        "nbEtuInscritPrevisionnelElpEtape": "22",
        "nbEtuInscritPrevisionnelElpTotal": "0",
        "nbEtape": "2"
    },
    {
        "annee": "2024",
        "codeStructureEtape": "AES",
        "libStructureEtape": "Faculté des Sciences",
        "codeEtape": "TM2BSV1",
        "libEtape": "M2 Biologie Végétale / Biologie systémique du végétal (BSV)",
        "noElement": "TBV536A",
        "libElement": "Écologie des communautés microbiennes associées aux plantes",
        "codeNatureElp": "MATI",
        "libNatureElp": "Matière",
        "codeCNU": "65",
        "libCNU": "Biologie cellulaire",
        "codePeriode": "3",
        "libPeriode": "Enseignement du troisième semestre",
        "nbHeureCM": "10",
        "nbHeureTD": "0",
        "nbHeureTP": "10",
        "nbHeureCMTD": "0",
        "nbGroupeCM": "1",
        "nbGroupeTD": "1",
        "nbGroupeTP": "1",
        "nbGroupeCMTD": "0",
        "nbEtuInscritElpEtape": "0",
        "nbEtuInscritElpTotal": "12",
        "volumeHoraireElpPondereEtape": "0",
        "volumeHoraireElpTotal": "25",
        "nbEtuInscritPrevisionnelElpEtape": "22",
        "nbEtuInscritPrevisionnelElpTotal": "0",
        "nbEtape": "2"
    },
    {
        "annee": "2024",
        "codeStructureEtape": "AES",
        "libStructureEtape": "Faculté des Sciences",
        "codeEtape": "TM2BSV1",
        "libEtape": "M2 Biologie Végétale / Biologie systémique du végétal (BSV)",
        "noElement": "TBV533B",
        "libElement": "Evolution and challenges of French an International indust.",
        "codeNatureElp": "MATI",
        "libNatureElp": "Matière",
        "codeCNU": null,
        "libCNU": null,
        "codePeriode": "3",
        "libPeriode": "Enseignement du troisième semestre",
        "nbHeureCM": "2",
        "nbHeureTD": "2",
        "nbHeureTP": "20",
        "nbHeureCMTD": "0",
        "nbGroupeCM": "1",
        "nbGroupeTD": "1",
        "nbGroupeTP": "1",
        "nbGroupeCMTD": "0",
        "nbEtuInscritElpEtape": "0",
        "nbEtuInscritElpTotal": "5",
        "volumeHoraireElpPondereEtape": "0",
        "volumeHoraireElpTotal": "25",
        "nbEtuInscritPrevisionnelElpEtape": "8",
        "nbEtuInscritPrevisionnelElpTotal": "0",
        "nbEtape": "2"
    },
    {
        "annee": "2024",
        "codeStructureEtape": "AES",
        "libStructureEtape": "Faculté des Sciences",
        "codeEtape": "TM2BSV1",
        "libEtape": "M2 Biologie Végétale / Biologie systémique du végétal (BSV)",
        "noElement": "TBV541C",
        "libElement": "Valorisation des innovations produits et systèmes",
        "codeNatureElp": "MATI",
        "libNatureElp": "Matière",
        "codeCNU": null,
        "libCNU": null,
        "codePeriode": "4",
        "libPeriode": "Enseignement du quatrième semestre",
        "nbHeureCM": "25",
        "nbHeureTD": "14",
        "nbHeureTP": "0",
        "nbHeureCMTD": "0",
        "nbGroupeCM": "1",
        "nbGroupeTD": "1",
        "nbGroupeTP": "1",
        "nbGroupeCMTD": "0",
        "nbEtuInscritElpEtape": "0",
        "nbEtuInscritElpTotal": "12",
        "volumeHoraireElpPondereEtape": "0",
        "volumeHoraireElpTotal": "51.5",
        "nbEtuInscritPrevisionnelElpEtape": "10",
        "nbEtuInscritPrevisionnelElpTotal": "0",
        "nbEtape": "2"
    },
    {
        "annee": "2024",
        "codeStructureEtape": "AES",
        "libStructureEtape": "Faculté des Sciences",
        "codeEtape": "TM2BSV1",
        "libEtape": "M2 Biologie Végétale / Biologie systémique du végétal (BSV)",
        "noElement": "TBV545B1",
        "libElement": "Stage",
        "codeNatureElp": "STAG",
        "libNatureElp": "Stage",
        "codeCNU": null,
        "libCNU": null,
        "codePeriode": "4",
        "libPeriode": "Enseignement du quatrième semestre",
        "nbHeureCM": "0",
        "nbHeureTD": "4",
        "nbHeureTP": "0",
        "nbHeureCMTD": "0",
        "nbGroupeCM": "5",
        "nbGroupeTD": "5",
        "nbGroupeTP": "5",
        "nbGroupeCMTD": "0",
        "nbEtuInscritElpEtape": "0",
        "nbEtuInscritElpTotal": "5",
        "volumeHoraireElpPondereEtape": "0",
        "volumeHoraireElpTotal": "20",
        "nbEtuInscritPrevisionnelElpEtape": "7",
        "nbEtuInscritPrevisionnelElpTotal": "0",
        "nbEtape": "2"
    },
    {
        "annee": "2024",
        "codeStructureEtape": "AES",
        "libStructureEtape": "Faculté des Sciences",
        "codeEtape": "TM2BSV1",
        "libEtape": "M2 Biologie Végétale / Biologie systémique du végétal (BSV)",
        "noElement": "TBV544",
        "libElement": "Communication scientifique",
        "codeNatureElp": "MATI",
        "libNatureElp": "Matière",
        "codeCNU": "71",
        "libCNU": "Sciences de l'information et de la communication",
        "codePeriode": "4",
        "libPeriode": "Enseignement du quatrième semestre",
        "nbHeureCM": "0",
        "nbHeureTD": "5",
        "nbHeureTP": "0",
        "nbHeureCMTD": "0",
        "nbGroupeCM": "1",
        "nbGroupeTD": "1",
        "nbGroupeTP": "1",
        "nbGroupeCMTD": "0",
        "nbEtuInscritElpEtape": "0",
        "nbEtuInscritElpTotal": "7",
        "volumeHoraireElpPondereEtape": "0",
        "volumeHoraireElpTotal": "5",
        "nbEtuInscritPrevisionnelElpEtape": "8",
        "nbEtuInscritPrevisionnelElpTotal": "0",
        "nbEtape": "4"
    },
    {
        "annee": "2024",
        "codeStructureEtape": "AES",
        "libStructureEtape": "Faculté des Sciences",
        "codeEtape": "TM2BSV1",
        "libEtape": "M2 Biologie Végétale / Biologie systémique du végétal (BSV)",
        "noElement": "TBV539",
        "libElement": "Projet commandité",
        "codeNatureElp": "MATI",
        "libNatureElp": "Matière",
        "codeCNU": "05",
        "libCNU": "Sciences économiques",
        "codePeriode": "3",
        "libPeriode": "Enseignement du troisième semestre",
        "nbHeureCM": "7",
        "nbHeureTD": "3",
        "nbHeureTP": "0",
        "nbHeureCMTD": "0",
        "nbGroupeCM": "1",
        "nbGroupeTD": "1",
        "nbGroupeTP": "2",
        "nbGroupeCMTD": "0",
        "nbEtuInscritElpEtape": "0",
        "nbEtuInscritElpTotal": "29",
        "volumeHoraireElpPondereEtape": "0",
        "volumeHoraireElpTotal": "13.5",
        "nbEtuInscritPrevisionnelElpEtape": "40",
        "nbEtuInscritPrevisionnelElpTotal": "0",
        "nbEtape": "4"
    },
    {
        "annee": "2024",
        "codeStructureEtape": "AES",
        "libStructureEtape": "Faculté des Sciences",
        "codeEtape": "TM2BSV1",
        "libEtape": "M2 Biologie Végétale / Biologie systémique du végétal (BSV)",
        "noElement": "TBV542B",
        "libElement": "Biocontrol and biostimulation of seed and clonal material",
        "codeNatureElp": "MATI",
        "libNatureElp": "Matière",
        "codeCNU": "65",
        "libCNU": "Biologie cellulaire",
        "codePeriode": "4",
        "libPeriode": "Enseignement du quatrième semestre",
        "nbHeureCM": "12",
        "nbHeureTD": "4",
        "nbHeureTP": "6",
        "nbHeureCMTD": "0",
        "nbGroupeCM": "1",
        "nbGroupeTD": "1",
        "nbGroupeTP": "1",
        "nbGroupeCMTD": "0",
        "nbEtuInscritElpEtape": "0",
        "nbEtuInscritElpTotal": "4",
        "volumeHoraireElpPondereEtape": "0",
        "volumeHoraireElpTotal": "28",
        "nbEtuInscritPrevisionnelElpEtape": "5",
        "nbEtuInscritPrevisionnelElpTotal": "0",
        "nbEtape": "2"
    },
    {
        "annee": "2024",
        "codeStructureEtape": "AES",
        "libStructureEtape": "Faculté des Sciences",
        "codeEtape": "TM2BSV1",
        "libEtape": "M2 Biologie Végétale / Biologie systémique du végétal (BSV)",
        "noElement": "TBV535A",
        "libElement": "Interactions hôtes-parasites",
        "codeNatureElp": "MATI",
        "libNatureElp": "Matière",
        "codeCNU": "65",
        "libCNU": "Biologie cellulaire",
        "codePeriode": "3",
        "libPeriode": "Enseignement du troisième semestre",
        "nbHeureCM": "20",
        "nbHeureTD": "0",
        "nbHeureTP": "10",
        "nbHeureCMTD": "0",
        "nbGroupeCM": "1",
        "nbGroupeTD": "1",
        "nbGroupeTP": "1",
        "nbGroupeCMTD": "0",
        "nbEtuInscritElpEtape": "0",
        "nbEtuInscritElpTotal": "12",
        "volumeHoraireElpPondereEtape": "0",
        "volumeHoraireElpTotal": "40",
        "nbEtuInscritPrevisionnelElpEtape": "22",
        "nbEtuInscritPrevisionnelElpTotal": "0",
        "nbEtape": "2"
    },
    {
        "annee": "2024",
        "codeStructureEtape": "AES",
        "libStructureEtape": "Faculté des Sciences",
        "codeEtape": "TM2BSV1",
        "libEtape": "M2 Biologie Végétale / Biologie systémique du végétal (BSV)",
        "noElement": "TBV545B2",
        "libElement": "Alternance",
        "codeNatureElp": "STAG",
        "libNatureElp": "Stage",
        "codeCNU": null,
        "libCNU": null,
        "codePeriode": "4",
        "libPeriode": "Enseignement du quatrième semestre",
        "nbHeureCM": "0",
        "nbHeureTD": "12",
        "nbHeureTP": "0",
        "nbHeureCMTD": "0",
        "nbGroupeCM": "1",
        "nbGroupeTD": "1",
        "nbGroupeTP": "1",
        "nbGroupeCMTD": "0",
        "nbEtuInscritElpEtape": "0",
        "nbEtuInscritElpTotal": "1",
        "volumeHoraireElpPondereEtape": "0",
        "volumeHoraireElpTotal": "12",
        "nbEtuInscritPrevisionnelElpEtape": "1",
        "nbEtuInscritPrevisionnelElpTotal": "0",
        "nbEtape": "2"
    },
    {
        "annee": "2024",
        "codeStructureEtape": "AES",
        "libStructureEtape": "Faculté des Sciences",
        "codeEtape": "TM2BSV1",
        "libEtape": "M2 Biologie Végétale / Biologie systémique du végétal (BSV)",
        "noElement": "TBV534A",
        "libElement": "Signalisation des plantes cultivées",
        "codeNatureElp": "MATI",
        "libNatureElp": "Matière",
        "codeCNU": "66",
        "libCNU": "Physiologie",
        "codePeriode": "3",
        "libPeriode": "Enseignement du troisième semestre",
        "nbHeureCM": "16",
        "nbHeureTD": "9",
        "nbHeureTP": "0",
        "nbHeureCMTD": "0",
        "nbGroupeCM": "1",
        "nbGroupeTD": "1",
        "nbGroupeTP": "1",
        "nbGroupeCMTD": "0",
        "nbEtuInscritElpEtape": "0",
        "nbEtuInscritElpTotal": "12",
        "volumeHoraireElpPondereEtape": "0",
        "volumeHoraireElpTotal": "33",
        "nbEtuInscritPrevisionnelElpEtape": "22",
        "nbEtuInscritPrevisionnelElpTotal": "0",
        "nbEtape": "2"
    },
    {
        "annee": "2024",
        "codeStructureEtape": "AES",
        "libStructureEtape": "Faculté des Sciences",
        "codeEtape": "TM2BSV1",
        "libEtape": "M2 Biologie Végétale / Biologie systémique du végétal (BSV)",
        "noElement": "TBV537",
        "libElement": "Méthodes de protection des plantes 1",
        "codeNatureElp": "MATI",
        "libNatureElp": "Matière",
        "codeCNU": "65",
        "libCNU": "Biologie cellulaire",
        "codePeriode": "3",
        "libPeriode": "Enseignement du troisième semestre",
        "nbHeureCM": "35",
        "nbHeureTD": "0",
        "nbHeureTP": "10",
        "nbHeureCMTD": "0",
        "nbGroupeCM": "1",
        "nbGroupeTD": "1",
        "nbGroupeTP": "1",
        "nbGroupeCMTD": "0",
        "nbEtuInscritElpEtape": "0",
        "nbEtuInscritElpTotal": "12",
        "volumeHoraireElpPondereEtape": "0",
        "volumeHoraireElpTotal": "62.5",
        "nbEtuInscritPrevisionnelElpEtape": "22",
        "nbEtuInscritPrevisionnelElpTotal": "0",
        "nbEtape": "2"
    },
    {
        "annee": "2024",
        "codeStructureEtape": "AES",
        "libStructureEtape": "Faculté des Sciences",
        "codeEtape": "TM2BSV1",
        "libEtape": "M2 Biologie Végétale / Biologie systémique du végétal (BSV)",
        "noElement": "TBV531C",
        "libElement": "Comprendre et analyser les enjeux de l'horticulture",
        "codeNatureElp": "MATI",
        "libNatureElp": "Matière",
        "codeCNU": null,
        "libCNU": null,
        "codePeriode": "3",
        "libPeriode": "Enseignement du troisième semestre",
        "nbHeureCM": "85",
        "nbHeureTD": "16",
        "nbHeureTP": "40",
        "nbHeureCMTD": "0",
        "nbGroupeCM": "1",
        "nbGroupeTD": "1",
        "nbGroupeTP": "1",
        "nbGroupeCMTD": "0",
        "nbEtuInscritElpEtape": "0",
        "nbEtuInscritElpTotal": "12",
        "volumeHoraireElpPondereEtape": "0",
        "volumeHoraireElpTotal": "183.5",
        "nbEtuInscritPrevisionnelElpEtape": "10",
        "nbEtuInscritPrevisionnelElpTotal": "0",
        "nbEtape": "2"
    },
    {
        "annee": "2024",
        "codeStructureEtape": "AES",
        "libStructureEtape": "Faculté des Sciences",
        "codeEtape": "TM2BSV1",
        "libEtape": "M2 Biologie Végétale / Biologie systémique du végétal (BSV)",
        "noElement": "TBV533C",
        "libElement": "Management et résilience pour les filières du végétal spé",
        "codeNatureElp": "MATI",
        "libNatureElp": "Matière",
        "codeCNU": null,
        "libCNU": null,
        "codePeriode": "3",
        "libPeriode": "Enseignement du troisième semestre",
        "nbHeureCM": "32",
        "nbHeureTD": "42",
        "nbHeureTP": "2",
        "nbHeureCMTD": "0",
        "nbGroupeCM": "1",
        "nbGroupeTD": "1",
        "nbGroupeTP": "1",
        "nbGroupeCMTD": "0",
        "nbEtuInscritElpEtape": "0",
        "nbEtuInscritElpTotal": "12",
        "volumeHoraireElpPondereEtape": "0",
        "volumeHoraireElpTotal": "92",
        "nbEtuInscritPrevisionnelElpEtape": "10",
        "nbEtuInscritPrevisionnelElpTotal": "0",
        "nbEtape": "2"
    }
]