[
    {
        "annee": "2024",
        "codeStructureEtape": "AES",
        "libStructureEtape": "Faculté des Sciences",
        "codeEtape": "TM1BS3",
        "libEtape": "M1 Biologie Santé / Cursus Sciences",
        "noElement": "TBS426B",
        "libElement": "Neurosciences cognitives et cliniques",
        "codeNatureElp": "MATI",
        "libNatureElp": "Matière",
        "codeCNU": "69",
        "libCNU": "Neurosciences",
        "codePeriode": "2",
        "libPeriode": "Enseignement du second semestre",
        "nbHeureCM": "27",
        "nbHeureTD": "0",
        "nbHeureTP": "0",
        "nbHeureCMTD": "0",
        "nbGroupeCM": "1",
        "nbGroupeTD": "1",
        "nbGroupeTP": "2",
        "nbGroupeCMTD": "0",
        "nbEtuInscritElpEtape": "21",
        "nbEtuInscritElpTotal": "21",
        "volumeHoraireElpPondereEtape": "40.5",
        "volumeHoraireElpTotal": "40.5",
        "nbEtuInscritPrevisionnelElpEtape": "25",
        "nbEtuInscritPrevisionnelElpTotal": "25",
        "nbEtape": "1"
    },
    {
        "annee": "2024",
        "codeStructureEtape": "AES",
        "libStructureEtape": "Faculté des Sciences",
        "codeEtape": "TM1BS3",
        "libEtape": "M1 Biologie Santé / Cursus Sciences",
        "noElement": "O4CH2R",
        "libElement": "Immobilité et difficultés de mouvement",
        "codeNatureElp": "CHAR",
        "libNatureElp": "Charges d'Enseignement",
        "codeCNU": "4402",
        "libCNU": "Physiologie",
        "codePeriode": "2",
        "libPeriode": "Enseignement du second semestre",
        "nbHeureCM": "27",
        "nbHeureTD": "0",
        "nbHeureTP": "0",
        "nbHeureCMTD": "0",
        "nbGroupeCM": "1",
        "nbGroupeTD": "0",
        "nbGroupeTP": "0",
        "nbGroupeCMTD": "0",
        "nbEtuInscritElpEtape": "18",
        "nbEtuInscritElpTotal": "59",
        "volumeHoraireElpPondereEtape": "12.36",
        "volumeHoraireElpTotal": "40.5",
        "nbEtuInscritPrevisionnelElpEtape": "60",
        "nbEtuInscritPrevisionnelElpTotal": "7",
        "nbEtape": "4"
    },
    {
        "annee": "2024",
        "codeStructureEtape": "AES",
        "libStructureEtape": "Faculté des Sciences",
        "codeEtape": "TM1BS3",
        "libEtape": "M1 Biologie Santé / Cursus Sciences",
        "noElement": "TCH405",
        "libElement": "Altérations génomiques, pharmacogénétique, épigénétique",
        "codeNatureElp": "CHAR",
        "libNatureElp": "Charges d'Enseignement",
        "codeCNU": "64",
        "libCNU": "Biochimie, biologie moléculaire",
        "codePeriode": "1",
        "libPeriode": "Enseignement du premier semestre",
        "nbHeureCM": "24",
        "nbHeureTD": "3",
        "nbHeureTP": "0",
        "nbHeureCMTD": "0",
        "nbGroupeCM": "1",
        "nbGroupeTD": "2",
        "nbGroupeTP": "3",
        "nbGroupeCMTD": "0",
        "nbEtuInscritElpEtape": "41",
        "nbEtuInscritElpTotal": "53",
        "volumeHoraireElpPondereEtape": "32.49",
        "volumeHoraireElpTotal": "42",
        "nbEtuInscritPrevisionnelElpEtape": "55",
        "nbEtuInscritPrevisionnelElpTotal": "43",
        "nbEtape": "2"
    },
    {
        "annee": "2024",
        "codeStructureEtape": "AES",
        "libStructureEtape": "Faculté des Sciences",
        "codeEtape": "TM1BS3",
        "libEtape": "M1 Biologie Santé / Cursus Sciences",
        "noElement": "TBS423",
        "libElement": "Vecteurs thérapeutiques",
        "codeNatureElp": "MATI",
        "libNatureElp": "Matière",
        "codeCNU": "65",
        "libCNU": "Biologie cellulaire",
        "codePeriode": "2",
        "libPeriode": "Enseignement du second semestre",
        "nbHeureCM": "20",
        "nbHeureTD": "7",
        "nbHeureTP": "0",
        "nbHeureCMTD": "0",
        "nbGroupeCM": "1",
        "nbGroupeTD": "2",
        "nbGroupeTP": "3",
        "nbGroupeCMTD": "0",
        "nbEtuInscritElpEtape": "41",
        "nbEtuInscritElpTotal": "41",
        "volumeHoraireElpPondereEtape": "44",
        "volumeHoraireElpTotal": "44",
        "nbEtuInscritPrevisionnelElpEtape": "41",
        "nbEtuInscritPrevisionnelElpTotal": "41",
        "nbEtape": "1"
    },
    {
        "annee": "2024",
        "codeStructureEtape": "AES",
        "libStructureEtape": "Faculté des Sciences",
        "codeEtape": "TM1BS3",
        "libEtape": "M1 Biologie Santé / Cursus Sciences",
        "noElement": "TBS421B",
        "libElement": "Projet Scientifique Data challenge",
        "codeNatureElp": "PRJ",
        "libNatureElp": "Projet",
        "codeCNU": null,
        "libCNU": null,
        "codePeriode": "2",
        "libPeriode": "Enseignement du second semestre",
        "nbHeureCM": "0",
        "nbHeureTD": "0",
        "nbHeureTP": "22",
        "nbHeureCMTD": "0",
        "nbGroupeCM": "1",
        "nbGroupeTD": "2",
        "nbGroupeTP": "3",
        "nbGroupeCMTD": "0",
        "nbEtuInscritElpEtape": "41",
        "nbEtuInscritElpTotal": "41",
        "volumeHoraireElpPondereEtape": "66",
        "volumeHoraireElpTotal": "66",
        "nbEtuInscritPrevisionnelElpEtape": "41",
        "nbEtuInscritPrevisionnelElpTotal": "41",
        "nbEtape": "1"
    },
    {
        "annee": "2024",
        "codeStructureEtape": "AES",
        "libStructureEtape": "Faculté des Sciences",
        "codeEtape": "TM1BS3",
        "libEtape": "M1 Biologie Santé / Cursus Sciences",
        "noElement": "TBS414A",
        "libElement": "Biologie moléculaire de la transcription et traduction",
        "codeNatureElp": "MATI",
        "libNatureElp": "Matière",
        "codeCNU": "65",
        "libCNU": "Biologie cellulaire",
        "codePeriode": "1",
        "libPeriode": "Enseignement du premier semestre",
        "nbHeureCM": "27",
        "nbHeureTD": "0",
        "nbHeureTP": "0",
        "nbHeureCMTD": "0",
        "nbGroupeCM": "1",
        "nbGroupeTD": "0",
        "nbGroupeTP": "0",
        "nbGroupeCMTD": "0",
        "nbEtuInscritElpEtape": "41",
        "nbEtuInscritElpTotal": "41",
        "volumeHoraireElpPondereEtape": "40.5",
        "volumeHoraireElpTotal": "40.5",
        "nbEtuInscritPrevisionnelElpEtape": "43",
        "nbEtuInscritPrevisionnelElpTotal": "43",
        "nbEtape": "1"
    },
    {
        "annee": "2024",
        "codeStructureEtape": "AES",
        "libStructureEtape": "Faculté des Sciences",
        "codeEtape": "TM1BS3",
        "libEtape": "M1 Biologie Santé / Cursus Sciences",
        "noElement": "TBS411B",
        "libElement": "Projet Personnel Professionnel",
        "codeNatureElp": "PRJ",
        "libNatureElp": "Projet",
        "codeCNU": null,
        "libCNU": null,
        "codePeriode": "1",
        "libPeriode": "Enseignement du premier semestre",
        "nbHeureCM": "0",
        "nbHeureTD": "0",
        "nbHeureTP": "23",
        "nbHeureCMTD": "0",
        "nbGroupeCM": "1",
        "nbGroupeTD": "2",
        "nbGroupeTP": "3",
        "nbGroupeCMTD": "0",
        "nbEtuInscritElpEtape": "41",
        "nbEtuInscritElpTotal": "41",
        "volumeHoraireElpPondereEtape": "69",
        "volumeHoraireElpTotal": "69",
        "nbEtuInscritPrevisionnelElpEtape": "43",
        "nbEtuInscritPrevisionnelElpTotal": "43",
        "nbEtape": "1"
    },
    {
        "annee": "2024",
        "codeStructureEtape": "AES",
        "libStructureEtape": "Faculté des Sciences",
        "codeEtape": "TM1BS3",
        "libEtape": "M1 Biologie Santé / Cursus Sciences",
        "noElement": "TBS415A",
        "libElement": "Immunologie fondamentale",
        "codeNatureElp": "MATI",
        "libNatureElp": "Matière",
        "codeCNU": "65",
        "libCNU": "Biologie cellulaire",
        "codePeriode": "1",
        "libPeriode": "Enseignement du premier semestre",
        "nbHeureCM": "22",
        "nbHeureTD": "5",
        "nbHeureTP": "0",
        "nbHeureCMTD": "0",
        "nbGroupeCM": "1",
        "nbGroupeTD": "2",
        "nbGroupeTP": "3",
        "nbGroupeCMTD": "0",
        "nbEtuInscritElpEtape": "41",
        "nbEtuInscritElpTotal": "41",
        "volumeHoraireElpPondereEtape": "43",
        "volumeHoraireElpTotal": "43",
        "nbEtuInscritPrevisionnelElpEtape": "43",
        "nbEtuInscritPrevisionnelElpTotal": "43",
        "nbEtape": "1"
    },
    {
        "annee": "2024",
        "codeStructureEtape": "AES",
        "libStructureEtape": "Faculté des Sciences",
        "codeEtape": "TM1BS3",
        "libEtape": "M1 Biologie Santé / Cursus Sciences",
        "noElement": "TBS421A",
        "libElement": "Anglais - semestre 2",
        "codeNatureElp": "MATI",
        "libNatureElp": "Matière",
        "codeCNU": "11",
        "libCNU": "Langues et littératures anglaises et anglo-saxonnes",
        "codePeriode": "2",
        "libPeriode": "Enseignement du second semestre",
        "nbHeureCM": "0",
        "nbHeureTD": "0",
        "nbHeureTP": "12",
        "nbHeureCMTD": "0",
        "nbGroupeCM": "1",
        "nbGroupeTD": "1",
        "nbGroupeTP": "2",
        "nbGroupeCMTD": "0",
        "nbEtuInscritElpEtape": "40",
        "nbEtuInscritElpTotal": "40",
        "volumeHoraireElpPondereEtape": "24",
        "volumeHoraireElpTotal": "24",
        "nbEtuInscritPrevisionnelElpEtape": "41",
        "nbEtuInscritPrevisionnelElpTotal": "41",
        "nbEtape": "1"
    },
    {
        "annee": "2024",
        "codeStructureEtape": "AES",
        "libStructureEtape": "Faculté des Sciences",
        "codeEtape": "TM1BS3",
        "libEtape": "M1 Biologie Santé / Cursus Sciences",
        "noElement": "TBS412B",
        "libElement": "Biostatistique",
        "codeNatureElp": "MATI",
        "libNatureElp": "Matière",
        "codeCNU": "64",
        "libCNU": "Biochimie, biologie moléculaire",
        "codePeriode": "1",
        "libPeriode": "Enseignement du premier semestre",
        "nbHeureCM": "0",
        "nbHeureTD": "0",
        "nbHeureTP": "20",
        "nbHeureCMTD": "0",
        "nbGroupeCM": "1",
        "nbGroupeTD": "2",
        "nbGroupeTP": "3",
        "nbGroupeCMTD": "0",
        "nbEtuInscritElpEtape": "41",
        "nbEtuInscritElpTotal": "41",
        "volumeHoraireElpPondereEtape": "60",
        "volumeHoraireElpTotal": "60",
        "nbEtuInscritPrevisionnelElpEtape": "43",
        "nbEtuInscritPrevisionnelElpTotal": "43",
        "nbEtape": "1"
    },
    {
        "annee": "2024",
        "codeStructureEtape": "AES",
        "libStructureEtape": "Faculté des Sciences",
        "codeEtape": "TM1BS3",
        "libEtape": "M1 Biologie Santé / Cursus Sciences",
        "noElement": "O4CH2A",
        "libElement": "Physiopathologie des maladies cancéreuses",
        "codeNatureElp": "CHAR",
        "libNatureElp": "Charges d'Enseignement",
        "codeCNU": "65",
        "libCNU": "Biologie cellulaire",
        "codePeriode": "2",
        "libPeriode": "Enseignement du second semestre",
        "nbHeureCM": "27",
        "nbHeureTD": "0",
        "nbHeureTP": "0",
        "nbHeureCMTD": "0",
        "nbGroupeCM": "1",
        "nbGroupeTD": "2",
        "nbGroupeTP": "0",
        "nbGroupeCMTD": "0",
        "nbEtuInscritElpEtape": "7",
        "nbEtuInscritElpTotal": "72",
        "volumeHoraireElpPondereEtape": "3.94",
        "volumeHoraireElpTotal": "40.5",
        "nbEtuInscritPrevisionnelElpEtape": "82",
        "nbEtuInscritPrevisionnelElpTotal": "14",
        "nbEtape": "6"
    },
    {
        "annee": "2024",
        "codeStructureEtape": "AES",
        "libStructureEtape": "Faculté des Sciences",
        "codeEtape": "TM1BS3",
        "libEtape": "M1 Biologie Santé / Cursus Sciences",
        "noElement": "TBS416",
        "libElement": "Travaux pratiques intégrés",
        "codeNatureElp": "MATI",
        "libNatureElp": "Matière",
        "codeCNU": "65",
        "libCNU": "Biologie cellulaire",
        "codePeriode": "1",
        "libPeriode": "Enseignement du premier semestre",
        "nbHeureCM": "0",
        "nbHeureTD": "10",
        "nbHeureTP": "40",
        "nbHeureCMTD": "0",
        "nbGroupeCM": "1",
        "nbGroupeTD": "2",
        "nbGroupeTP": "3",
        "nbGroupeCMTD": "0",
        "nbEtuInscritElpEtape": "41",
        "nbEtuInscritElpTotal": "41",
        "volumeHoraireElpPondereEtape": "140",
        "volumeHoraireElpTotal": "140",
        "nbEtuInscritPrevisionnelElpEtape": "43",
        "nbEtuInscritPrevisionnelElpTotal": "43",
        "nbEtape": "1"
    },
    {
        "annee": "2024",
        "codeStructureEtape": "AES",
        "libStructureEtape": "Faculté des Sciences",
        "codeEtape": "TM1BS3",
        "libEtape": "M1 Biologie Santé / Cursus Sciences",
        "noElement": "TBS422",
        "libElement": "Stage",
        "codeNatureElp": "STAG",
        "libNatureElp": "Stage",
        "codeCNU": null,
        "libCNU": null,
        "codePeriode": "2",
        "libPeriode": "Enseignement du second semestre",
        "nbHeureCM": "0",
        "nbHeureTD": "3",
        "nbHeureTP": "0",
        "nbHeureCMTD": "0",
        "nbGroupeCM": "40",
        "nbGroupeTD": "40",
        "nbGroupeTP": "40",
        "nbGroupeCMTD": "0",
        "nbEtuInscritElpEtape": "40",
        "nbEtuInscritElpTotal": "40",
        "volumeHoraireElpPondereEtape": "120",
        "volumeHoraireElpTotal": "120",
        "nbEtuInscritPrevisionnelElpEtape": "41",
        "nbEtuInscritPrevisionnelElpTotal": "41",
        "nbEtape": "1"
    },
    {
        "annee": "2024",
        "codeStructureEtape": "AES",
        "libStructureEtape": "Faculté des Sciences",
        "codeEtape": "TM1BS3",
        "libEtape": "M1 Biologie Santé / Cursus Sciences",
        "noElement": "O4CH2O",
        "libElement": "FORMEDEA",
        "codeNatureElp": "CHAR",
        "libNatureElp": "Charges d'Enseignement",
        "codeCNU": "65",
        "libCNU": "Biologie cellulaire",
        "codePeriode": "1",
        "libPeriode": "Enseignement du premier semestre",
        "nbHeureCM": "27",
        "nbHeureTD": "0",
        "nbHeureTP": "0",
        "nbHeureCMTD": "0",
        "nbGroupeCM": "1",
        "nbGroupeTD": "0",
        "nbGroupeTP": "0",
        "nbGroupeCMTD": "0",
        "nbEtuInscritElpEtape": "13",
        "nbEtuInscritElpTotal": "95",
        "volumeHoraireElpPondereEtape": "5.54",
        "volumeHoraireElpTotal": "40.5",
        "nbEtuInscritPrevisionnelElpEtape": "91",
        "nbEtuInscritPrevisionnelElpTotal": "9",
        "nbEtape": "7"
    },
    {
        "annee": "2024",
        "codeStructureEtape": "AES",
        "libStructureEtape": "Faculté des Sciences",
        "codeEtape": "TM1BS3",
        "libEtape": "M1 Biologie Santé / Cursus Sciences",
        "noElement": "TCH404",
        "libElement": "Oncogénèse 1",
        "codeNatureElp": "CHAR",
        "libNatureElp": "Charges d'Enseignement",
        "codeCNU": "64",
        "libCNU": "Biochimie, biologie moléculaire",
        "codePeriode": "1",
        "libPeriode": "Enseignement du premier semestre",
        "nbHeureCM": "21.33",
        "nbHeureTD": "6.67",
        "nbHeureTP": "0",
        "nbHeureCMTD": "0",
        "nbGroupeCM": "1",
        "nbGroupeTD": "2",
        "nbGroupeTP": "3",
        "nbGroupeCMTD": "0",
        "nbEtuInscritElpEtape": "41",
        "nbEtuInscritElpTotal": "53",
        "volumeHoraireElpPondereEtape": "35.07",
        "volumeHoraireElpTotal": "45.34",
        "nbEtuInscritPrevisionnelElpEtape": "55",
        "nbEtuInscritPrevisionnelElpTotal": "43",
        "nbEtape": "2"
    },
    {
        "annee": "2024",
        "codeStructureEtape": "AES",
        "libStructureEtape": "Faculté des Sciences",
        "codeEtape": "TM1BS3",
        "libEtape": "M1 Biologie Santé / Cursus Sciences",
        "noElement": "TBS415D",
        "libElement": "Bases de la physiologie cardio vasculaire et integrative",
        "codeNatureElp": "MATI",
        "libNatureElp": "Matière",
        "codeCNU": "66",
        "libCNU": "Physiologie",
        "codePeriode": "1",
        "libPeriode": "Enseignement du premier semestre",
        "nbHeureCM": "27",
        "nbHeureTD": "0",
        "nbHeureTP": "0",
        "nbHeureCMTD": "0",
        "nbGroupeCM": "1",
        "nbGroupeTD": "2",
        "nbGroupeTP": "3",
        "nbGroupeCMTD": "0",
        "nbEtuInscritElpEtape": "41",
        "nbEtuInscritElpTotal": "41",
        "volumeHoraireElpPondereEtape": "40.5",
        "volumeHoraireElpTotal": "40.5",
        "nbEtuInscritPrevisionnelElpEtape": "43",
        "nbEtuInscritPrevisionnelElpTotal": "43",
        "nbEtape": "1"
    },
    {
        "annee": "2024",
        "codeStructureEtape": "AES",
        "libStructureEtape": "Faculté des Sciences",
        "codeEtape": "TM1BS3",
        "libEtape": "M1 Biologie Santé / Cursus Sciences",
        "noElement": "TBS425B",
        "libElement": "Neuropharmacologie",
        "codeNatureElp": "MATI",
        "libNatureElp": "Matière",
        "codeCNU": "69",
        "libCNU": "Neurosciences",
        "codePeriode": "2",
        "libPeriode": "Enseignement du second semestre",
        "nbHeureCM": "19",
        "nbHeureTD": "8",
        "nbHeureTP": "0",
        "nbHeureCMTD": "0",
        "nbGroupeCM": "1",
        "nbGroupeTD": "1",
        "nbGroupeTP": "2",
        "nbGroupeCMTD": "0",
        "nbEtuInscritElpEtape": "21",
        "nbEtuInscritElpTotal": "21",
        "volumeHoraireElpPondereEtape": "36.5",
        "volumeHoraireElpTotal": "36.5",
        "nbEtuInscritPrevisionnelElpEtape": "25",
        "nbEtuInscritPrevisionnelElpTotal": "25",
        "nbEtape": "1"
    },
    {
        "annee": "2024",
        "codeStructureEtape": "AES",
        "libStructureEtape": "Faculté des Sciences",
        "codeEtape": "TM1BS3",
        "libEtape": "M1 Biologie Santé / Cursus Sciences",
        "noElement": "TCH408",
        "libElement": "Oncogénèse 2",
        "codeNatureElp": "CHAR",
        "libNatureElp": "Charges d'Enseignement",
        "codeCNU": "64",
        "libCNU": "Biochimie, biologie moléculaire",
        "codePeriode": "2",
        "libPeriode": "Enseignement du second semestre",
        "nbHeureCM": "21.33",
        "nbHeureTD": "6.67",
        "nbHeureTP": "0",
        "nbHeureCMTD": "0",
        "nbGroupeCM": "1",
        "nbGroupeTD": "1",
        "nbGroupeTP": "1",
        "nbGroupeCMTD": "0",
        "nbEtuInscritElpEtape": "8",
        "nbEtuInscritElpTotal": "8",
        "volumeHoraireElpPondereEtape": "38.67",
        "volumeHoraireElpTotal": "38.67",
        "nbEtuInscritPrevisionnelElpEtape": "14",
        "nbEtuInscritPrevisionnelElpTotal": "14",
        "nbEtape": "2"
    },
    {
        "annee": "2024",
        "codeStructureEtape": "AES",
        "libStructureEtape": "Faculté des Sciences",
        "codeEtape": "TM1BS3",
        "libEtape": "M1 Biologie Santé / Cursus Sciences",
        "noElement": "TBS424A",
        "libElement": "Ingénierie des macromécules",
        "codeNatureElp": "MATI",
        "libNatureElp": "Matière",
        "codeCNU": "64",
        "libCNU": "Biochimie, biologie moléculaire",
        "codePeriode": "2",
        "libPeriode": "Enseignement du second semestre",
        "nbHeureCM": "24",
        "nbHeureTD": "3",
        "nbHeureTP": "0",
        "nbHeureCMTD": "0",
        "nbGroupeCM": "1",
        "nbGroupeTD": "1",
        "nbGroupeTP": "0",
        "nbGroupeCMTD": "0",
        "nbEtuInscritElpEtape": "40",
        "nbEtuInscritElpTotal": "40",
        "volumeHoraireElpPondereEtape": "39",
        "volumeHoraireElpTotal": "39",
        "nbEtuInscritPrevisionnelElpEtape": "41",
        "nbEtuInscritPrevisionnelElpTotal": "41",
        "nbEtape": "1"
    },
    {
        "annee": "2024",
        "codeStructureEtape": "AES",
        "libStructureEtape": "Faculté des Sciences",
        "codeEtape": "TM1BS3",
        "libEtape": "M1 Biologie Santé / Cursus Sciences",
        "noElement": "TBS427B",
        "libElement": "Neuropathologie et cibles thérapeutiques",
        "codeNatureElp": "MATI",
        "libNatureElp": "Matière",
        "codeCNU": "69",
        "libCNU": "Neurosciences",
        "codePeriode": "2",
        "libPeriode": "Enseignement du second semestre",
        "nbHeureCM": "27",
        "nbHeureTD": "0",
        "nbHeureTP": "0",
        "nbHeureCMTD": "0",
        "nbGroupeCM": "1",
        "nbGroupeTD": "1",
        "nbGroupeTP": "1",
        "nbGroupeCMTD": "0",
        "nbEtuInscritElpEtape": "11",
        "nbEtuInscritElpTotal": "11",
        "volumeHoraireElpPondereEtape": "40.5",
        "volumeHoraireElpTotal": "40.5",
        "nbEtuInscritPrevisionnelElpEtape": "13",
        "nbEtuInscritPrevisionnelElpTotal": "13",
        "nbEtape": "1"
    },
    {
        "annee": "2024",
        "codeStructureEtape": "AES",
        "libStructureEtape": "Faculté des Sciences",
        "codeEtape": "TM1BS3",
        "libEtape": "M1 Biologie Santé / Cursus Sciences",
        "noElement": "TBS411A",
        "libElement": "Anglais - semestre 1",
        "codeNatureElp": "MATI",
        "libNatureElp": "Matière",
        "codeCNU": "11",
        "libCNU": "Langues et littératures anglaises et anglo-saxonnes",
        "codePeriode": "1",
        "libPeriode": "Enseignement du premier semestre",
        "nbHeureCM": "0",
        "nbHeureTD": "0",
        "nbHeureTP": "12",
        "nbHeureCMTD": "0",
        "nbGroupeCM": "1",
        "nbGroupeTD": "2",
        "nbGroupeTP": "3",
        "nbGroupeCMTD": "0",
        "nbEtuInscritElpEtape": "41",
        "nbEtuInscritElpTotal": "41",
        "volumeHoraireElpPondereEtape": "36",
        "volumeHoraireElpTotal": "36",
        "nbEtuInscritPrevisionnelElpEtape": "43",
        "nbEtuInscritPrevisionnelElpTotal": "43",
        "nbEtape": "1"
    },
    {
        "annee": "2024",
        "codeStructureEtape": "AES",
        "libStructureEtape": "Faculté des Sciences",
        "codeEtape": "TM1BS3",
        "libEtape": "M1 Biologie Santé / Cursus Sciences",
        "noElement": "O4CH2J",
        "libElement": "Neuropathologie et cibles thérapeutiques",
        "codeNatureElp": "CHAR",
        "libNatureElp": "Charges d'Enseignement",
        "codeCNU": null,
        "libCNU": null,
        "codePeriode": "2",
        "libPeriode": "Enseignement du second semestre",
        "nbHeureCM": "27",
        "nbHeureTD": "0",
        "nbHeureTP": "0",
        "nbHeureCMTD": "0",
        "nbGroupeCM": "0",
        "nbGroupeTD": "0",
        "nbGroupeTP": "0",
        "nbGroupeCMTD": "0",
        "nbEtuInscritElpEtape": "0",
        "nbEtuInscritElpTotal": "0",
        "volumeHoraireElpPondereEtape": "0",
        "volumeHoraireElpTotal": "40.5",
        "nbEtuInscritPrevisionnelElpEtape": "0",
        "nbEtuInscritPrevisionnelElpTotal": "0",
        "nbEtape": "4"
    },
    {
        "annee": "2024",
        "codeStructureEtape": "AES",
        "libStructureEtape": "Faculté des Sciences",
        "codeEtape": "TM1BS3",
        "libEtape": "M1 Biologie Santé / Cursus Sciences",
        "noElement": "O4CH2S",
        "libElement": "Santé et activité physique : les outils de l'ingénieur ...",
        "codeNatureElp": "CHAR",
        "libNatureElp": "Charges d'Enseignement",
        "codeCNU": "4402",
        "libCNU": "Physiologie",
        "codePeriode": "2",
        "libPeriode": "Enseignement du second semestre",
        "nbHeureCM": "7",
        "nbHeureTD": "0",
        "nbHeureTP": "17",
        "nbHeureCMTD": "0",
        "nbGroupeCM": "1",
        "nbGroupeTD": "0",
        "nbGroupeTP": "2",
        "nbGroupeCMTD": "0",
        "nbEtuInscritElpEtape": "18",
        "nbEtuInscritElpTotal": "29",
        "volumeHoraireElpPondereEtape": "27.62",
        "volumeHoraireElpTotal": "44.5",
        "nbEtuInscritPrevisionnelElpEtape": "22",
        "nbEtuInscritPrevisionnelElpTotal": "7",
        "nbEtape": "4"
    },
    {
        "annee": "2024",
        "codeStructureEtape": "AES",
        "libStructureEtape": "Faculté des Sciences",
        "codeEtape": "TM1BS3",
        "libEtape": "M1 Biologie Santé / Cursus Sciences",
        "noElement": "O4CH2B",
        "libElement": "Immunopathologie et immunologie clinique",
        "codeNatureElp": "CHAR",
        "libNatureElp": "Charges d'Enseignement",
        "codeCNU": "65",
        "libCNU": "Biologie cellulaire",
        "codePeriode": "2",
        "libPeriode": "Enseignement du second semestre",
        "nbHeureCM": "27",
        "nbHeureTD": "0",
        "nbHeureTP": "0",
        "nbHeureCMTD": "0",
        "nbGroupeCM": "1",
        "nbGroupeTD": "2",
        "nbGroupeTP": "0",
        "nbGroupeCMTD": "0",
        "nbEtuInscritElpEtape": "8",
        "nbEtuInscritElpTotal": "66",
        "volumeHoraireElpPondereEtape": "4.91",
        "volumeHoraireElpTotal": "40.5",
        "nbEtuInscritPrevisionnelElpEtape": "99",
        "nbEtuInscritPrevisionnelElpTotal": "14",
        "nbEtape": "6"
    },
    {
        "annee": "2024",
        "codeStructureEtape": "AES",
        "libStructureEtape": "Faculté des Sciences",
        "codeEtape": "TM1BS3",
        "libEtape": "M1 Biologie Santé / Cursus Sciences",
        "noElement": "TBS426D",
        "libElement": "Introduction à la recherche clinique",
        "codeNatureElp": "MATI",
        "libNatureElp": "Matière",
        "codeCNU": "65",
        "libCNU": "Biologie cellulaire",
        "codePeriode": "2",
        "libPeriode": "Enseignement du second semestre",
        "nbHeureCM": "24",
        "nbHeureTD": "3",
        "nbHeureTP": "0",
        "nbHeureCMTD": "0",
        "nbGroupeCM": "1",
        "nbGroupeTD": "1",
        "nbGroupeTP": "1",
        "nbGroupeCMTD": "0",
        "nbEtuInscritElpEtape": "13",
        "nbEtuInscritElpTotal": "13",
        "volumeHoraireElpPondereEtape": "39",
        "volumeHoraireElpTotal": "39",
        "nbEtuInscritPrevisionnelElpEtape": "9",
        "nbEtuInscritPrevisionnelElpTotal": "9",
        "nbEtape": "1"
    },
    {
        "annee": "2024",
        "codeStructureEtape": "AES",
        "libStructureEtape": "Faculté des Sciences",
        "codeEtape": "TM1BS3",
        "libEtape": "M1 Biologie Santé / Cursus Sciences",
        "noElement": "TCH410",
        "libElement": "Bioinformatique, traitement des données -omiques",
        "codeNatureElp": "CHAR",
        "libNatureElp": "Charges d'Enseignement",
        "codeCNU": "64",
        "libCNU": "Biochimie, biologie moléculaire",
        "codePeriode": "1",
        "libPeriode": "Enseignement du premier semestre",
        "nbHeureCM": "12",
        "nbHeureTD": "8",
        "nbHeureTP": "0",
        "nbHeureCMTD": "0",
        "nbGroupeCM": "1",
        "nbGroupeTD": "2",
        "nbGroupeTP": "4",
        "nbGroupeCMTD": "0",
        "nbEtuInscritElpEtape": "41",
        "nbEtuInscritElpTotal": "75",
        "volumeHoraireElpPondereEtape": "18.59",
        "volumeHoraireElpTotal": "34",
        "nbEtuInscritPrevisionnelElpEtape": "75",
        "nbEtuInscritPrevisionnelElpTotal": "43",
        "nbEtape": "2"
    },
    {
        "annee": "2024",
        "codeStructureEtape": "AES",
        "libStructureEtape": "Faculté des Sciences",
        "codeEtape": "TM1BS3",
        "libEtape": "M1 Biologie Santé / Cursus Sciences",
        "noElement": "O4CH2C",
        "libElement": "Analyse morphologique en neurobiologie",
        "codeNatureElp": "CHAR",
        "libNatureElp": "Charges d'Enseignement",
        "codeCNU": "69",
        "libCNU": "Neurosciences",
        "codePeriode": "2",
        "libPeriode": "Enseignement du second semestre",
        "nbHeureCM": "27",
        "nbHeureTD": "0",
        "nbHeureTP": "0",
        "nbHeureCMTD": "0",
        "nbGroupeCM": "1",
        "nbGroupeTD": "1",
        "nbGroupeTP": "0",
        "nbGroupeCMTD": "0",
        "nbEtuInscritElpEtape": "11",
        "nbEtuInscritElpTotal": "30",
        "volumeHoraireElpPondereEtape": "14.85",
        "volumeHoraireElpTotal": "40.5",
        "nbEtuInscritPrevisionnelElpEtape": "30",
        "nbEtuInscritPrevisionnelElpTotal": "13",
        "nbEtape": "6"
    },
    {
        "annee": "2024",
        "codeStructureEtape": "AES",
        "libStructureEtape": "Faculté des Sciences",
        "codeEtape": "TM1BS3",
        "libEtape": "M1 Biologie Santé / Cursus Sciences",
        "noElement": "TBS425A",
        "libElement": "Génétique moléculaire",
        "codeNatureElp": "MATI",
        "libNatureElp": "Matière",
        "codeCNU": "64",
        "libCNU": "Biochimie, biologie moléculaire",
        "codePeriode": "2",
        "libPeriode": "Enseignement du second semestre",
        "nbHeureCM": "27",
        "nbHeureTD": "0",
        "nbHeureTP": "0",
        "nbHeureCMTD": "0",
        "nbGroupeCM": "1",
        "nbGroupeTD": "1",
        "nbGroupeTP": "1",
        "nbGroupeCMTD": "0",
        "nbEtuInscritElpEtape": "8",
        "nbEtuInscritElpTotal": "8",
        "volumeHoraireElpPondereEtape": "40.5",
        "volumeHoraireElpTotal": "40.5",
        "nbEtuInscritPrevisionnelElpEtape": "14",
        "nbEtuInscritPrevisionnelElpTotal": "14",
        "nbEtape": "1"
    },
    {
        "annee": "2024",
        "codeStructureEtape": "AES",
        "libStructureEtape": "Faculté des Sciences",
        "codeEtape": "TM1BS3",
        "libEtape": "M1 Biologie Santé / Cursus Sciences",
        "noElement": "TBS415C",
        "libElement": "Neurobiologie cellulaire et moléculaire",
        "codeNatureElp": "MATI",
        "libNatureElp": "Matière",
        "codeCNU": "65",
        "libCNU": "Biologie cellulaire",
        "codePeriode": "1",
        "libPeriode": "Enseignement du premier semestre",
        "nbHeureCM": "20",
        "nbHeureTD": "7",
        "nbHeureTP": "0",
        "nbHeureCMTD": "0",
        "nbGroupeCM": "1",
        "nbGroupeTD": "2",
        "nbGroupeTP": "3",
        "nbGroupeCMTD": "0",
        "nbEtuInscritElpEtape": "41",
        "nbEtuInscritElpTotal": "41",
        "volumeHoraireElpPondereEtape": "44",
        "volumeHoraireElpTotal": "44",
        "nbEtuInscritPrevisionnelElpEtape": "43",
        "nbEtuInscritPrevisionnelElpTotal": "43",
        "nbEtape": "1"
    }
]