[
    {
        "annee": "2024",
        "codeStructureEtape": "AES",
        "libStructureEtape": "Faculté des Sciences",
        "codeEtape": "TLPMCV1",
        "libEtape": "LP-ESA Marketing et commerce internat° des vins de terroir",
        "noElement": "TPMC",
        "libElement": "Charges - LP Métiers du commerce international",
        "codeNatureElp": "CHAR",
        "libNatureElp": "Charges d'Enseignement",
        "codeCNU": null,
        "libCNU": null,
        "codePeriode": null,
        "libPeriode": null,
        "nbHeureCM": "0",
        "nbHeureTD": "0",
        "nbHeureTP": "0",
        "nbHeureCMTD": "0",
        "nbGroupeCM": "0",
        "nbGroupeTD": "0",
        "nbGroupeTP": "0",
        "nbGroupeCMTD": "0",
        "nbEtuInscritElpEtape": "0",
        "nbEtuInscritElpTotal": "0",
        "volumeHoraireElpPondereEtape": "0",
        "volumeHoraireElpTotal": "0",
        "nbEtuInscritPrevisionnelElpEtape": "0",
        "nbEtuInscritPrevisionnelElpTotal": "0",
        "nbEtape": "1"
    }
]