[
    {
        "annee": "2024",
        "codeStructureEtape": "AES",
        "libStructureEtape": "Faculté des Sciences",
        "codeEtape": "TM2SIE3",
        "libEtape": "M2 Chimie / Sciences et ingénierie de l'environnement",
        "noElement": "TSI532A",
        "libElement": "Gestion des déchets, analyse cycle de vie",
        "codeNatureElp": "MATI",
        "libNatureElp": "Matière",
        "codeCNU": "32",
        "libCNU": "Chimie organique, minérale, industrielle",
        "codePeriode": "3",
        "libPeriode": "Enseignement du troisième semestre",
        "nbHeureCM": "18",
        "nbHeureTD": "13",
        "nbHeureTP": "4",
        "nbHeureCMTD": "0",
        "nbGroupeCM": "1",
        "nbGroupeTD": "1",
        "nbGroupeTP": "1",
        "nbGroupeCMTD": "0",
        "nbEtuInscritElpEtape": "20",
        "nbEtuInscritElpTotal": "20",
        "volumeHoraireElpPondereEtape": "44",
        "volumeHoraireElpTotal": "44",
        "nbEtuInscritPrevisionnelElpEtape": "18",
        "nbEtuInscritPrevisionnelElpTotal": "18",
        "nbEtape": "1"
    },
    {
        "annee": "2024",
        "codeStructureEtape": "AES",
        "libStructureEtape": "Faculté des Sciences",
        "codeEtape": "TM2SIE3",
        "libEtape": "M2 Chimie / Sciences et ingénierie de l'environnement",
        "noElement": "TSI541C",
        "libElement": "Projet étudiant",
        "codeNatureElp": "PRJ",
        "libNatureElp": "Projet",
        "codeCNU": "32",
        "libCNU": "Chimie organique, minérale, industrielle",
        "codePeriode": "4",
        "libPeriode": "Enseignement du quatrième semestre",
        "nbHeureCM": "0",
        "nbHeureTD": "0",
        "nbHeureTP": "4",
        "nbHeureCMTD": "0",
        "nbGroupeCM": "0",
        "nbGroupeTD": "0",
        "nbGroupeTP": "20",
        "nbGroupeCMTD": "0",
        "nbEtuInscritElpEtape": "20",
        "nbEtuInscritElpTotal": "20",
        "volumeHoraireElpPondereEtape": "80",
        "volumeHoraireElpTotal": "80",
        "nbEtuInscritPrevisionnelElpEtape": "0",
        "nbEtuInscritPrevisionnelElpTotal": "0",
        "nbEtape": "1"
    },
    {
        "annee": "2024",
        "codeStructureEtape": "AES",
        "libStructureEtape": "Faculté des Sciences",
        "codeEtape": "TM2SIE3",
        "libEtape": "M2 Chimie / Sciences et ingénierie de l'environnement",
        "noElement": "TSI543",
        "libElement": "Législation entreprise",
        "codeNatureElp": "MATI",
        "libNatureElp": "Matière",
        "codeCNU": null,
        "libCNU": null,
        "codePeriode": "4",
        "libPeriode": "Enseignement du quatrième semestre",
        "nbHeureCM": "7",
        "nbHeureTD": "13",
        "nbHeureTP": "0",
        "nbHeureCMTD": "0",
        "nbGroupeCM": "1",
        "nbGroupeTD": "1",
        "nbGroupeTP": "1",
        "nbGroupeCMTD": "0",
        "nbEtuInscritElpEtape": "20",
        "nbEtuInscritElpTotal": "20",
        "volumeHoraireElpPondereEtape": "23.5",
        "volumeHoraireElpTotal": "23.5",
        "nbEtuInscritPrevisionnelElpEtape": "17",
        "nbEtuInscritPrevisionnelElpTotal": "17",
        "nbEtape": "1"
    },
    {
        "annee": "2024",
        "codeStructureEtape": "AES",
        "libStructureEtape": "Faculté des Sciences",
        "codeEtape": "TM2SIE3",
        "libEtape": "M2 Chimie / Sciences et ingénierie de l'environnement",
        "noElement": "TSI535B",
        "libElement": "Hydrogéologie",
        "codeNatureElp": "MATI",
        "libNatureElp": "Matière",
        "codeCNU": "36",
        "libCNU": "Terre solide : géodynamique des enveloppes supérieures, paléobiosphère",
        "codePeriode": "3",
        "libPeriode": "Enseignement du troisième semestre",
        "nbHeureCM": "10",
        "nbHeureTD": "5",
        "nbHeureTP": "0",
        "nbHeureCMTD": "0",
        "nbGroupeCM": "1",
        "nbGroupeTD": "1",
        "nbGroupeTP": "1",
        "nbGroupeCMTD": "0",
        "nbEtuInscritElpEtape": "20",
        "nbEtuInscritElpTotal": "20",
        "volumeHoraireElpPondereEtape": "20",
        "volumeHoraireElpTotal": "20",
        "nbEtuInscritPrevisionnelElpEtape": "18",
        "nbEtuInscritPrevisionnelElpTotal": "18",
        "nbEtape": "1"
    },
    {
        "annee": "2024",
        "codeStructureEtape": "AES",
        "libStructureEtape": "Faculté des Sciences",
        "codeEtape": "TM2SIE3",
        "libEtape": "M2 Chimie / Sciences et ingénierie de l'environnement",
        "noElement": "TSI532B",
        "libElement": "Traitement des odeurs",
        "codeNatureElp": "MATI",
        "libNatureElp": "Matière",
        "codeCNU": "32",
        "libCNU": "Chimie organique, minérale, industrielle",
        "codePeriode": "3",
        "libPeriode": "Enseignement du troisième semestre",
        "nbHeureCM": "8",
        "nbHeureTD": "5",
        "nbHeureTP": "3",
        "nbHeureCMTD": "0",
        "nbGroupeCM": "1",
        "nbGroupeTD": "1",
        "nbGroupeTP": "1",
        "nbGroupeCMTD": "0",
        "nbEtuInscritElpEtape": "20",
        "nbEtuInscritElpTotal": "20",
        "volumeHoraireElpPondereEtape": "20",
        "volumeHoraireElpTotal": "20",
        "nbEtuInscritPrevisionnelElpEtape": "18",
        "nbEtuInscritPrevisionnelElpTotal": "18",
        "nbEtape": "1"
    },
    {
        "annee": "2024",
        "codeStructureEtape": "AES",
        "libStructureEtape": "Faculté des Sciences",
        "codeEtape": "TM2SIE3",
        "libEtape": "M2 Chimie / Sciences et ingénierie de l'environnement",
        "noElement": "TSI544B",
        "libElement": "Stage d'alternance",
        "codeNatureElp": "STAG",
        "libNatureElp": "Stage",
        "codeCNU": null,
        "libCNU": null,
        "codePeriode": "4",
        "libPeriode": "Enseignement du quatrième semestre",
        "nbHeureCM": "0",
        "nbHeureTD": "12",
        "nbHeureTP": "0",
        "nbHeureCMTD": "0",
        "nbGroupeCM": "16",
        "nbGroupeTD": "16",
        "nbGroupeTP": "16",
        "nbGroupeCMTD": "0",
        "nbEtuInscritElpEtape": "16",
        "nbEtuInscritElpTotal": "16",
        "volumeHoraireElpPondereEtape": "192",
        "volumeHoraireElpTotal": "192",
        "nbEtuInscritPrevisionnelElpEtape": "15",
        "nbEtuInscritPrevisionnelElpTotal": "15",
        "nbEtape": "1"
    },
    {
        "annee": "2024",
        "codeStructureEtape": "AES",
        "libStructureEtape": "Faculté des Sciences",
        "codeEtape": "TM2SIE3",
        "libEtape": "M2 Chimie / Sciences et ingénierie de l'environnement",
        "noElement": "TSI534A",
        "libElement": "Hydraulique de réseau, SIG pour réseau",
        "codeNatureElp": "MATI",
        "libNatureElp": "Matière",
        "codeCNU": "32",
        "libCNU": "Chimie organique, minérale, industrielle",
        "codePeriode": "3",
        "libPeriode": "Enseignement du troisième semestre",
        "nbHeureCM": "8",
        "nbHeureTD": "10",
        "nbHeureTP": "6",
        "nbHeureCMTD": "0",
        "nbGroupeCM": "1",
        "nbGroupeTD": "1",
        "nbGroupeTP": "1",
        "nbGroupeCMTD": "0",
        "nbEtuInscritElpEtape": "20",
        "nbEtuInscritElpTotal": "20",
        "volumeHoraireElpPondereEtape": "28",
        "volumeHoraireElpTotal": "28",
        "nbEtuInscritPrevisionnelElpEtape": "18",
        "nbEtuInscritPrevisionnelElpTotal": "18",
        "nbEtape": "1"
    },
    {
        "annee": "2024",
        "codeStructureEtape": "AES",
        "libStructureEtape": "Faculté des Sciences",
        "codeEtape": "TM2SIE3",
        "libEtape": "M2 Chimie / Sciences et ingénierie de l'environnement",
        "noElement": "TSI531A",
        "libElement": "Energie renouvelable, stockage de l'énergie",
        "codeNatureElp": "MATI",
        "libNatureElp": "Matière",
        "codeCNU": "4600",
        "libCNU": "Santé publique, environnement et société",
        "codePeriode": "3",
        "libPeriode": "Enseignement du troisième semestre",
        "nbHeureCM": "10",
        "nbHeureTD": "11",
        "nbHeureTP": "0",
        "nbHeureCMTD": "0",
        "nbGroupeCM": "1",
        "nbGroupeTD": "1",
        "nbGroupeTP": "1",
        "nbGroupeCMTD": "0",
        "nbEtuInscritElpEtape": "20",
        "nbEtuInscritElpTotal": "20",
        "volumeHoraireElpPondereEtape": "26",
        "volumeHoraireElpTotal": "26",
        "nbEtuInscritPrevisionnelElpEtape": "18",
        "nbEtuInscritPrevisionnelElpTotal": "18",
        "nbEtape": "1"
    },
    {
        "annee": "2024",
        "codeStructureEtape": "AES",
        "libStructureEtape": "Faculté des Sciences",
        "codeEtape": "TM2SIE3",
        "libEtape": "M2 Chimie / Sciences et ingénierie de l'environnement",
        "noElement": "TSI531B",
        "libElement": "Méthanisation",
        "codeNatureElp": "MATI",
        "libNatureElp": "Matière",
        "codeCNU": "80",
        "libCNU": "Sciences physico-chimiques et ingénierie appliquée à la santé",
        "codePeriode": "3",
        "libPeriode": "Enseignement du troisième semestre",
        "nbHeureCM": "10",
        "nbHeureTD": "8",
        "nbHeureTP": "0",
        "nbHeureCMTD": "0",
        "nbGroupeCM": "1",
        "nbGroupeTD": "1",
        "nbGroupeTP": "1",
        "nbGroupeCMTD": "0",
        "nbEtuInscritElpEtape": "20",
        "nbEtuInscritElpTotal": "20",
        "volumeHoraireElpPondereEtape": "23",
        "volumeHoraireElpTotal": "23",
        "nbEtuInscritPrevisionnelElpEtape": "18",
        "nbEtuInscritPrevisionnelElpTotal": "18",
        "nbEtape": "1"
    },
    {
        "annee": "2024",
        "codeStructureEtape": "AES",
        "libStructureEtape": "Faculté des Sciences",
        "codeEtape": "TM2SIE3",
        "libEtape": "M2 Chimie / Sciences et ingénierie de l'environnement",
        "noElement": "TSI533B",
        "libElement": "Traitement des boues",
        "codeNatureElp": "MATI",
        "libNatureElp": "Matière",
        "codeCNU": "32",
        "libCNU": "Chimie organique, minérale, industrielle",
        "codePeriode": "3",
        "libPeriode": "Enseignement du troisième semestre",
        "nbHeureCM": "15",
        "nbHeureTD": "7",
        "nbHeureTP": "0",
        "nbHeureCMTD": "0",
        "nbGroupeCM": "1",
        "nbGroupeTD": "1",
        "nbGroupeTP": "1",
        "nbGroupeCMTD": "0",
        "nbEtuInscritElpEtape": "20",
        "nbEtuInscritElpTotal": "20",
        "volumeHoraireElpPondereEtape": "29.5",
        "volumeHoraireElpTotal": "29.5",
        "nbEtuInscritPrevisionnelElpEtape": "18",
        "nbEtuInscritPrevisionnelElpTotal": "18",
        "nbEtape": "1"
    },
    {
        "annee": "2024",
        "codeStructureEtape": "AES",
        "libStructureEtape": "Faculté des Sciences",
        "codeEtape": "TM2SIE3",
        "libEtape": "M2 Chimie / Sciences et ingénierie de l'environnement",
        "noElement": "TSI534B",
        "libElement": "Système d'information géographique",
        "codeNatureElp": "MATI",
        "libNatureElp": "Matière",
        "codeCNU": "23",
        "libCNU": "Géographie physique, humaine, économique et régionale",
        "codePeriode": "3",
        "libPeriode": "Enseignement du troisième semestre",
        "nbHeureCM": "4",
        "nbHeureTD": "6",
        "nbHeureTP": "4",
        "nbHeureCMTD": "0",
        "nbGroupeCM": "1",
        "nbGroupeTD": "1",
        "nbGroupeTP": "1",
        "nbGroupeCMTD": "0",
        "nbEtuInscritElpEtape": "20",
        "nbEtuInscritElpTotal": "20",
        "volumeHoraireElpPondereEtape": "16",
        "volumeHoraireElpTotal": "16",
        "nbEtuInscritPrevisionnelElpEtape": "18",
        "nbEtuInscritPrevisionnelElpTotal": "18",
        "nbEtape": "1"
    },
    {
        "annee": "2024",
        "codeStructureEtape": "AES",
        "libStructureEtape": "Faculté des Sciences",
        "codeEtape": "TM2SIE3",
        "libEtape": "M2 Chimie / Sciences et ingénierie de l'environnement",
        "noElement": "TSI537B",
        "libElement": "Chimie et développement durable",
        "codeNatureElp": "MATI",
        "libNatureElp": "Matière",
        "codeCNU": "32",
        "libCNU": "Chimie organique, minérale, industrielle",
        "codePeriode": "3",
        "libPeriode": "Enseignement du troisième semestre",
        "nbHeureCM": "10",
        "nbHeureTD": "6",
        "nbHeureTP": "3",
        "nbHeureCMTD": "0",
        "nbGroupeCM": "1",
        "nbGroupeTD": "1",
        "nbGroupeTP": "1",
        "nbGroupeCMTD": "0",
        "nbEtuInscritElpEtape": "20",
        "nbEtuInscritElpTotal": "20",
        "volumeHoraireElpPondereEtape": "24",
        "volumeHoraireElpTotal": "24",
        "nbEtuInscritPrevisionnelElpEtape": "18",
        "nbEtuInscritPrevisionnelElpTotal": "18",
        "nbEtape": "1"
    },
    {
        "annee": "2024",
        "codeStructureEtape": "AES",
        "libStructureEtape": "Faculté des Sciences",
        "codeEtape": "TM2SIE3",
        "libEtape": "M2 Chimie / Sciences et ingénierie de l'environnement",
        "noElement": "TSI537A",
        "libElement": "Micropolluant et polluants éternels",
        "codeNatureElp": "MATI",
        "libNatureElp": "Matière",
        "codeCNU": "32",
        "libCNU": "Chimie organique, minérale, industrielle",
        "codePeriode": "3",
        "libPeriode": "Enseignement du troisième semestre",
        "nbHeureCM": "10",
        "nbHeureTD": "6",
        "nbHeureTP": "12",
        "nbHeureCMTD": "0",
        "nbGroupeCM": "1",
        "nbGroupeTD": "1",
        "nbGroupeTP": "1",
        "nbGroupeCMTD": "0",
        "nbEtuInscritElpEtape": "20",
        "nbEtuInscritElpTotal": "20",
        "volumeHoraireElpPondereEtape": "33",
        "volumeHoraireElpTotal": "33",
        "nbEtuInscritPrevisionnelElpEtape": "18",
        "nbEtuInscritPrevisionnelElpTotal": "18",
        "nbEtape": "1"
    },
    {
        "annee": "2024",
        "codeStructureEtape": "AES",
        "libStructureEtape": "Faculté des Sciences",
        "codeEtape": "TM2SIE3",
        "libEtape": "M2 Chimie / Sciences et ingénierie de l'environnement",
        "noElement": "TSI533A",
        "libElement": "Epuration biologique",
        "codeNatureElp": "MATI",
        "libNatureElp": "Matière",
        "codeCNU": "32",
        "libCNU": "Chimie organique, minérale, industrielle",
        "codePeriode": "3",
        "libPeriode": "Enseignement du troisième semestre",
        "nbHeureCM": "15",
        "nbHeureTD": "7",
        "nbHeureTP": "0",
        "nbHeureCMTD": "0",
        "nbGroupeCM": "1",
        "nbGroupeTD": "1",
        "nbGroupeTP": "1",
        "nbGroupeCMTD": "0",
        "nbEtuInscritElpEtape": "20",
        "nbEtuInscritElpTotal": "20",
        "volumeHoraireElpPondereEtape": "29.5",
        "volumeHoraireElpTotal": "29.5",
        "nbEtuInscritPrevisionnelElpEtape": "18",
        "nbEtuInscritPrevisionnelElpTotal": "18",
        "nbEtape": "1"
    },
    {
        "annee": "2024",
        "codeStructureEtape": "AES",
        "libStructureEtape": "Faculté des Sciences",
        "codeEtape": "TM2SIE3",
        "libEtape": "M2 Chimie / Sciences et ingénierie de l'environnement",
        "noElement": "TSI542",
        "libElement": "Anglais",
        "codeNatureElp": "MATI",
        "libNatureElp": "Matière",
        "codeCNU": "11",
        "libCNU": "Langues et littératures anglaises et anglo-saxonnes",
        "codePeriode": "4",
        "libPeriode": "Enseignement du quatrième semestre",
        "nbHeureCM": "0",
        "nbHeureTD": "0",
        "nbHeureTP": "25",
        "nbHeureCMTD": "0",
        "nbGroupeCM": "1",
        "nbGroupeTD": "1",
        "nbGroupeTP": "1",
        "nbGroupeCMTD": "0",
        "nbEtuInscritElpEtape": "20",
        "nbEtuInscritElpTotal": "20",
        "volumeHoraireElpPondereEtape": "25",
        "volumeHoraireElpTotal": "25",
        "nbEtuInscritPrevisionnelElpEtape": "17",
        "nbEtuInscritPrevisionnelElpTotal": "17",
        "nbEtape": "1"
    },
    {
        "annee": "2024",
        "codeStructureEtape": "AES",
        "libStructureEtape": "Faculté des Sciences",
        "codeEtape": "TM2SIE3",
        "libEtape": "M2 Chimie / Sciences et ingénierie de l'environnement",
        "noElement": "TSI536",
        "libElement": "Traitement innovant des eaux non conventionelles",
        "codeNatureElp": "MATI",
        "libNatureElp": "Matière",
        "codeCNU": "62",
        "libCNU": "Energétique, génie des procédés",
        "codePeriode": "3",
        "libPeriode": "Enseignement du troisième semestre",
        "nbHeureCM": "20",
        "nbHeureTD": "12",
        "nbHeureTP": "4",
        "nbHeureCMTD": "0",
        "nbGroupeCM": "1",
        "nbGroupeTD": "1",
        "nbGroupeTP": "1",
        "nbGroupeCMTD": "0",
        "nbEtuInscritElpEtape": "20",
        "nbEtuInscritElpTotal": "20",
        "volumeHoraireElpPondereEtape": "46",
        "volumeHoraireElpTotal": "46",
        "nbEtuInscritPrevisionnelElpEtape": "18",
        "nbEtuInscritPrevisionnelElpTotal": "18",
        "nbEtape": "1"
    },
    {
        "annee": "2024",
        "codeStructureEtape": "AES",
        "libStructureEtape": "Faculté des Sciences",
        "codeEtape": "TM2SIE3",
        "libEtape": "M2 Chimie / Sciences et ingénierie de l'environnement",
        "noElement": "TSI544A",
        "libElement": "Stage de fin d'étude",
        "codeNatureElp": "STAG",
        "libNatureElp": "Stage",
        "codeCNU": null,
        "libCNU": null,
        "codePeriode": "4",
        "libPeriode": "Enseignement du quatrième semestre",
        "nbHeureCM": "0",
        "nbHeureTD": "4",
        "nbHeureTP": "0",
        "nbHeureCMTD": "0",
        "nbGroupeCM": "4",
        "nbGroupeTD": "4",
        "nbGroupeTP": "4",
        "nbGroupeCMTD": "0",
        "nbEtuInscritElpEtape": "4",
        "nbEtuInscritElpTotal": "4",
        "volumeHoraireElpPondereEtape": "16",
        "volumeHoraireElpTotal": "16",
        "nbEtuInscritPrevisionnelElpEtape": "2",
        "nbEtuInscritPrevisionnelElpTotal": "2",
        "nbEtape": "1"
    },
    {
        "annee": "2024",
        "codeStructureEtape": "AES",
        "libStructureEtape": "Faculté des Sciences",
        "codeEtape": "TM2SIE3",
        "libEtape": "M2 Chimie / Sciences et ingénierie de l'environnement",
        "noElement": "TSI535A",
        "libElement": "Analyse et traitement des sols",
        "codeNatureElp": "MATI",
        "libNatureElp": "Matière",
        "codeCNU": "80",
        "libCNU": "Sciences physico-chimiques et ingénierie appliquée à la santé",
        "codePeriode": "3",
        "libPeriode": "Enseignement du troisième semestre",
        "nbHeureCM": "20",
        "nbHeureTD": "17",
        "nbHeureTP": "4",
        "nbHeureCMTD": "0",
        "nbGroupeCM": "1",
        "nbGroupeTD": "1",
        "nbGroupeTP": "1",
        "nbGroupeCMTD": "0",
        "nbEtuInscritElpEtape": "20",
        "nbEtuInscritElpTotal": "20",
        "volumeHoraireElpPondereEtape": "51",
        "volumeHoraireElpTotal": "51",
        "nbEtuInscritPrevisionnelElpEtape": "18",
        "nbEtuInscritPrevisionnelElpTotal": "18",
        "nbEtape": "1"
    },
    {
        "annee": "2024",
        "codeStructureEtape": "AES",
        "libStructureEtape": "Faculté des Sciences",
        "codeEtape": "TM2SIE3",
        "libEtape": "M2 Chimie / Sciences et ingénierie de l'environnement",
        "noElement": "TSI538",
        "libElement": "Pratique de la règlementation",
        "codeNatureElp": "MATI",
        "libNatureElp": "Matière",
        "codeCNU": "4600",
        "libCNU": "Santé publique, environnement et société",
        "codePeriode": "3",
        "libPeriode": "Enseignement du troisième semestre",
        "nbHeureCM": "6",
        "nbHeureTD": "20",
        "nbHeureTP": "14",
        "nbHeureCMTD": "0",
        "nbGroupeCM": "1",
        "nbGroupeTD": "1",
        "nbGroupeTP": "1",
        "nbGroupeCMTD": "0",
        "nbEtuInscritElpEtape": "20",
        "nbEtuInscritElpTotal": "20",
        "volumeHoraireElpPondereEtape": "43",
        "volumeHoraireElpTotal": "43",
        "nbEtuInscritPrevisionnelElpEtape": "18",
        "nbEtuInscritPrevisionnelElpTotal": "18",
        "nbEtape": "1"
    }
]