[
    {
        "annee": "2024",
        "codeStructureEtape": "AES",
        "libStructureEtape": "Faculté des Sciences",
        "codeEtape": "TM2PPP1",
        "libEtape": "M2 BG / Paléontologie, paléo-environnement & patrimoine",
        "noElement": "TBG538",
        "libElement": "Micropaleontology, sea and paleoclimate",
        "codeNatureElp": "MATI",
        "libNatureElp": "Matière",
        "codeCNU": "36",
        "libCNU": "Terre solide : géodynamique des enveloppes supérieures, paléobiosphère",
        "codePeriode": "3",
        "libPeriode": "Enseignement du troisième semestre",
        "nbHeureCM": "16",
        "nbHeureTD": "9",
        "nbHeureTP": "0",
        "nbHeureCMTD": "0",
        "nbGroupeCM": "0",
        "nbGroupeTD": "0",
        "nbGroupeTP": "0",
        "nbGroupeCMTD": "0",
        "nbEtuInscritElpEtape": "0",
        "nbEtuInscritElpTotal": "0",
        "volumeHoraireElpPondereEtape": "0",
        "volumeHoraireElpTotal": "33",
        "nbEtuInscritPrevisionnelElpEtape": "0",
        "nbEtuInscritPrevisionnelElpTotal": "0",
        "nbEtape": "1"
    },
    {
        "annee": "2024",
        "codeStructureEtape": "AES",
        "libStructureEtape": "Faculté des Sciences",
        "codeEtape": "TM2PPP1",
        "libEtape": "M2 BG / Paléontologie, paléo-environnement & patrimoine",
        "noElement": "TBG537",
        "libElement": "Biological proxies : case studies",
        "codeNatureElp": "MATI",
        "libNatureElp": "Matière",
        "codeCNU": "36",
        "libCNU": "Terre solide : géodynamique des enveloppes supérieures, paléobiosphère",
        "codePeriode": "3",
        "libPeriode": "Enseignement du troisième semestre",
        "nbHeureCM": "16",
        "nbHeureTD": "9",
        "nbHeureTP": "0",
        "nbHeureCMTD": "0",
        "nbGroupeCM": "0",
        "nbGroupeTD": "0",
        "nbGroupeTP": "0",
        "nbGroupeCMTD": "0",
        "nbEtuInscritElpEtape": "0",
        "nbEtuInscritElpTotal": "0",
        "volumeHoraireElpPondereEtape": "0",
        "volumeHoraireElpTotal": "33",
        "nbEtuInscritPrevisionnelElpEtape": "0",
        "nbEtuInscritPrevisionnelElpTotal": "0",
        "nbEtape": "1"
    }
]