[
    {
        "annee": "2024",
        "codeStructureEtape": "AES",
        "libStructureEtape": "Faculté des Sciences",
        "codeEtape": "TLPMEH1",
        "libEtape": "LP Management en entreprises d'horticulture & du paysage",
        "noElement": "TEHP32",
        "libElement": "Droit fiscal et rural",
        "codeNatureElp": "MATI",
        "libNatureElp": "Matière",
        "codeCNU": "02",
        "libCNU": "Droit public",
        "codePeriode": "5",
        "libPeriode": "Enseignement du cinquième semestre",
        "nbHeureCM": "12",
        "nbHeureTD": "6",
        "nbHeureTP": "0",
        "nbHeureCMTD": "0",
        "nbGroupeCM": "1",
        "nbGroupeTD": "1",
        "nbGroupeTP": "2",
        "nbGroupeCMTD": "0",
        "nbEtuInscritElpEtape": "23",
        "nbEtuInscritElpTotal": "23",
        "volumeHoraireElpPondereEtape": "24",
        "volumeHoraireElpTotal": "24",
        "nbEtuInscritPrevisionnelElpEtape": "0",
        "nbEtuInscritPrevisionnelElpTotal": "0",
        "nbEtape": "1"
    },
    {
        "annee": "2024",
        "codeStructureEtape": "AES",
        "libStructureEtape": "Faculté des Sciences",
        "codeEtape": "TLPMEH1",
        "libEtape": "LP Management en entreprises d'horticulture & du paysage",
        "noElement": "TEHP71A",
        "libElement": "Intro. à la labellisation pour les ent. d'hort. et de pays.",
        "codeNatureElp": "MATI",
        "libNatureElp": "Matière",
        "codeCNU": "68",
        "libCNU": "Biologie des organismes",
        "codePeriode": "5",
        "libPeriode": "Enseignement du cinquième semestre",
        "nbHeureCM": "0",
        "nbHeureTD": "20",
        "nbHeureTP": "0",
        "nbHeureCMTD": "0",
        "nbGroupeCM": "0",
        "nbGroupeTD": "0",
        "nbGroupeTP": "0",
        "nbGroupeCMTD": "0",
        "nbEtuInscritElpEtape": "0",
        "nbEtuInscritElpTotal": "0",
        "volumeHoraireElpPondereEtape": "0",
        "volumeHoraireElpTotal": "20",
        "nbEtuInscritPrevisionnelElpEtape": "0",
        "nbEtuInscritPrevisionnelElpTotal": "0",
        "nbEtape": "1"
    },
    {
        "annee": "2024",
        "codeStructureEtape": "AES",
        "libStructureEtape": "Faculté des Sciences",
        "codeEtape": "TLPMEH1",
        "libEtape": "LP Management en entreprises d'horticulture & du paysage",
        "noElement": "TEHP81",
        "libElement": "Approche globale (FI et CP)",
        "codeNatureElp": "MATI",
        "libNatureElp": "Matière",
        "codeCNU": "68",
        "libCNU": "Biologie des organismes",
        "codePeriode": "5",
        "libPeriode": "Enseignement du cinquième semestre",
        "nbHeureCM": "15",
        "nbHeureTD": "20",
        "nbHeureTP": "0",
        "nbHeureCMTD": "0",
        "nbGroupeCM": "1",
        "nbGroupeTD": "1",
        "nbGroupeTP": "2",
        "nbGroupeCMTD": "0",
        "nbEtuInscritElpEtape": "23",
        "nbEtuInscritElpTotal": "23",
        "volumeHoraireElpPondereEtape": "42.5",
        "volumeHoraireElpTotal": "42.5",
        "nbEtuInscritPrevisionnelElpEtape": "0",
        "nbEtuInscritPrevisionnelElpTotal": "0",
        "nbEtape": "1"
    },
    {
        "annee": "2024",
        "codeStructureEtape": "AES",
        "libStructureEtape": "Faculté des Sciences",
        "codeEtape": "TLPMEH1",
        "libEtape": "LP Management en entreprises d'horticulture & du paysage",
        "noElement": "TEHP33",
        "libElement": "Management et administration des entreprises",
        "codeNatureElp": "MATI",
        "libNatureElp": "Matière",
        "codeCNU": null,
        "libCNU": null,
        "codePeriode": "5",
        "libPeriode": "Enseignement du cinquième semestre",
        "nbHeureCM": "8",
        "nbHeureTD": "8",
        "nbHeureTP": "0",
        "nbHeureCMTD": "0",
        "nbGroupeCM": "1",
        "nbGroupeTD": "1",
        "nbGroupeTP": "2",
        "nbGroupeCMTD": "0",
        "nbEtuInscritElpEtape": "23",
        "nbEtuInscritElpTotal": "23",
        "volumeHoraireElpPondereEtape": "20",
        "volumeHoraireElpTotal": "20",
        "nbEtuInscritPrevisionnelElpEtape": "0",
        "nbEtuInscritPrevisionnelElpTotal": "0",
        "nbEtape": "1"
    },
    {
        "annee": "2024",
        "codeStructureEtape": "AES",
        "libStructureEtape": "Faculté des Sciences",
        "codeEtape": "TLPMEH1",
        "libEtape": "LP Management en entreprises d'horticulture & du paysage",
        "noElement": "TEHP23",
        "libElement": "Commerce international",
        "codeNatureElp": "MATI",
        "libNatureElp": "Matière",
        "codeCNU": "05",
        "libCNU": "Sciences économiques",
        "codePeriode": "5",
        "libPeriode": "Enseignement du cinquième semestre",
        "nbHeureCM": "10",
        "nbHeureTD": "10",
        "nbHeureTP": "0",
        "nbHeureCMTD": "0",
        "nbGroupeCM": "1",
        "nbGroupeTD": "1",
        "nbGroupeTP": "2",
        "nbGroupeCMTD": "0",
        "nbEtuInscritElpEtape": "23",
        "nbEtuInscritElpTotal": "23",
        "volumeHoraireElpPondereEtape": "25",
        "volumeHoraireElpTotal": "25",
        "nbEtuInscritPrevisionnelElpEtape": "0",
        "nbEtuInscritPrevisionnelElpTotal": "0",
        "nbEtape": "1"
    },
    {
        "annee": "2024",
        "codeStructureEtape": "AES",
        "libStructureEtape": "Faculté des Sciences",
        "codeEtape": "TLPMEH1",
        "libEtape": "LP Management en entreprises d'horticulture & du paysage",
        "noElement": "TEHP92",
        "libElement": "Stage management (3 mois)",
        "codeNatureElp": "STAG",
        "libNatureElp": "Stage",
        "codeCNU": null,
        "libCNU": null,
        "codePeriode": "6",
        "libPeriode": "Enseignement du sixième semestre",
        "nbHeureCM": "0",
        "nbHeureTD": "3",
        "nbHeureTP": "0",
        "nbHeureCMTD": "0",
        "nbGroupeCM": "23",
        "nbGroupeTD": "23",
        "nbGroupeTP": "23",
        "nbGroupeCMTD": "0",
        "nbEtuInscritElpEtape": "23",
        "nbEtuInscritElpTotal": "23",
        "volumeHoraireElpPondereEtape": "69",
        "volumeHoraireElpTotal": "69",
        "nbEtuInscritPrevisionnelElpEtape": "0",
        "nbEtuInscritPrevisionnelElpTotal": "0",
        "nbEtape": "1"
    },
    {
        "annee": "2024",
        "codeStructureEtape": "AES",
        "libStructureEtape": "Faculté des Sciences",
        "codeEtape": "TLPMEH1",
        "libEtape": "LP Management en entreprises d'horticulture & du paysage",
        "noElement": "TEHP34",
        "libElement": "Management des ressources humaines",
        "codeNatureElp": "MATI",
        "libNatureElp": "Matière",
        "codeCNU": "06",
        "libCNU": "Sciences de gestion",
        "codePeriode": "5",
        "libPeriode": "Enseignement du cinquième semestre",
        "nbHeureCM": "20",
        "nbHeureTD": "30",
        "nbHeureTP": "0",
        "nbHeureCMTD": "0",
        "nbGroupeCM": "1",
        "nbGroupeTD": "1",
        "nbGroupeTP": "2",
        "nbGroupeCMTD": "0",
        "nbEtuInscritElpEtape": "23",
        "nbEtuInscritElpTotal": "23",
        "volumeHoraireElpPondereEtape": "60",
        "volumeHoraireElpTotal": "60",
        "nbEtuInscritPrevisionnelElpEtape": "0",
        "nbEtuInscritPrevisionnelElpTotal": "0",
        "nbEtape": "1"
    },
    {
        "annee": "2024",
        "codeStructureEtape": "AES",
        "libStructureEtape": "Faculté des Sciences",
        "codeEtape": "TLPMEH1",
        "libEtape": "LP Management en entreprises d'horticulture & du paysage",
        "noElement": "TEHP82A",
        "libElement": "Projet tuteuré (uniq. pour les FI)",
        "codeNatureElp": "MATI",
        "libNatureElp": "Matière",
        "codeCNU": null,
        "libCNU": null,
        "codePeriode": "5",
        "libPeriode": "Enseignement du cinquième semestre",
        "nbHeureCM": "0",
        "nbHeureTD": "100",
        "nbHeureTP": "0",
        "nbHeureCMTD": "0",
        "nbGroupeCM": "0",
        "nbGroupeTD": "0",
        "nbGroupeTP": "0",
        "nbGroupeCMTD": "0",
        "nbEtuInscritElpEtape": "0",
        "nbEtuInscritElpTotal": "0",
        "volumeHoraireElpPondereEtape": "0",
        "volumeHoraireElpTotal": "100",
        "nbEtuInscritPrevisionnelElpEtape": "0",
        "nbEtuInscritPrevisionnelElpTotal": "0",
        "nbEtape": "1"
    },
    {
        "annee": "2024",
        "codeStructureEtape": "AES",
        "libStructureEtape": "Faculté des Sciences",
        "codeEtape": "TLPMEH1",
        "libEtape": "LP Management en entreprises d'horticulture & du paysage",
        "noElement": "TEHP11",
        "libElement": "Connaissance des filières horticoles et de paysage",
        "codeNatureElp": "MATI",
        "libNatureElp": "Matière",
        "codeCNU": "68",
        "libCNU": "Biologie des organismes",
        "codePeriode": "5",
        "libPeriode": "Enseignement du cinquième semestre",
        "nbHeureCM": "8",
        "nbHeureTD": "7",
        "nbHeureTP": "0",
        "nbHeureCMTD": "0",
        "nbGroupeCM": "1",
        "nbGroupeTD": "1",
        "nbGroupeTP": "2",
        "nbGroupeCMTD": "0",
        "nbEtuInscritElpEtape": "23",
        "nbEtuInscritElpTotal": "23",
        "volumeHoraireElpPondereEtape": "19",
        "volumeHoraireElpTotal": "19",
        "nbEtuInscritPrevisionnelElpEtape": "0",
        "nbEtuInscritPrevisionnelElpTotal": "0",
        "nbEtape": "1"
    },
    {
        "annee": "2024",
        "codeStructureEtape": "AES",
        "libStructureEtape": "Faculté des Sciences",
        "codeEtape": "TLPMEH1",
        "libEtape": "LP Management en entreprises d'horticulture & du paysage",
        "noElement": "TEHP22",
        "libElement": "Marketing stratégique",
        "codeNatureElp": "MATI",
        "libNatureElp": "Matière",
        "codeCNU": "06",
        "libCNU": "Sciences de gestion",
        "codePeriode": "5",
        "libPeriode": "Enseignement du cinquième semestre",
        "nbHeureCM": "12",
        "nbHeureTD": "8",
        "nbHeureTP": "0",
        "nbHeureCMTD": "0",
        "nbGroupeCM": "1",
        "nbGroupeTD": "1",
        "nbGroupeTP": "2",
        "nbGroupeCMTD": "0",
        "nbEtuInscritElpEtape": "23",
        "nbEtuInscritElpTotal": "23",
        "volumeHoraireElpPondereEtape": "26",
        "volumeHoraireElpTotal": "26",
        "nbEtuInscritPrevisionnelElpEtape": "0",
        "nbEtuInscritPrevisionnelElpTotal": "0",
        "nbEtape": "1"
    },
    {
        "annee": "2024",
        "codeStructureEtape": "AES",
        "libStructureEtape": "Faculté des Sciences",
        "codeEtape": "TLPMEH1",
        "libEtape": "LP Management en entreprises d'horticulture & du paysage",
        "noElement": "TEHP12",
        "libElement": "Complément de biologie végétale",
        "codeNatureElp": "MATI",
        "libNatureElp": "Matière",
        "codeCNU": "67",
        "libCNU": "Biologie des populations et écologie",
        "codePeriode": "5",
        "libPeriode": "Enseignement du cinquième semestre",
        "nbHeureCM": "0",
        "nbHeureTD": "0",
        "nbHeureTP": "25",
        "nbHeureCMTD": "0",
        "nbGroupeCM": "1",
        "nbGroupeTD": "1",
        "nbGroupeTP": "2",
        "nbGroupeCMTD": "0",
        "nbEtuInscritElpEtape": "23",
        "nbEtuInscritElpTotal": "23",
        "volumeHoraireElpPondereEtape": "50",
        "volumeHoraireElpTotal": "50",
        "nbEtuInscritPrevisionnelElpEtape": "0",
        "nbEtuInscritPrevisionnelElpTotal": "0",
        "nbEtape": "1"
    },
    {
        "annee": "2024",
        "codeStructureEtape": "AES",
        "libStructureEtape": "Faculté des Sciences",
        "codeEtape": "TLPMEH1",
        "libEtape": "LP Management en entreprises d'horticulture & du paysage",
        "noElement": "TEHP21",
        "libElement": "Concept fondamentaux du marketing",
        "codeNatureElp": "MATI",
        "libNatureElp": "Matière",
        "codeCNU": "06",
        "libCNU": "Sciences de gestion",
        "codePeriode": "5",
        "libPeriode": "Enseignement du cinquième semestre",
        "nbHeureCM": "12",
        "nbHeureTD": "0",
        "nbHeureTP": "0",
        "nbHeureCMTD": "0",
        "nbGroupeCM": "1",
        "nbGroupeTD": "1",
        "nbGroupeTP": "2",
        "nbGroupeCMTD": "0",
        "nbEtuInscritElpEtape": "23",
        "nbEtuInscritElpTotal": "23",
        "volumeHoraireElpPondereEtape": "18",
        "volumeHoraireElpTotal": "18",
        "nbEtuInscritPrevisionnelElpEtape": "0",
        "nbEtuInscritPrevisionnelElpTotal": "0",
        "nbEtape": "1"
    },
    {
        "annee": "2024",
        "codeStructureEtape": "AES",
        "libStructureEtape": "Faculté des Sciences",
        "codeEtape": "TLPMEH1",
        "libEtape": "LP Management en entreprises d'horticulture & du paysage",
        "noElement": "TEHP62",
        "libElement": "Expression écrite et communication",
        "codeNatureElp": "MATI",
        "libNatureElp": "Matière",
        "codeCNU": "09",
        "libCNU": "Langue et littérature françaises",
        "codePeriode": "5",
        "libPeriode": "Enseignement du cinquième semestre",
        "nbHeureCM": "0",
        "nbHeureTD": "20",
        "nbHeureTP": "0",
        "nbHeureCMTD": "0",
        "nbGroupeCM": "1",
        "nbGroupeTD": "1",
        "nbGroupeTP": "2",
        "nbGroupeCMTD": "0",
        "nbEtuInscritElpEtape": "23",
        "nbEtuInscritElpTotal": "23",
        "volumeHoraireElpPondereEtape": "20",
        "volumeHoraireElpTotal": "20",
        "nbEtuInscritPrevisionnelElpEtape": "0",
        "nbEtuInscritPrevisionnelElpTotal": "0",
        "nbEtape": "1"
    },
    {
        "annee": "2024",
        "codeStructureEtape": "AES",
        "libStructureEtape": "Faculté des Sciences",
        "codeEtape": "TLPMEH1",
        "libEtape": "LP Management en entreprises d'horticulture & du paysage",
        "noElement": "TEHP91",
        "libElement": "Stage technique (1 mois)",
        "codeNatureElp": "STAG",
        "libNatureElp": "Stage",
        "codeCNU": "05",
        "libCNU": "Sciences économiques",
        "codePeriode": "6",
        "libPeriode": "Enseignement du sixième semestre",
        "nbHeureCM": "0",
        "nbHeureTD": "3",
        "nbHeureTP": "0",
        "nbHeureCMTD": "0",
        "nbGroupeCM": "23",
        "nbGroupeTD": "23",
        "nbGroupeTP": "23",
        "nbGroupeCMTD": "0",
        "nbEtuInscritElpEtape": "23",
        "nbEtuInscritElpTotal": "23",
        "volumeHoraireElpPondereEtape": "69",
        "volumeHoraireElpTotal": "69",
        "nbEtuInscritPrevisionnelElpEtape": "0",
        "nbEtuInscritPrevisionnelElpTotal": "0",
        "nbEtape": "1"
    },
    {
        "annee": "2024",
        "codeStructureEtape": "AES",
        "libStructureEtape": "Faculté des Sciences",
        "codeEtape": "TLPMEH1",
        "libEtape": "LP Management en entreprises d'horticulture & du paysage",
        "noElement": "TEHP42",
        "libElement": "Mathématiques et informatique pour la décision",
        "codeNatureElp": "MATI",
        "libNatureElp": "Matière",
        "codeCNU": "25",
        "libCNU": "Mathématiques",
        "codePeriode": "5",
        "libPeriode": "Enseignement du cinquième semestre",
        "nbHeureCM": "10",
        "nbHeureTD": "10",
        "nbHeureTP": "10",
        "nbHeureCMTD": "0",
        "nbGroupeCM": "1",
        "nbGroupeTD": "1",
        "nbGroupeTP": "2",
        "nbGroupeCMTD": "0",
        "nbEtuInscritElpEtape": "23",
        "nbEtuInscritElpTotal": "23",
        "volumeHoraireElpPondereEtape": "45",
        "volumeHoraireElpTotal": "45",
        "nbEtuInscritPrevisionnelElpEtape": "0",
        "nbEtuInscritPrevisionnelElpTotal": "0",
        "nbEtape": "1"
    },
    {
        "annee": "2024",
        "codeStructureEtape": "AES",
        "libStructureEtape": "Faculté des Sciences",
        "codeEtape": "TLPMEH1",
        "libEtape": "LP Management en entreprises d'horticulture & du paysage",
        "noElement": "TEHP52",
        "libElement": "Comptabilité analytique et application informatique",
        "codeNatureElp": "MATI",
        "libNatureElp": "Matière",
        "codeCNU": "06",
        "libCNU": "Sciences de gestion",
        "codePeriode": "5",
        "libPeriode": "Enseignement du cinquième semestre",
        "nbHeureCM": "10",
        "nbHeureTD": "15",
        "nbHeureTP": "0",
        "nbHeureCMTD": "0",
        "nbGroupeCM": "1",
        "nbGroupeTD": "1",
        "nbGroupeTP": "2",
        "nbGroupeCMTD": "0",
        "nbEtuInscritElpEtape": "23",
        "nbEtuInscritElpTotal": "23",
        "volumeHoraireElpPondereEtape": "30",
        "volumeHoraireElpTotal": "30",
        "nbEtuInscritPrevisionnelElpEtape": "0",
        "nbEtuInscritPrevisionnelElpTotal": "0",
        "nbEtape": "1"
    },
    {
        "annee": "2024",
        "codeStructureEtape": "AES",
        "libStructureEtape": "Faculté des Sciences",
        "codeEtape": "TLPMEH1",
        "libEtape": "LP Management en entreprises d'horticulture & du paysage",
        "noElement": "TEHP61",
        "libElement": "Communication et anglais professionnel",
        "codeNatureElp": "MATI",
        "libNatureElp": "Matière",
        "codeCNU": "11",
        "libCNU": "Langues et littératures anglaises et anglo-saxonnes",
        "codePeriode": "5",
        "libPeriode": "Enseignement du cinquième semestre",
        "nbHeureCM": "0",
        "nbHeureTD": "30",
        "nbHeureTP": "0",
        "nbHeureCMTD": "0",
        "nbGroupeCM": "1",
        "nbGroupeTD": "1",
        "nbGroupeTP": "2",
        "nbGroupeCMTD": "0",
        "nbEtuInscritElpEtape": "23",
        "nbEtuInscritElpTotal": "23",
        "volumeHoraireElpPondereEtape": "30",
        "volumeHoraireElpTotal": "30",
        "nbEtuInscritPrevisionnelElpEtape": "0",
        "nbEtuInscritPrevisionnelElpTotal": "0",
        "nbEtape": "1"
    },
    {
        "annee": "2024",
        "codeStructureEtape": "AES",
        "libStructureEtape": "Faculté des Sciences",
        "codeEtape": "TLPMEH1",
        "libEtape": "LP Management en entreprises d'horticulture & du paysage",
        "noElement": "TEHP41",
        "libElement": "Logistique et gestion de flux",
        "codeNatureElp": "MATI",
        "libNatureElp": "Matière",
        "codeCNU": "06",
        "libCNU": "Sciences de gestion",
        "codePeriode": "5",
        "libPeriode": "Enseignement du cinquième semestre",
        "nbHeureCM": "10",
        "nbHeureTD": "15",
        "nbHeureTP": "10",
        "nbHeureCMTD": "0",
        "nbGroupeCM": "1",
        "nbGroupeTD": "1",
        "nbGroupeTP": "2",
        "nbGroupeCMTD": "0",
        "nbEtuInscritElpEtape": "23",
        "nbEtuInscritElpTotal": "23",
        "volumeHoraireElpPondereEtape": "50",
        "volumeHoraireElpTotal": "50",
        "nbEtuInscritPrevisionnelElpEtape": "0",
        "nbEtuInscritPrevisionnelElpTotal": "0",
        "nbEtape": "1"
    },
    {
        "annee": "2024",
        "codeStructureEtape": "AES",
        "libStructureEtape": "Faculté des Sciences",
        "codeEtape": "TLPMEH1",
        "libEtape": "LP Management en entreprises d'horticulture & du paysage",
        "noElement": "TEHP51",
        "libElement": "Gestion financière",
        "codeNatureElp": "MATI",
        "libNatureElp": "Matière",
        "codeCNU": "06",
        "libCNU": "Sciences de gestion",
        "codePeriode": "5",
        "libPeriode": "Enseignement du cinquième semestre",
        "nbHeureCM": "20",
        "nbHeureTD": "20",
        "nbHeureTP": "0",
        "nbHeureCMTD": "0",
        "nbGroupeCM": "1",
        "nbGroupeTD": "1",
        "nbGroupeTP": "2",
        "nbGroupeCMTD": "0",
        "nbEtuInscritElpEtape": "23",
        "nbEtuInscritElpTotal": "23",
        "volumeHoraireElpPondereEtape": "50",
        "volumeHoraireElpTotal": "50",
        "nbEtuInscritPrevisionnelElpEtape": "0",
        "nbEtuInscritPrevisionnelElpTotal": "0",
        "nbEtape": "1"
    },
    {
        "annee": "2024",
        "codeStructureEtape": "AES",
        "libStructureEtape": "Faculté des Sciences",
        "codeEtape": "TLPMEH1",
        "libEtape": "LP Management en entreprises d'horticulture & du paysage",
        "noElement": "TEHP31",
        "libElement": "Droit social et droit du travail",
        "codeNatureElp": "MATI",
        "libNatureElp": "Matière",
        "codeCNU": "02",
        "libCNU": "Droit public",
        "codePeriode": "5",
        "libPeriode": "Enseignement du cinquième semestre",
        "nbHeureCM": "16",
        "nbHeureTD": "8",
        "nbHeureTP": "0",
        "nbHeureCMTD": "0",
        "nbGroupeCM": "1",
        "nbGroupeTD": "1",
        "nbGroupeTP": "2",
        "nbGroupeCMTD": "0",
        "nbEtuInscritElpEtape": "23",
        "nbEtuInscritElpTotal": "23",
        "volumeHoraireElpPondereEtape": "32",
        "volumeHoraireElpTotal": "32",
        "nbEtuInscritPrevisionnelElpEtape": "0",
        "nbEtuInscritPrevisionnelElpTotal": "0",
        "nbEtape": "1"
    },
    {
        "annee": "2024",
        "codeStructureEtape": "AES",
        "libStructureEtape": "Faculté des Sciences",
        "codeEtape": "TLPMEH1",
        "libEtape": "LP Management en entreprises d'horticulture & du paysage",
        "noElement": "TEHP82B",
        "libElement": "Justif. de la problématique pro (uniq pour les CP)",
        "codeNatureElp": "MATI",
        "libNatureElp": "Matière",
        "codeCNU": "24",
        "libCNU": "Aménagement de l'espace, urbanisme",
        "codePeriode": "5",
        "libPeriode": "Enseignement du cinquième semestre",
        "nbHeureCM": "0",
        "nbHeureTD": "100",
        "nbHeureTP": "0",
        "nbHeureCMTD": "0",
        "nbGroupeCM": "1",
        "nbGroupeTD": "1",
        "nbGroupeTP": "2",
        "nbGroupeCMTD": "0",
        "nbEtuInscritElpEtape": "23",
        "nbEtuInscritElpTotal": "23",
        "volumeHoraireElpPondereEtape": "100",
        "volumeHoraireElpTotal": "100",
        "nbEtuInscritPrevisionnelElpEtape": "0",
        "nbEtuInscritPrevisionnelElpTotal": "0",
        "nbEtape": "1"
    },
    {
        "annee": "2024",
        "codeStructureEtape": "AES",
        "libStructureEtape": "Faculté des Sciences",
        "codeEtape": "TLPMEH1",
        "libEtape": "LP Management en entreprises d'horticulture & du paysage",
        "noElement": "TEHP71B",
        "libElement": "Création d'entreprise",
        "codeNatureElp": "MATI",
        "libNatureElp": "Matière",
        "codeCNU": null,
        "libCNU": null,
        "codePeriode": "5",
        "libPeriode": "Enseignement du cinquième semestre",
        "nbHeureCM": "0",
        "nbHeureTD": "20",
        "nbHeureTP": "0",
        "nbHeureCMTD": "0",
        "nbGroupeCM": "1",
        "nbGroupeTD": "1",
        "nbGroupeTP": "2",
        "nbGroupeCMTD": "0",
        "nbEtuInscritElpEtape": "23",
        "nbEtuInscritElpTotal": "23",
        "volumeHoraireElpPondereEtape": "20",
        "volumeHoraireElpTotal": "20",
        "nbEtuInscritPrevisionnelElpEtape": "0",
        "nbEtuInscritPrevisionnelElpTotal": "0",
        "nbEtape": "1"
    }
]