[
    {
        "annee": "2024",
        "codeStructureEtape": "AES",
        "libStructureEtape": "Faculté des Sciences",
        "codeEtape": "TM1GBI1",
        "libEtape": "M1 BEE / Gestion de la biodiversité dans socio-écosystèmes",
        "noElement": "TBE422",
        "libElement": "Socio-écosystèmes",
        "codeNatureElp": "MATI",
        "libNatureElp": "Matière",
        "codeCNU": "67",
        "libCNU": "Biologie des populations et écologie",
        "codePeriode": "2",
        "libPeriode": "Enseignement du second semestre",
        "nbHeureCM": "12",
        "nbHeureTD": "12",
        "nbHeureTP": "4",
        "nbHeureCMTD": "0",
        "nbGroupeCM": "1",
        "nbGroupeTD": "1",
        "nbGroupeTP": "2",
        "nbGroupeCMTD": "0",
        "nbEtuInscritElpEtape": "19",
        "nbEtuInscritElpTotal": "37",
        "volumeHoraireElpPondereEtape": "19.51",
        "volumeHoraireElpTotal": "38",
        "nbEtuInscritPrevisionnelElpEtape": "40",
        "nbEtuInscritPrevisionnelElpTotal": "20",
        "nbEtape": "2"
    },
    {
        "annee": "2024",
        "codeStructureEtape": "AES",
        "libStructureEtape": "Faculté des Sciences",
        "codeEtape": "TM1GBI1",
        "libEtape": "M1 BEE / Gestion de la biodiversité dans socio-écosystèmes",
        "noElement": "TBE426A",
        "libElement": "Ecologie du paysage",
        "codeNatureElp": "MATI",
        "libNatureElp": "Matière",
        "codeCNU": "67",
        "libCNU": "Biologie des populations et écologie",
        "codePeriode": "2",
        "libPeriode": "Enseignement du second semestre",
        "nbHeureCM": "16",
        "nbHeureTD": "0",
        "nbHeureTP": "12",
        "nbHeureCMTD": "0",
        "nbGroupeCM": "1",
        "nbGroupeTD": "1",
        "nbGroupeTP": "1",
        "nbGroupeCMTD": "0",
        "nbEtuInscritElpEtape": "19",
        "nbEtuInscritElpTotal": "19",
        "volumeHoraireElpPondereEtape": "36",
        "volumeHoraireElpTotal": "36",
        "nbEtuInscritPrevisionnelElpEtape": "20",
        "nbEtuInscritPrevisionnelElpTotal": "20",
        "nbEtape": "1"
    },
    {
        "annee": "2024",
        "codeStructureEtape": "AES",
        "libStructureEtape": "Faculté des Sciences",
        "codeEtape": "TM1GBI1",
        "libEtape": "M1 BEE / Gestion de la biodiversité dans socio-écosystèmes",
        "noElement": "TBE425",
        "libElement": "Stage",
        "codeNatureElp": "STAG",
        "libNatureElp": "Stage",
        "codeCNU": null,
        "libCNU": null,
        "codePeriode": "2",
        "libPeriode": "Enseignement du second semestre",
        "nbHeureCM": "0",
        "nbHeureTD": "3",
        "nbHeureTP": "0",
        "nbHeureCMTD": "0",
        "nbGroupeCM": "38",
        "nbGroupeTD": "38",
        "nbGroupeTP": "38",
        "nbGroupeCMTD": "0",
        "nbEtuInscritElpEtape": "19",
        "nbEtuInscritElpTotal": "38",
        "volumeHoraireElpPondereEtape": "57",
        "volumeHoraireElpTotal": "114",
        "nbEtuInscritPrevisionnelElpEtape": "40",
        "nbEtuInscritPrevisionnelElpTotal": "20",
        "nbEtape": "2"
    },
    {
        "annee": "2024",
        "codeStructureEtape": "AES",
        "libStructureEtape": "Faculté des Sciences",
        "codeEtape": "TM1GBI1",
        "libEtape": "M1 BEE / Gestion de la biodiversité dans socio-écosystèmes",
        "noElement": "TBE411",
        "libElement": "Analyse de données 1 : statistiques, SIG, bioinformatique",
        "codeNatureElp": "MATI",
        "libNatureElp": "Matière",
        "codeCNU": "67",
        "libCNU": "Biologie des populations et écologie",
        "codePeriode": "1",
        "libPeriode": "Enseignement du premier semestre",
        "nbHeureCM": "4",
        "nbHeureTD": "0",
        "nbHeureTP": "52",
        "nbHeureCMTD": "0",
        "nbGroupeCM": "1",
        "nbGroupeTD": "1",
        "nbGroupeTP": "2",
        "nbGroupeCMTD": "0",
        "nbEtuInscritElpEtape": "19",
        "nbEtuInscritElpTotal": "37",
        "volumeHoraireElpPondereEtape": "56.49",
        "volumeHoraireElpTotal": "110",
        "nbEtuInscritPrevisionnelElpEtape": "39",
        "nbEtuInscritPrevisionnelElpTotal": "19",
        "nbEtape": "2"
    },
    {
        "annee": "2024",
        "codeStructureEtape": "AES",
        "libStructureEtape": "Faculté des Sciences",
        "codeEtape": "TM1GBI1",
        "libEtape": "M1 BEE / Gestion de la biodiversité dans socio-écosystèmes",
        "noElement": "TBE429A",
        "libElement": "Analyse des systèmes agraires et biodiversité",
        "codeNatureElp": "MATI",
        "libNatureElp": "Matière",
        "codeCNU": "68",
        "libCNU": "Biologie des organismes",
        "codePeriode": "2",
        "libPeriode": "Enseignement du second semestre",
        "nbHeureCM": "9",
        "nbHeureTD": "6",
        "nbHeureTP": "13",
        "nbHeureCMTD": "0",
        "nbGroupeCM": "1",
        "nbGroupeTD": "1",
        "nbGroupeTP": "1",
        "nbGroupeCMTD": "0",
        "nbEtuInscritElpEtape": "19",
        "nbEtuInscritElpTotal": "19",
        "volumeHoraireElpPondereEtape": "32.5",
        "volumeHoraireElpTotal": "32.5",
        "nbEtuInscritPrevisionnelElpEtape": "20",
        "nbEtuInscritPrevisionnelElpTotal": "20",
        "nbEtape": "1"
    },
    {
        "annee": "2024",
        "codeStructureEtape": "AES",
        "libStructureEtape": "Faculté des Sciences",
        "codeEtape": "TM1GBI1",
        "libEtape": "M1 BEE / Gestion de la biodiversité dans socio-écosystèmes",
        "noElement": "TBE418A",
        "libElement": "Ecologie et génétique évolutive appliquées à la conservation",
        "codeNatureElp": "MATI",
        "libNatureElp": "Matière",
        "codeCNU": "67",
        "libCNU": "Biologie des populations et écologie",
        "codePeriode": "1",
        "libPeriode": "Enseignement du premier semestre",
        "nbHeureCM": "12",
        "nbHeureTD": "0",
        "nbHeureTP": "16",
        "nbHeureCMTD": "0",
        "nbGroupeCM": "1",
        "nbGroupeTD": "1",
        "nbGroupeTP": "1",
        "nbGroupeCMTD": "0",
        "nbEtuInscritElpEtape": "19",
        "nbEtuInscritElpTotal": "19",
        "volumeHoraireElpPondereEtape": "34",
        "volumeHoraireElpTotal": "34",
        "nbEtuInscritPrevisionnelElpEtape": "19",
        "nbEtuInscritPrevisionnelElpTotal": "19",
        "nbEtape": "1"
    },
    {
        "annee": "2024",
        "codeStructureEtape": "AES",
        "libStructureEtape": "Faculté des Sciences",
        "codeEtape": "TM1GBI1",
        "libEtape": "M1 BEE / Gestion de la biodiversité dans socio-écosystèmes",
        "noElement": "TCH402",
        "libElement": "Fonctionnement et restauration des écosystèmes",
        "codeNatureElp": "CHAR",
        "libNatureElp": "Charges d'Enseignement",
        "codeCNU": "67",
        "libCNU": "Biologie des populations et écologie",
        "codePeriode": "1",
        "libPeriode": "Enseignement du premier semestre",
        "nbHeureCM": "16",
        "nbHeureTD": "12",
        "nbHeureTP": "0",
        "nbHeureCMTD": "0",
        "nbGroupeCM": "1",
        "nbGroupeTD": "1",
        "nbGroupeTP": "2",
        "nbGroupeCMTD": "0",
        "nbEtuInscritElpEtape": "19",
        "nbEtuInscritElpTotal": "37",
        "volumeHoraireElpPondereEtape": "18.49",
        "volumeHoraireElpTotal": "36",
        "nbEtuInscritPrevisionnelElpEtape": "40",
        "nbEtuInscritPrevisionnelElpTotal": "19",
        "nbEtape": "3"
    },
    {
        "annee": "2024",
        "codeStructureEtape": "AES",
        "libStructureEtape": "Faculté des Sciences",
        "codeEtape": "TM1GBI1",
        "libEtape": "M1 BEE / Gestion de la biodiversité dans socio-écosystèmes",
        "noElement": "TBE417",
        "libElement": "3PE : projets personnels et professionnels - semestre 1",
        "codeNatureElp": "PRJ",
        "libNatureElp": "Projet",
        "codeCNU": null,
        "libCNU": null,
        "codePeriode": "1",
        "libPeriode": "Enseignement du premier semestre",
        "nbHeureCM": "1.33",
        "nbHeureTD": "6",
        "nbHeureTP": "20.7",
        "nbHeureCMTD": "0",
        "nbGroupeCM": "1",
        "nbGroupeTD": "1",
        "nbGroupeTP": "2",
        "nbGroupeCMTD": "0",
        "nbEtuInscritElpEtape": "19",
        "nbEtuInscritElpTotal": "37",
        "volumeHoraireElpPondereEtape": "25.37",
        "volumeHoraireElpTotal": "49.4",
        "nbEtuInscritPrevisionnelElpEtape": "39",
        "nbEtuInscritPrevisionnelElpTotal": "19",
        "nbEtape": "2"
    },
    {
        "annee": "2024",
        "codeStructureEtape": "AES",
        "libStructureEtape": "Faculté des Sciences",
        "codeEtape": "TM1GBI1",
        "libEtape": "M1 BEE / Gestion de la biodiversité dans socio-écosystèmes",
        "noElement": "TBE416",
        "libElement": "Anglais",
        "codeNatureElp": "MATI",
        "libNatureElp": "Matière",
        "codeCNU": "11",
        "libCNU": "Langues et littératures anglaises et anglo-saxonnes",
        "codePeriode": "1",
        "libPeriode": "Enseignement du premier semestre",
        "nbHeureCM": "0",
        "nbHeureTD": "0",
        "nbHeureTP": "28",
        "nbHeureCMTD": "0",
        "nbGroupeCM": "1",
        "nbGroupeTD": "1",
        "nbGroupeTP": "2",
        "nbGroupeCMTD": "0",
        "nbEtuInscritElpEtape": "19",
        "nbEtuInscritElpTotal": "37",
        "volumeHoraireElpPondereEtape": "28.76",
        "volumeHoraireElpTotal": "56",
        "nbEtuInscritPrevisionnelElpEtape": "39",
        "nbEtuInscritPrevisionnelElpTotal": "19",
        "nbEtape": "2"
    },
    {
        "annee": "2024",
        "codeStructureEtape": "AES",
        "libStructureEtape": "Faculté des Sciences",
        "codeEtape": "TM1GBI1",
        "libEtape": "M1 BEE / Gestion de la biodiversité dans socio-écosystèmes",
        "noElement": "TCH407",
        "libElement": "Estimation de la biodiversité et techniques d'inventaires",
        "codeNatureElp": "CHAR",
        "libNatureElp": "Charges d'Enseignement",
        "codeCNU": "68",
        "libCNU": "Biologie des organismes",
        "codePeriode": "2",
        "libPeriode": "Enseignement du second semestre",
        "nbHeureCM": "17",
        "nbHeureTD": "0",
        "nbHeureTP": "11",
        "nbHeureCMTD": "0",
        "nbGroupeCM": "1",
        "nbGroupeTD": "1",
        "nbGroupeTP": "1",
        "nbGroupeCMTD": "0",
        "nbEtuInscritElpEtape": "19",
        "nbEtuInscritElpTotal": "19",
        "volumeHoraireElpPondereEtape": "36.5",
        "volumeHoraireElpTotal": "36.5",
        "nbEtuInscritPrevisionnelElpEtape": "20",
        "nbEtuInscritPrevisionnelElpTotal": "20",
        "nbEtape": "2"
    },
    {
        "annee": "2024",
        "codeStructureEtape": "AES",
        "libStructureEtape": "Faculté des Sciences",
        "codeEtape": "TM1GBI1",
        "libEtape": "M1 BEE / Gestion de la biodiversité dans socio-écosystèmes",
        "noElement": "TBE423",
        "libElement": "Biologie de la conservation",
        "codeNatureElp": "MATI",
        "libNatureElp": "Matière",
        "codeCNU": "67",
        "libCNU": "Biologie des populations et écologie",
        "codePeriode": "2",
        "libPeriode": "Enseignement du second semestre",
        "nbHeureCM": "18",
        "nbHeureTD": "0",
        "nbHeureTP": "6",
        "nbHeureCMTD": "0",
        "nbGroupeCM": "1",
        "nbGroupeTD": "1",
        "nbGroupeTP": "2",
        "nbGroupeCMTD": "0",
        "nbEtuInscritElpEtape": "19",
        "nbEtuInscritElpTotal": "37",
        "volumeHoraireElpPondereEtape": "20.03",
        "volumeHoraireElpTotal": "39",
        "nbEtuInscritPrevisionnelElpEtape": "40",
        "nbEtuInscritPrevisionnelElpTotal": "20",
        "nbEtape": "2"
    },
    {
        "annee": "2024",
        "codeStructureEtape": "AES",
        "libStructureEtape": "Faculté des Sciences",
        "codeEtape": "TM1GBI1",
        "libEtape": "M1 BEE / Gestion de la biodiversité dans socio-écosystèmes",
        "noElement": "TCH401",
        "libElement": "Ecologie",
        "codeNatureElp": "CHAR",
        "libNatureElp": "Charges d'Enseignement",
        "codeCNU": "67",
        "libCNU": "Biologie des populations et écologie",
        "codePeriode": "1",
        "libPeriode": "Enseignement du premier semestre",
        "nbHeureCM": "28",
        "nbHeureTD": "8.67",
        "nbHeureTP": "19.33",
        "nbHeureCMTD": "0",
        "nbGroupeCM": "1",
        "nbGroupeTD": "2",
        "nbGroupeTP": "3",
        "nbGroupeCMTD": "0",
        "nbEtuInscritElpEtape": "19",
        "nbEtuInscritElpTotal": "45",
        "volumeHoraireElpPondereEtape": "49.54",
        "volumeHoraireElpTotal": "117.33",
        "nbEtuInscritPrevisionnelElpEtape": "47",
        "nbEtuInscritPrevisionnelElpTotal": "19",
        "nbEtape": "3"
    },
    {
        "annee": "2024",
        "codeStructureEtape": "AES",
        "libStructureEtape": "Faculté des Sciences",
        "codeEtape": "TM1GBI1",
        "libEtape": "M1 BEE / Gestion de la biodiversité dans socio-écosystèmes",
        "noElement": "TBE414",
        "libElement": "Réponses évolutives de la biodiversité",
        "codeNatureElp": "MATI",
        "libNatureElp": "Matière",
        "codeCNU": "67",
        "libCNU": "Biologie des populations et écologie",
        "codePeriode": "1",
        "libPeriode": "Enseignement du premier semestre",
        "nbHeureCM": "18.67",
        "nbHeureTD": "5.33",
        "nbHeureTP": "4",
        "nbHeureCMTD": "0",
        "nbGroupeCM": "1",
        "nbGroupeTD": "1",
        "nbGroupeTP": "2",
        "nbGroupeCMTD": "0",
        "nbEtuInscritElpEtape": "19",
        "nbEtuInscritElpTotal": "37",
        "volumeHoraireElpPondereEtape": "21.23",
        "volumeHoraireElpTotal": "41.34",
        "nbEtuInscritPrevisionnelElpEtape": "39",
        "nbEtuInscritPrevisionnelElpTotal": "19",
        "nbEtape": "2"
    },
    {
        "annee": "2024",
        "codeStructureEtape": "AES",
        "libStructureEtape": "Faculté des Sciences",
        "codeEtape": "TM1GBI1",
        "libEtape": "M1 BEE / Gestion de la biodiversité dans socio-écosystèmes",
        "noElement": "TBE424",
        "libElement": "3PE : projets personnels et professionnels - semestre 2",
        "codeNatureElp": "PRJ",
        "libNatureElp": "Projet",
        "codeCNU": null,
        "libCNU": null,
        "codePeriode": "2",
        "libPeriode": "Enseignement du second semestre",
        "nbHeureCM": "1.33",
        "nbHeureTD": "6",
        "nbHeureTP": "20.67",
        "nbHeureCMTD": "0",
        "nbGroupeCM": "1",
        "nbGroupeTD": "1",
        "nbGroupeTP": "2",
        "nbGroupeCMTD": "0",
        "nbEtuInscritElpEtape": "18",
        "nbEtuInscritElpTotal": "36",
        "volumeHoraireElpPondereEtape": "24.67",
        "volumeHoraireElpTotal": "49.34",
        "nbEtuInscritPrevisionnelElpEtape": "40",
        "nbEtuInscritPrevisionnelElpTotal": "20",
        "nbEtape": "2"
    },
    {
        "annee": "2024",
        "codeStructureEtape": "AES",
        "libStructureEtape": "Faculté des Sciences",
        "codeEtape": "TM1GBI1",
        "libEtape": "M1 BEE / Gestion de la biodiversité dans socio-écosystèmes",
        "noElement": "TCH403",
        "libElement": "Biogéochimie environnementale",
        "codeNatureElp": "CHAR",
        "libNatureElp": "Charges d'Enseignement",
        "codeCNU": "36",
        "libCNU": "Terre solide : géodynamique des enveloppes supérieures, paléobiosphère",
        "codePeriode": "1",
        "libPeriode": "Enseignement du premier semestre",
        "nbHeureCM": "17.33",
        "nbHeureTD": "10.67",
        "nbHeureTP": "0",
        "nbHeureCMTD": "0",
        "nbGroupeCM": "1",
        "nbGroupeTD": "2",
        "nbGroupeTP": "3",
        "nbGroupeCMTD": "0",
        "nbEtuInscritElpEtape": "19",
        "nbEtuInscritElpTotal": "45",
        "volumeHoraireElpPondereEtape": "19.99",
        "volumeHoraireElpTotal": "47.34",
        "nbEtuInscritPrevisionnelElpEtape": "46",
        "nbEtuInscritPrevisionnelElpTotal": "19",
        "nbEtape": "3"
    },
    {
        "annee": "2024",
        "codeStructureEtape": "AES",
        "libStructureEtape": "Faculté des Sciences",
        "codeEtape": "TM1GBI1",
        "libEtape": "M1 BEE / Gestion de la biodiversité dans socio-écosystèmes",
        "noElement": "TBE421",
        "libElement": "Analyse de données 2 : enquètes, SIG",
        "codeNatureElp": "MATI",
        "libNatureElp": "Matière",
        "codeCNU": "67",
        "libCNU": "Biologie des populations et écologie",
        "codePeriode": "2",
        "libPeriode": "Enseignement du second semestre",
        "nbHeureCM": "0",
        "nbHeureTD": "0",
        "nbHeureTP": "28",
        "nbHeureCMTD": "0",
        "nbGroupeCM": "1",
        "nbGroupeTD": "1",
        "nbGroupeTP": "2",
        "nbGroupeCMTD": "0",
        "nbEtuInscritElpEtape": "19",
        "nbEtuInscritElpTotal": "37",
        "volumeHoraireElpPondereEtape": "28.76",
        "volumeHoraireElpTotal": "56",
        "nbEtuInscritPrevisionnelElpEtape": "40",
        "nbEtuInscritPrevisionnelElpTotal": "20",
        "nbEtape": "2"
    },
    {
        "annee": "2024",
        "codeStructureEtape": "AES",
        "libStructureEtape": "Faculté des Sciences",
        "codeEtape": "TM1GBI1",
        "libEtape": "M1 BEE / Gestion de la biodiversité dans socio-écosystèmes",
        "noElement": "TBE428C",
        "libElement": "Ecologie appliquée",
        "codeNatureElp": "MATI",
        "libNatureElp": "Matière",
        "codeCNU": "67",
        "libCNU": "Biologie des populations et écologie",
        "codePeriode": "2",
        "libPeriode": "Enseignement du second semestre",
        "nbHeureCM": "12",
        "nbHeureTD": "0",
        "nbHeureTP": "16",
        "nbHeureCMTD": "0",
        "nbGroupeCM": "1",
        "nbGroupeTD": "1",
        "nbGroupeTP": "1",
        "nbGroupeCMTD": "0",
        "nbEtuInscritElpEtape": "19",
        "nbEtuInscritElpTotal": "19",
        "volumeHoraireElpPondereEtape": "34",
        "volumeHoraireElpTotal": "34",
        "nbEtuInscritPrevisionnelElpEtape": "20",
        "nbEtuInscritPrevisionnelElpTotal": "20",
        "nbEtape": "1"
    }
]