[
    {
        "annee": "2024",
        "codeStructureEtape": "AES",
        "libStructureEtape": "Faculté des Sciences",
        "codeEtape": "TM1BV3",
        "libEtape": "M1 Biologie Végétale",
        "noElement": "TBV425C",
        "libElement": "Statistiques inférentielles et modélisation",
        "codeNatureElp": "MATI",
        "libNatureElp": "Matière",
        "codeCNU": "26",
        "libCNU": "Mathématiques appliquées et applications des mathématiques",
        "codePeriode": "2",
        "libPeriode": "Enseignement du second semestre",
        "nbHeureCM": "3",
        "nbHeureTD": "0",
        "nbHeureTP": "25.33",
        "nbHeureCMTD": "0",
        "nbGroupeCM": "1",
        "nbGroupeTD": "1",
        "nbGroupeTP": "2",
        "nbGroupeCMTD": "0",
        "nbEtuInscritElpEtape": "32",
        "nbEtuInscritElpTotal": "32",
        "volumeHoraireElpPondereEtape": "55.16",
        "volumeHoraireElpTotal": "55.16",
        "nbEtuInscritPrevisionnelElpEtape": "0",
        "nbEtuInscritPrevisionnelElpTotal": "0",
        "nbEtape": "1"
    },
    {
        "annee": "2024",
        "codeStructureEtape": "AES",
        "libStructureEtape": "Faculté des Sciences",
        "codeEtape": "TM1BV3",
        "libEtape": "M1 Biologie Végétale",
        "noElement": "TBV428C",
        "libElement": "Anglais - semestre 2",
        "codeNatureElp": "MATI",
        "libNatureElp": "Matière",
        "codeCNU": "11",
        "libCNU": "Langues et littératures anglaises et anglo-saxonnes",
        "codePeriode": "2",
        "libPeriode": "Enseignement du second semestre",
        "nbHeureCM": "0",
        "nbHeureTD": "0",
        "nbHeureTP": "21",
        "nbHeureCMTD": "0",
        "nbGroupeCM": "1",
        "nbGroupeTD": "1",
        "nbGroupeTP": "2",
        "nbGroupeCMTD": "0",
        "nbEtuInscritElpEtape": "32",
        "nbEtuInscritElpTotal": "32",
        "volumeHoraireElpPondereEtape": "42",
        "volumeHoraireElpTotal": "42",
        "nbEtuInscritPrevisionnelElpEtape": "0",
        "nbEtuInscritPrevisionnelElpTotal": "0",
        "nbEtape": "1"
    },
    {
        "annee": "2024",
        "codeStructureEtape": "AES",
        "libStructureEtape": "Faculté des Sciences",
        "codeEtape": "TM1BV3",
        "libEtape": "M1 Biologie Végétale",
        "noElement": "TBV416C",
        "libElement": "Connaissance et enjeux des filières du végétal",
        "codeNatureElp": "MATI",
        "libNatureElp": "Matière",
        "codeCNU": "05",
        "libCNU": "Sciences économiques",
        "codePeriode": "1",
        "libPeriode": "Enseignement du premier semestre",
        "nbHeureCM": "18",
        "nbHeureTD": "0",
        "nbHeureTP": "12",
        "nbHeureCMTD": "0",
        "nbGroupeCM": "1",
        "nbGroupeTD": "1",
        "nbGroupeTP": "2",
        "nbGroupeCMTD": "0",
        "nbEtuInscritElpEtape": "34",
        "nbEtuInscritElpTotal": "34",
        "volumeHoraireElpPondereEtape": "51",
        "volumeHoraireElpTotal": "51",
        "nbEtuInscritPrevisionnelElpEtape": "0",
        "nbEtuInscritPrevisionnelElpTotal": "0",
        "nbEtape": "1"
    },
    {
        "annee": "2024",
        "codeStructureEtape": "AES",
        "libStructureEtape": "Faculté des Sciences",
        "codeEtape": "TM1BV3",
        "libEtape": "M1 Biologie Végétale",
        "noElement": "TBV429D",
        "libElement": "Soutenance stage",
        "codeNatureElp": "STAG",
        "libNatureElp": "Stage",
        "codeCNU": null,
        "libCNU": null,
        "codePeriode": "2",
        "libPeriode": "Enseignement du second semestre",
        "nbHeureCM": "0",
        "nbHeureTD": "3",
        "nbHeureTP": "0",
        "nbHeureCMTD": "0",
        "nbGroupeCM": "29",
        "nbGroupeTD": "29",
        "nbGroupeTP": "29",
        "nbGroupeCMTD": "0",
        "nbEtuInscritElpEtape": "29",
        "nbEtuInscritElpTotal": "29",
        "volumeHoraireElpPondereEtape": "87",
        "volumeHoraireElpTotal": "87",
        "nbEtuInscritPrevisionnelElpEtape": "0",
        "nbEtuInscritPrevisionnelElpTotal": "0",
        "nbEtape": "1"
    },
    {
        "annee": "2024",
        "codeStructureEtape": "AES",
        "libStructureEtape": "Faculté des Sciences",
        "codeEtape": "TM1BV3",
        "libEtape": "M1 Biologie Végétale",
        "noElement": "TBV429E",
        "libElement": "Soutenance alternance",
        "codeNatureElp": "STAG",
        "libNatureElp": "Stage",
        "codeCNU": null,
        "libCNU": null,
        "codePeriode": "2",
        "libPeriode": "Enseignement du second semestre",
        "nbHeureCM": "0",
        "nbHeureTD": "12",
        "nbHeureTP": "0",
        "nbHeureCMTD": "0",
        "nbGroupeCM": "3",
        "nbGroupeTD": "3",
        "nbGroupeTP": "3",
        "nbGroupeCMTD": "0",
        "nbEtuInscritElpEtape": "3",
        "nbEtuInscritElpTotal": "3",
        "volumeHoraireElpPondereEtape": "36",
        "volumeHoraireElpTotal": "36",
        "nbEtuInscritPrevisionnelElpEtape": "0",
        "nbEtuInscritPrevisionnelElpTotal": "0",
        "nbEtape": "1"
    },
    {
        "annee": "2024",
        "codeStructureEtape": "AES",
        "libStructureEtape": "Faculté des Sciences",
        "codeEtape": "TM1BV3",
        "libEtape": "M1 Biologie Végétale",
        "noElement": "TBV419C",
        "libElement": "Anglais - semestre 1",
        "codeNatureElp": "MATI",
        "libNatureElp": "Matière",
        "codeCNU": "11",
        "libCNU": "Langues et littératures anglaises et anglo-saxonnes",
        "codePeriode": "1",
        "libPeriode": "Enseignement du premier semestre",
        "nbHeureCM": "0",
        "nbHeureTD": "0",
        "nbHeureTP": "16",
        "nbHeureCMTD": "0",
        "nbGroupeCM": "1",
        "nbGroupeTD": "1",
        "nbGroupeTP": "2",
        "nbGroupeCMTD": "0",
        "nbEtuInscritElpEtape": "34",
        "nbEtuInscritElpTotal": "34",
        "volumeHoraireElpPondereEtape": "32",
        "volumeHoraireElpTotal": "32",
        "nbEtuInscritPrevisionnelElpEtape": "0",
        "nbEtuInscritPrevisionnelElpTotal": "0",
        "nbEtape": "1"
    },
    {
        "annee": "2024",
        "codeStructureEtape": "AES",
        "libStructureEtape": "Faculté des Sciences",
        "codeEtape": "TM1BV3",
        "libEtape": "M1 Biologie Végétale",
        "noElement": "TBV423C",
        "libElement": "Génétique végétale",
        "codeNatureElp": "MATI",
        "libNatureElp": "Matière",
        "codeCNU": "64",
        "libCNU": "Biochimie, biologie moléculaire",
        "codePeriode": "2",
        "libPeriode": "Enseignement du second semestre",
        "nbHeureCM": "22",
        "nbHeureTD": "0",
        "nbHeureTP": "18",
        "nbHeureCMTD": "0",
        "nbGroupeCM": "1",
        "nbGroupeTD": "1",
        "nbGroupeTP": "2",
        "nbGroupeCMTD": "0",
        "nbEtuInscritElpEtape": "32",
        "nbEtuInscritElpTotal": "32",
        "volumeHoraireElpPondereEtape": "69",
        "volumeHoraireElpTotal": "69",
        "nbEtuInscritPrevisionnelElpEtape": "0",
        "nbEtuInscritPrevisionnelElpTotal": "0",
        "nbEtape": "1"
    },
    {
        "annee": "2024",
        "codeStructureEtape": "AES",
        "libStructureEtape": "Faculté des Sciences",
        "codeEtape": "TM1BV3",
        "libEtape": "M1 Biologie Végétale",
        "noElement": "TBV42AB",
        "libElement": "Micro-organismes associés aux plantes",
        "codeNatureElp": "MATI",
        "libNatureElp": "Matière",
        "codeCNU": "65",
        "libCNU": "Biologie cellulaire",
        "codePeriode": "2",
        "libPeriode": "Enseignement du second semestre",
        "nbHeureCM": "0",
        "nbHeureTD": "0",
        "nbHeureTP": "20",
        "nbHeureCMTD": "0",
        "nbGroupeCM": "1",
        "nbGroupeTD": "1",
        "nbGroupeTP": "1",
        "nbGroupeCMTD": "0",
        "nbEtuInscritElpEtape": "19",
        "nbEtuInscritElpTotal": "19",
        "volumeHoraireElpPondereEtape": "20",
        "volumeHoraireElpTotal": "20",
        "nbEtuInscritPrevisionnelElpEtape": "0",
        "nbEtuInscritPrevisionnelElpTotal": "0",
        "nbEtape": "1"
    },
    {
        "annee": "2024",
        "codeStructureEtape": "AES",
        "libStructureEtape": "Faculté des Sciences",
        "codeEtape": "TM1BV3",
        "libEtape": "M1 Biologie Végétale",
        "noElement": "TBV415C",
        "libElement": "Programmation",
        "codeNatureElp": "MATI",
        "libNatureElp": "Matière",
        "codeCNU": "27",
        "libCNU": "Informatique",
        "codePeriode": "1",
        "libPeriode": "Enseignement du premier semestre",
        "nbHeureCM": "0",
        "nbHeureTD": "0",
        "nbHeureTP": "22",
        "nbHeureCMTD": "0",
        "nbGroupeCM": "1",
        "nbGroupeTD": "1",
        "nbGroupeTP": "2",
        "nbGroupeCMTD": "0",
        "nbEtuInscritElpEtape": "34",
        "nbEtuInscritElpTotal": "34",
        "volumeHoraireElpPondereEtape": "44",
        "volumeHoraireElpTotal": "44",
        "nbEtuInscritPrevisionnelElpEtape": "0",
        "nbEtuInscritPrevisionnelElpTotal": "0",
        "nbEtape": "1"
    },
    {
        "annee": "2024",
        "codeStructureEtape": "AES",
        "libStructureEtape": "Faculté des Sciences",
        "codeEtape": "TM1BV3",
        "libEtape": "M1 Biologie Végétale",
        "noElement": "TBV421B",
        "libElement": "Biologie de la semence",
        "codeNatureElp": "MATI",
        "libNatureElp": "Matière",
        "codeCNU": null,
        "libCNU": null,
        "codePeriode": "2",
        "libPeriode": "Enseignement du second semestre",
        "nbHeureCM": "10.67",
        "nbHeureTD": "8",
        "nbHeureTP": "6.33",
        "nbHeureCMTD": "0",
        "nbGroupeCM": "1",
        "nbGroupeTD": "1",
        "nbGroupeTP": "2",
        "nbGroupeCMTD": "0",
        "nbEtuInscritElpEtape": "32",
        "nbEtuInscritElpTotal": "32",
        "volumeHoraireElpPondereEtape": "36.67",
        "volumeHoraireElpTotal": "36.67",
        "nbEtuInscritPrevisionnelElpEtape": "25",
        "nbEtuInscritPrevisionnelElpTotal": "25",
        "nbEtape": "1"
    },
    {
        "annee": "2024",
        "codeStructureEtape": "AES",
        "libStructureEtape": "Faculté des Sciences",
        "codeEtape": "TM1BV3",
        "libEtape": "M1 Biologie Végétale",
        "noElement": "TBV42BA",
        "libElement": "Métabolites secondaires",
        "codeNatureElp": "MATI",
        "libNatureElp": "Matière",
        "codeCNU": "66",
        "libCNU": "Physiologie",
        "codePeriode": "2",
        "libPeriode": "Enseignement du second semestre",
        "nbHeureCM": "14",
        "nbHeureTD": "6",
        "nbHeureTP": "0",
        "nbHeureCMTD": "0",
        "nbGroupeCM": "1",
        "nbGroupeTD": "1",
        "nbGroupeTP": "1",
        "nbGroupeCMTD": "0",
        "nbEtuInscritElpEtape": "13",
        "nbEtuInscritElpTotal": "13",
        "volumeHoraireElpPondereEtape": "27",
        "volumeHoraireElpTotal": "27",
        "nbEtuInscritPrevisionnelElpEtape": "0",
        "nbEtuInscritPrevisionnelElpTotal": "0",
        "nbEtape": "1"
    },
    {
        "annee": "2024",
        "codeStructureEtape": "AES",
        "libStructureEtape": "Faculté des Sciences",
        "codeEtape": "TM1BV3",
        "libEtape": "M1 Biologie Végétale",
        "noElement": "TBV424C",
        "libElement": "Stratégies parasitaires et mutualistes",
        "codeNatureElp": "MATI",
        "libNatureElp": "Matière",
        "codeCNU": "65",
        "libCNU": "Biologie cellulaire",
        "codePeriode": "2",
        "libPeriode": "Enseignement du second semestre",
        "nbHeureCM": "17",
        "nbHeureTD": "3",
        "nbHeureTP": "0",
        "nbHeureCMTD": "0",
        "nbGroupeCM": "1",
        "nbGroupeTD": "1",
        "nbGroupeTP": "2",
        "nbGroupeCMTD": "0",
        "nbEtuInscritElpEtape": "32",
        "nbEtuInscritElpTotal": "32",
        "volumeHoraireElpPondereEtape": "28.5",
        "volumeHoraireElpTotal": "28.5",
        "nbEtuInscritPrevisionnelElpEtape": "0",
        "nbEtuInscritPrevisionnelElpTotal": "0",
        "nbEtape": "1"
    },
    {
        "annee": "2024",
        "codeStructureEtape": "AES",
        "libStructureEtape": "Faculté des Sciences",
        "codeEtape": "TM1BV3",
        "libEtape": "M1 Biologie Végétale",
        "noElement": "TBV42BB",
        "libElement": "Qualité des produits végétaux",
        "codeNatureElp": "MATI",
        "libNatureElp": "Matière",
        "codeCNU": "66",
        "libCNU": "Physiologie",
        "codePeriode": "2",
        "libPeriode": "Enseignement du second semestre",
        "nbHeureCM": "16",
        "nbHeureTD": "0",
        "nbHeureTP": "4",
        "nbHeureCMTD": "0",
        "nbGroupeCM": "1",
        "nbGroupeTD": "1",
        "nbGroupeTP": "1",
        "nbGroupeCMTD": "0",
        "nbEtuInscritElpEtape": "19",
        "nbEtuInscritElpTotal": "19",
        "volumeHoraireElpPondereEtape": "28",
        "volumeHoraireElpTotal": "28",
        "nbEtuInscritPrevisionnelElpEtape": "0",
        "nbEtuInscritPrevisionnelElpTotal": "0",
        "nbEtape": "1"
    },
    {
        "annee": "2024",
        "codeStructureEtape": "AES",
        "libStructureEtape": "Faculté des Sciences",
        "codeEtape": "TM1BV3",
        "libEtape": "M1 Biologie Végétale",
        "noElement": "TBV421A",
        "libElement": "Interactions source-puits et biologie du fruit",
        "codeNatureElp": "MATI",
        "libNatureElp": "Matière",
        "codeCNU": "66",
        "libCNU": "Physiologie",
        "codePeriode": "2",
        "libPeriode": "Enseignement du second semestre",
        "nbHeureCM": "12",
        "nbHeureTD": "6",
        "nbHeureTP": "0",
        "nbHeureCMTD": "0",
        "nbGroupeCM": "1",
        "nbGroupeTD": "1",
        "nbGroupeTP": "2",
        "nbGroupeCMTD": "0",
        "nbEtuInscritElpEtape": "32",
        "nbEtuInscritElpTotal": "32",
        "volumeHoraireElpPondereEtape": "24",
        "volumeHoraireElpTotal": "24",
        "nbEtuInscritPrevisionnelElpEtape": "25",
        "nbEtuInscritPrevisionnelElpTotal": "25",
        "nbEtape": "1"
    },
    {
        "annee": "2024",
        "codeStructureEtape": "AES",
        "libStructureEtape": "Faculté des Sciences",
        "codeEtape": "TM1BV3",
        "libEtape": "M1 Biologie Végétale",
        "noElement": "TBV412C",
        "libElement": "Génomique végétale",
        "codeNatureElp": "MATI",
        "libNatureElp": "Matière",
        "codeCNU": "64",
        "libCNU": "Biochimie, biologie moléculaire",
        "codePeriode": "1",
        "libPeriode": "Enseignement du premier semestre",
        "nbHeureCM": "20",
        "nbHeureTD": "4",
        "nbHeureTP": "4",
        "nbHeureCMTD": "0",
        "nbGroupeCM": "1",
        "nbGroupeTD": "1",
        "nbGroupeTP": "2",
        "nbGroupeCMTD": "0",
        "nbEtuInscritElpEtape": "34",
        "nbEtuInscritElpTotal": "34",
        "volumeHoraireElpPondereEtape": "42",
        "volumeHoraireElpTotal": "42",
        "nbEtuInscritPrevisionnelElpEtape": "0",
        "nbEtuInscritPrevisionnelElpTotal": "0",
        "nbEtape": "1"
    },
    {
        "annee": "2024",
        "codeStructureEtape": "AES",
        "libStructureEtape": "Faculté des Sciences",
        "codeEtape": "TM1BV3",
        "libEtape": "M1 Biologie Végétale",
        "noElement": "TBV414C",
        "libElement": "Diversité et communauté de bioagresseurs, bio. et détection",
        "codeNatureElp": "MATI",
        "libNatureElp": "Matière",
        "codeCNU": "65",
        "libCNU": "Biologie cellulaire",
        "codePeriode": "1",
        "libPeriode": "Enseignement du premier semestre",
        "nbHeureCM": "20",
        "nbHeureTD": "0",
        "nbHeureTP": "20",
        "nbHeureCMTD": "0",
        "nbGroupeCM": "1",
        "nbGroupeTD": "1",
        "nbGroupeTP": "2",
        "nbGroupeCMTD": "0",
        "nbEtuInscritElpEtape": "34",
        "nbEtuInscritElpTotal": "34",
        "volumeHoraireElpPondereEtape": "70",
        "volumeHoraireElpTotal": "70",
        "nbEtuInscritPrevisionnelElpEtape": "0",
        "nbEtuInscritPrevisionnelElpTotal": "0",
        "nbEtape": "1"
    },
    {
        "annee": "2024",
        "codeStructureEtape": "AES",
        "libStructureEtape": "Faculté des Sciences",
        "codeEtape": "TM1BV3",
        "libEtape": "M1 Biologie Végétale",
        "noElement": "TBV411C",
        "libElement": "Nutrition hydro-minérale des cultures en sol et hors-sol",
        "codeNatureElp": "MATI",
        "libNatureElp": "Matière",
        "codeCNU": "66",
        "libCNU": "Physiologie",
        "codePeriode": "1",
        "libPeriode": "Enseignement du premier semestre",
        "nbHeureCM": "18.33",
        "nbHeureTD": "5.67",
        "nbHeureTP": "6",
        "nbHeureCMTD": "0",
        "nbGroupeCM": "1",
        "nbGroupeTD": "1",
        "nbGroupeTP": "2",
        "nbGroupeCMTD": "0",
        "nbEtuInscritElpEtape": "34",
        "nbEtuInscritElpTotal": "34",
        "volumeHoraireElpPondereEtape": "45.17",
        "volumeHoraireElpTotal": "45.17",
        "nbEtuInscritPrevisionnelElpEtape": "0",
        "nbEtuInscritPrevisionnelElpTotal": "0",
        "nbEtape": "1"
    },
    {
        "annee": "2024",
        "codeStructureEtape": "AES",
        "libStructureEtape": "Faculté des Sciences",
        "codeEtape": "TM1BV3",
        "libEtape": "M1 Biologie Végétale",
        "noElement": "TBV418C",
        "libElement": "3PE : réponse offre de stage/d'emploi/gestion de projets",
        "codeNatureElp": "PRJ",
        "libNatureElp": "Projet",
        "codeCNU": null,
        "libCNU": null,
        "codePeriode": "1",
        "libPeriode": "Enseignement du premier semestre",
        "nbHeureCM": "0",
        "nbHeureTD": "0",
        "nbHeureTP": "22",
        "nbHeureCMTD": "0",
        "nbGroupeCM": "1",
        "nbGroupeTD": "1",
        "nbGroupeTP": "2",
        "nbGroupeCMTD": "0",
        "nbEtuInscritElpEtape": "34",
        "nbEtuInscritElpTotal": "34",
        "volumeHoraireElpPondereEtape": "44",
        "volumeHoraireElpTotal": "44",
        "nbEtuInscritPrevisionnelElpEtape": "0",
        "nbEtuInscritPrevisionnelElpTotal": "0",
        "nbEtape": "1"
    },
    {
        "annee": "2024",
        "codeStructureEtape": "AES",
        "libStructureEtape": "Faculté des Sciences",
        "codeEtape": "TM1BV3",
        "libEtape": "M1 Biologie Végétale",
        "noElement": "TBV427C",
        "libElement": "3PE : orientation/entrepreneuriat/gestion de projets",
        "codeNatureElp": "PRJ",
        "libNatureElp": "Projet",
        "codeCNU": null,
        "libCNU": null,
        "codePeriode": "2",
        "libPeriode": "Enseignement du second semestre",
        "nbHeureCM": "0",
        "nbHeureTD": "16",
        "nbHeureTP": "4",
        "nbHeureCMTD": "0",
        "nbGroupeCM": "1",
        "nbGroupeTD": "1",
        "nbGroupeTP": "2",
        "nbGroupeCMTD": "0",
        "nbEtuInscritElpEtape": "32",
        "nbEtuInscritElpTotal": "32",
        "volumeHoraireElpPondereEtape": "24",
        "volumeHoraireElpTotal": "24",
        "nbEtuInscritPrevisionnelElpEtape": "0",
        "nbEtuInscritPrevisionnelElpTotal": "0",
        "nbEtape": "1"
    },
    {
        "annee": "2024",
        "codeStructureEtape": "AES",
        "libStructureEtape": "Faculté des Sciences",
        "codeEtape": "TM1BV3",
        "libEtape": "M1 Biologie Végétale",
        "noElement": "TCH410",
        "libElement": "Bioinformatique, traitement des données -omiques",
        "codeNatureElp": "CHAR",
        "libNatureElp": "Charges d'Enseignement",
        "codeCNU": "64",
        "libCNU": "Biochimie, biologie moléculaire",
        "codePeriode": "1",
        "libPeriode": "Enseignement du premier semestre",
        "nbHeureCM": "12",
        "nbHeureTD": "8",
        "nbHeureTP": "0",
        "nbHeureCMTD": "0",
        "nbGroupeCM": "1",
        "nbGroupeTD": "2",
        "nbGroupeTP": "4",
        "nbGroupeCMTD": "0",
        "nbEtuInscritElpEtape": "34",
        "nbEtuInscritElpTotal": "75",
        "volumeHoraireElpPondereEtape": "15.41",
        "volumeHoraireElpTotal": "34",
        "nbEtuInscritPrevisionnelElpEtape": "75",
        "nbEtuInscritPrevisionnelElpTotal": "32",
        "nbEtape": "2"
    },
    {
        "annee": "2024",
        "codeStructureEtape": "AES",
        "libStructureEtape": "Faculté des Sciences",
        "codeEtape": "TM1BV3",
        "libEtape": "M1 Biologie Végétale",
        "noElement": "TBV42AA",
        "libElement": "Physiologie de la plante entière",
        "codeNatureElp": "MATI",
        "libNatureElp": "Matière",
        "codeCNU": "66",
        "libCNU": "Physiologie",
        "codePeriode": "2",
        "libPeriode": "Enseignement du second semestre",
        "nbHeureCM": "5.33",
        "nbHeureTD": "1.33",
        "nbHeureTP": "13.33",
        "nbHeureCMTD": "0",
        "nbGroupeCM": "1",
        "nbGroupeTD": "1",
        "nbGroupeTP": "1",
        "nbGroupeCMTD": "0",
        "nbEtuInscritElpEtape": "13",
        "nbEtuInscritElpTotal": "13",
        "volumeHoraireElpPondereEtape": "22.66",
        "volumeHoraireElpTotal": "22.66",
        "nbEtuInscritPrevisionnelElpEtape": "0",
        "nbEtuInscritPrevisionnelElpTotal": "0",
        "nbEtape": "1"
    },
    {
        "annee": "2024",
        "codeStructureEtape": "AES",
        "libStructureEtape": "Faculté des Sciences",
        "codeEtape": "TM1BV3",
        "libEtape": "M1 Biologie Végétale",
        "noElement": "TBV422C",
        "libElement": "Elaboration de la plante cultivée et des produits végétaux",
        "codeNatureElp": "MATI",
        "libNatureElp": "Matière",
        "codeCNU": "66",
        "libCNU": "Physiologie",
        "codePeriode": "2",
        "libPeriode": "Enseignement du second semestre",
        "nbHeureCM": "16",
        "nbHeureTD": "10",
        "nbHeureTP": "4",
        "nbHeureCMTD": "0",
        "nbGroupeCM": "1",
        "nbGroupeTD": "1",
        "nbGroupeTP": "2",
        "nbGroupeCMTD": "0",
        "nbEtuInscritElpEtape": "32",
        "nbEtuInscritElpTotal": "32",
        "volumeHoraireElpPondereEtape": "42",
        "volumeHoraireElpTotal": "42",
        "nbEtuInscritPrevisionnelElpEtape": "0",
        "nbEtuInscritPrevisionnelElpTotal": "0",
        "nbEtape": "1"
    },
    {
        "annee": "2024",
        "codeStructureEtape": "AES",
        "libStructureEtape": "Faculté des Sciences",
        "codeEtape": "TM1BV3",
        "libEtape": "M1 Biologie Végétale",
        "noElement": "TBV426C",
        "libElement": "Statistiques multivariées et plan d'expérimentation",
        "codeNatureElp": "MATI",
        "libNatureElp": "Matière",
        "codeCNU": "26",
        "libCNU": "Mathématiques appliquées et applications des mathématiques",
        "codePeriode": "2",
        "libPeriode": "Enseignement du second semestre",
        "nbHeureCM": "9",
        "nbHeureTD": "0",
        "nbHeureTP": "11",
        "nbHeureCMTD": "0",
        "nbGroupeCM": "1",
        "nbGroupeTD": "1",
        "nbGroupeTP": "2",
        "nbGroupeCMTD": "0",
        "nbEtuInscritElpEtape": "32",
        "nbEtuInscritElpTotal": "32",
        "volumeHoraireElpPondereEtape": "35.5",
        "volumeHoraireElpTotal": "35.5",
        "nbEtuInscritPrevisionnelElpEtape": "0",
        "nbEtuInscritPrevisionnelElpTotal": "0",
        "nbEtape": "1"
    },
    {
        "annee": "2024",
        "codeStructureEtape": "AES",
        "libStructureEtape": "Faculté des Sciences",
        "codeEtape": "TM1BV3",
        "libEtape": "M1 Biologie Végétale",
        "noElement": "TBV417C",
        "libElement": "Projets expérimentaux",
        "codeNatureElp": "PRJ",
        "libNatureElp": "Projet",
        "codeCNU": "66",
        "libCNU": "Physiologie",
        "codePeriode": "1",
        "libPeriode": "Enseignement du premier semestre",
        "nbHeureCM": "0",
        "nbHeureTD": "0",
        "nbHeureTP": "45",
        "nbHeureCMTD": "0",
        "nbGroupeCM": "1",
        "nbGroupeTD": "1",
        "nbGroupeTP": "2",
        "nbGroupeCMTD": "0",
        "nbEtuInscritElpEtape": "34",
        "nbEtuInscritElpTotal": "34",
        "volumeHoraireElpPondereEtape": "90",
        "volumeHoraireElpTotal": "90",
        "nbEtuInscritPrevisionnelElpEtape": "0",
        "nbEtuInscritPrevisionnelElpTotal": "0",
        "nbEtape": "1"
    }
]