[
    {
        "annee": "2024",
        "codeStructureEtape": "AES",
        "libStructureEtape": "Faculté des Sciences",
        "codeEtape": "TM2NCM3",
        "libEtape": "M2 Biologie Santé / Neurobio Cellulaire Moléculaire",
        "noElement": "TBS531B",
        "libElement": "Préparation de projet de stage",
        "codeNatureElp": "MATI",
        "libNatureElp": "Matière",
        "codeCNU": null,
        "libCNU": null,
        "codePeriode": "3",
        "libPeriode": "Enseignement du troisième semestre",
        "nbHeureCM": "0",
        "nbHeureTD": "16",
        "nbHeureTP": "0",
        "nbHeureCMTD": "0",
        "nbGroupeCM": "1",
        "nbGroupeTD": "1",
        "nbGroupeTP": "2",
        "nbGroupeCMTD": "0",
        "nbEtuInscritElpEtape": "13",
        "nbEtuInscritElpTotal": "29",
        "volumeHoraireElpPondereEtape": "7.17",
        "volumeHoraireElpTotal": "16",
        "nbEtuInscritPrevisionnelElpEtape": "27",
        "nbEtuInscritPrevisionnelElpTotal": "15",
        "nbEtape": "2"
    },
    {
        "annee": "2024",
        "codeStructureEtape": "AES",
        "libStructureEtape": "Faculté des Sciences",
        "codeEtape": "TM2NCM3",
        "libEtape": "M2 Biologie Santé / Neurobio Cellulaire Moléculaire",
        "noElement": "TBS533F",
        "libElement": "Neuropathologie et médicaments de thérapies innovantes",
        "codeNatureElp": "MATI",
        "libNatureElp": "Matière",
        "codeCNU": "69",
        "libCNU": "Neurosciences",
        "codePeriode": "3",
        "libPeriode": "Enseignement du troisième semestre",
        "nbHeureCM": "20",
        "nbHeureTD": "0",
        "nbHeureTP": "0",
        "nbHeureCMTD": "0",
        "nbGroupeCM": "1",
        "nbGroupeTD": "1",
        "nbGroupeTP": "1",
        "nbGroupeCMTD": "0",
        "nbEtuInscritElpEtape": "12",
        "nbEtuInscritElpTotal": "14",
        "volumeHoraireElpPondereEtape": "25.71",
        "volumeHoraireElpTotal": "30",
        "nbEtuInscritPrevisionnelElpEtape": "17",
        "nbEtuInscritPrevisionnelElpTotal": "14",
        "nbEtape": "2"
    },
    {
        "annee": "2024",
        "codeStructureEtape": "AES",
        "libStructureEtape": "Faculté des Sciences",
        "codeEtape": "TM2NCM3",
        "libEtape": "M2 Biologie Santé / Neurobio Cellulaire Moléculaire",
        "noElement": "TBS533X1",
        "libElement": "Séminaires cancéroimmunologie",
        "codeNatureElp": "MATI",
        "libNatureElp": "Matière",
        "codeCNU": null,
        "libCNU": null,
        "codePeriode": "3",
        "libPeriode": "Enseignement du troisième semestre",
        "nbHeureCM": "20",
        "nbHeureTD": "0",
        "nbHeureTP": "0",
        "nbHeureCMTD": "0",
        "nbGroupeCM": "1",
        "nbGroupeTD": "1",
        "nbGroupeTP": "1",
        "nbGroupeCMTD": "0",
        "nbEtuInscritElpEtape": "0",
        "nbEtuInscritElpTotal": "16",
        "volumeHoraireElpPondereEtape": "0",
        "volumeHoraireElpTotal": "30",
        "nbEtuInscritPrevisionnelElpEtape": "10",
        "nbEtuInscritPrevisionnelElpTotal": "0",
        "nbEtape": "2"
    },
    {
        "annee": "2024",
        "codeStructureEtape": "AES",
        "libStructureEtape": "Faculté des Sciences",
        "codeEtape": "TM2NCM3",
        "libEtape": "M2 Biologie Santé / Neurobio Cellulaire Moléculaire",
        "noElement": "TBS533H",
        "libElement": "Fonctionnement du système nerveux central",
        "codeNatureElp": "MATI",
        "libNatureElp": "Matière",
        "codeCNU": "69",
        "libCNU": "Neurosciences",
        "codePeriode": "3",
        "libPeriode": "Enseignement du troisième semestre",
        "nbHeureCM": "20",
        "nbHeureTD": "0",
        "nbHeureTP": "0",
        "nbHeureCMTD": "0",
        "nbGroupeCM": "1",
        "nbGroupeTD": "1",
        "nbGroupeTP": "1",
        "nbGroupeCMTD": "0",
        "nbEtuInscritElpEtape": "12",
        "nbEtuInscritElpTotal": "12",
        "volumeHoraireElpPondereEtape": "30",
        "volumeHoraireElpTotal": "30",
        "nbEtuInscritPrevisionnelElpEtape": "14",
        "nbEtuInscritPrevisionnelElpTotal": "14",
        "nbEtape": "1"
    },
    {
        "annee": "2024",
        "codeStructureEtape": "AES",
        "libStructureEtape": "Faculté des Sciences",
        "codeEtape": "TM2NCM3",
        "libEtape": "M2 Biologie Santé / Neurobio Cellulaire Moléculaire",
        "noElement": "TBS533X2",
        "libElement": "Séminaires NCM",
        "codeNatureElp": "MATI",
        "libNatureElp": "Matière",
        "codeCNU": "69",
        "libCNU": "Neurosciences",
        "codePeriode": "3",
        "libPeriode": "Enseignement du troisième semestre",
        "nbHeureCM": "20",
        "nbHeureTD": "0",
        "nbHeureTP": "0",
        "nbHeureCMTD": "0",
        "nbGroupeCM": "1",
        "nbGroupeTD": "1",
        "nbGroupeTP": "1",
        "nbGroupeCMTD": "0",
        "nbEtuInscritElpEtape": "12",
        "nbEtuInscritElpTotal": "12",
        "volumeHoraireElpPondereEtape": "30",
        "volumeHoraireElpTotal": "30",
        "nbEtuInscritPrevisionnelElpEtape": "16",
        "nbEtuInscritPrevisionnelElpTotal": "14",
        "nbEtape": "2"
    },
    {
        "annee": "2024",
        "codeStructureEtape": "AES",
        "libStructureEtape": "Faculté des Sciences",
        "codeEtape": "TM2NCM3",
        "libEtape": "M2 Biologie Santé / Neurobio Cellulaire Moléculaire",
        "noElement": "TBS533J",
        "libElement": "Neuropharmacologie et épidémiologie",
        "codeNatureElp": "MATI",
        "libNatureElp": "Matière",
        "codeCNU": "69",
        "libCNU": "Neurosciences",
        "codePeriode": "3",
        "libPeriode": "Enseignement du troisième semestre",
        "nbHeureCM": "20",
        "nbHeureTD": "0",
        "nbHeureTP": "0",
        "nbHeureCMTD": "0",
        "nbGroupeCM": "1",
        "nbGroupeTD": "1",
        "nbGroupeTP": "1",
        "nbGroupeCMTD": "0",
        "nbEtuInscritElpEtape": "12",
        "nbEtuInscritElpTotal": "12",
        "volumeHoraireElpPondereEtape": "30",
        "volumeHoraireElpTotal": "30",
        "nbEtuInscritPrevisionnelElpEtape": "14",
        "nbEtuInscritPrevisionnelElpTotal": "14",
        "nbEtape": "1"
    },
    {
        "annee": "2024",
        "codeStructureEtape": "AES",
        "libStructureEtape": "Faculté des Sciences",
        "codeEtape": "TM2NCM3",
        "libEtape": "M2 Biologie Santé / Neurobio Cellulaire Moléculaire",
        "noElement": "TBS541",
        "libElement": "Stage laboratoire",
        "codeNatureElp": "STAG",
        "libNatureElp": "Stage",
        "codeCNU": null,
        "libCNU": null,
        "codePeriode": "4",
        "libPeriode": "Enseignement du quatrième semestre",
        "nbHeureCM": "0",
        "nbHeureTD": "4",
        "nbHeureTP": "0",
        "nbHeureCMTD": "0",
        "nbGroupeCM": "29",
        "nbGroupeTD": "29",
        "nbGroupeTP": "29",
        "nbGroupeCMTD": "0",
        "nbEtuInscritElpEtape": "13",
        "nbEtuInscritElpTotal": "29",
        "volumeHoraireElpPondereEtape": "52",
        "volumeHoraireElpTotal": "116",
        "nbEtuInscritPrevisionnelElpEtape": "27",
        "nbEtuInscritPrevisionnelElpTotal": "15",
        "nbEtape": "2"
    },
    {
        "annee": "2024",
        "codeStructureEtape": "AES",
        "libStructureEtape": "Faculté des Sciences",
        "codeEtape": "TM2NCM3",
        "libEtape": "M2 Biologie Santé / Neurobio Cellulaire Moléculaire",
        "noElement": "TBS533G",
        "libElement": "Immunorégulation, neuroimmunologie",
        "codeNatureElp": "MATI",
        "libNatureElp": "Matière",
        "codeCNU": null,
        "libCNU": null,
        "codePeriode": "3",
        "libPeriode": "Enseignement du troisième semestre",
        "nbHeureCM": "20",
        "nbHeureTD": "0",
        "nbHeureTP": "0",
        "nbHeureCMTD": "0",
        "nbGroupeCM": "1",
        "nbGroupeTD": "1",
        "nbGroupeTP": "2",
        "nbGroupeCMTD": "0",
        "nbEtuInscritElpEtape": "12",
        "nbEtuInscritElpTotal": "26",
        "volumeHoraireElpPondereEtape": "13.85",
        "volumeHoraireElpTotal": "30",
        "nbEtuInscritPrevisionnelElpEtape": "23",
        "nbEtuInscritPrevisionnelElpTotal": "14",
        "nbEtape": "2"
    },
    {
        "annee": "2024",
        "codeStructureEtape": "AES",
        "libStructureEtape": "Faculté des Sciences",
        "codeEtape": "TM2NCM3",
        "libEtape": "M2 Biologie Santé / Neurobio Cellulaire Moléculaire",
        "noElement": "TBS532A",
        "libElement": "Recherche clinique approfondie",
        "codeNatureElp": "MATI",
        "libNatureElp": "Matière",
        "codeCNU": null,
        "libCNU": null,
        "codePeriode": "3",
        "libPeriode": "Enseignement du troisième semestre",
        "nbHeureCM": "24",
        "nbHeureTD": "0",
        "nbHeureTP": "0",
        "nbHeureCMTD": "0",
        "nbGroupeCM": "1",
        "nbGroupeTD": "1",
        "nbGroupeTP": "1",
        "nbGroupeCMTD": "0",
        "nbEtuInscritElpEtape": "1",
        "nbEtuInscritElpTotal": "11",
        "volumeHoraireElpPondereEtape": "3.27",
        "volumeHoraireElpTotal": "36",
        "nbEtuInscritPrevisionnelElpEtape": "9",
        "nbEtuInscritPrevisionnelElpTotal": "3",
        "nbEtape": "2"
    },
    {
        "annee": "2024",
        "codeStructureEtape": "AES",
        "libStructureEtape": "Faculté des Sciences",
        "codeEtape": "TM2NCM3",
        "libEtape": "M2 Biologie Santé / Neurobio Cellulaire Moléculaire",
        "noElement": "TBS532B",
        "libElement": "Pharmacologie moléculaire",
        "codeNatureElp": "MATI",
        "libNatureElp": "Matière",
        "codeCNU": null,
        "libCNU": null,
        "codePeriode": "3",
        "libPeriode": "Enseignement du troisième semestre",
        "nbHeureCM": "24",
        "nbHeureTD": "0",
        "nbHeureTP": "0",
        "nbHeureCMTD": "0",
        "nbGroupeCM": "1",
        "nbGroupeTD": "1",
        "nbGroupeTP": "1",
        "nbGroupeCMTD": "0",
        "nbEtuInscritElpEtape": "11",
        "nbEtuInscritElpTotal": "17",
        "volumeHoraireElpPondereEtape": "23.29",
        "volumeHoraireElpTotal": "36",
        "nbEtuInscritPrevisionnelElpEtape": "16",
        "nbEtuInscritPrevisionnelElpTotal": "11",
        "nbEtape": "2"
    },
    {
        "annee": "2024",
        "codeStructureEtape": "AES",
        "libStructureEtape": "Faculté des Sciences",
        "codeEtape": "TM2NCM3",
        "libEtape": "M2 Biologie Santé / Neurobio Cellulaire Moléculaire",
        "noElement": "TBS531A",
        "libElement": "Introduction méthodologique en recherche bio/santé",
        "codeNatureElp": "MATI",
        "libNatureElp": "Matière",
        "codeCNU": null,
        "libCNU": null,
        "codePeriode": "3",
        "libPeriode": "Enseignement du troisième semestre",
        "nbHeureCM": "24",
        "nbHeureTD": "0",
        "nbHeureTP": "0",
        "nbHeureCMTD": "0",
        "nbGroupeCM": "1",
        "nbGroupeTD": "1",
        "nbGroupeTP": "2",
        "nbGroupeCMTD": "0",
        "nbEtuInscritElpEtape": "12",
        "nbEtuInscritElpTotal": "28",
        "volumeHoraireElpPondereEtape": "15.43",
        "volumeHoraireElpTotal": "36",
        "nbEtuInscritPrevisionnelElpEtape": "25",
        "nbEtuInscritPrevisionnelElpTotal": "14",
        "nbEtape": "2"
    },
    {
        "annee": "2024",
        "codeStructureEtape": "AES",
        "libStructureEtape": "Faculté des Sciences",
        "codeEtape": "TM2NCM3",
        "libEtape": "M2 Biologie Santé / Neurobio Cellulaire Moléculaire",
        "noElement": "TBS533I",
        "libElement": "Approches expérimentales innovantes adaptées au SNC",
        "codeNatureElp": "MATI",
        "libNatureElp": "Matière",
        "codeCNU": "69",
        "libCNU": "Neurosciences",
        "codePeriode": "3",
        "libPeriode": "Enseignement du troisième semestre",
        "nbHeureCM": "20",
        "nbHeureTD": "0",
        "nbHeureTP": "0",
        "nbHeureCMTD": "0",
        "nbGroupeCM": "1",
        "nbGroupeTD": "1",
        "nbGroupeTP": "1",
        "nbGroupeCMTD": "0",
        "nbEtuInscritElpEtape": "12",
        "nbEtuInscritElpTotal": "12",
        "volumeHoraireElpPondereEtape": "30",
        "volumeHoraireElpTotal": "30",
        "nbEtuInscritPrevisionnelElpEtape": "14",
        "nbEtuInscritPrevisionnelElpTotal": "14",
        "nbEtape": "1"
    }
]