[
    {
        "annee": "2024",
        "codeStructureEtape": "AES",
        "libStructureEtape": "Faculté des Sciences",
        "codeEtape": "TM1MAD1",
        "libEtape": "M1 BEE / Mer, anthropisation, diagnostic",
        "noElement": "TBE429B",
        "libElement": "Dynamique des environnements marins",
        "codeNatureElp": "MATI",
        "libNatureElp": "Matière",
        "codeCNU": "36",
        "libCNU": "Terre solide : géodynamique des enveloppes supérieures, paléobiosphère",
        "codePeriode": "2",
        "libPeriode": "Enseignement du second semestre",
        "nbHeureCM": "17.33",
        "nbHeureTD": "0",
        "nbHeureTP": "0",
        "nbHeureCMTD": "0",
        "nbGroupeCM": "1",
        "nbGroupeTD": "1",
        "nbGroupeTP": "1",
        "nbGroupeCMTD": "0",
        "nbEtuInscritElpEtape": "19",
        "nbEtuInscritElpTotal": "19",
        "volumeHoraireElpPondereEtape": "26",
        "volumeHoraireElpTotal": "26",
        "nbEtuInscritPrevisionnelElpEtape": "20",
        "nbEtuInscritPrevisionnelElpTotal": "20",
        "nbEtape": "1"
    },
    {
        "annee": "2024",
        "codeStructureEtape": "AES",
        "libStructureEtape": "Faculté des Sciences",
        "codeEtape": "TM1MAD1",
        "libEtape": "M1 BEE / Mer, anthropisation, diagnostic",
        "noElement": "TBE418B",
        "libElement": "Dynamique du littoral",
        "codeNatureElp": "MATI",
        "libNatureElp": "Matière",
        "codeCNU": "36",
        "libCNU": "Terre solide : géodynamique des enveloppes supérieures, paléobiosphère",
        "codePeriode": "1",
        "libPeriode": "Enseignement du premier semestre",
        "nbHeureCM": "5",
        "nbHeureTD": "0",
        "nbHeureTP": "23",
        "nbHeureCMTD": "0",
        "nbGroupeCM": "1",
        "nbGroupeTD": "1",
        "nbGroupeTP": "1",
        "nbGroupeCMTD": "0",
        "nbEtuInscritElpEtape": "18",
        "nbEtuInscritElpTotal": "18",
        "volumeHoraireElpPondereEtape": "30.5",
        "volumeHoraireElpTotal": "30.5",
        "nbEtuInscritPrevisionnelElpEtape": "20",
        "nbEtuInscritPrevisionnelElpTotal": "20",
        "nbEtape": "1"
    },
    {
        "annee": "2024",
        "codeStructureEtape": "AES",
        "libStructureEtape": "Faculté des Sciences",
        "codeEtape": "TM1MAD1",
        "libEtape": "M1 BEE / Mer, anthropisation, diagnostic",
        "noElement": "TBE422",
        "libElement": "Socio-écosystèmes",
        "codeNatureElp": "MATI",
        "libNatureElp": "Matière",
        "codeCNU": "67",
        "libCNU": "Biologie des populations et écologie",
        "codePeriode": "2",
        "libPeriode": "Enseignement du second semestre",
        "nbHeureCM": "12",
        "nbHeureTD": "12",
        "nbHeureTP": "4",
        "nbHeureCMTD": "0",
        "nbGroupeCM": "1",
        "nbGroupeTD": "1",
        "nbGroupeTP": "2",
        "nbGroupeCMTD": "0",
        "nbEtuInscritElpEtape": "18",
        "nbEtuInscritElpTotal": "37",
        "volumeHoraireElpPondereEtape": "18.49",
        "volumeHoraireElpTotal": "38",
        "nbEtuInscritPrevisionnelElpEtape": "40",
        "nbEtuInscritPrevisionnelElpTotal": "20",
        "nbEtape": "2"
    },
    {
        "annee": "2024",
        "codeStructureEtape": "AES",
        "libStructureEtape": "Faculté des Sciences",
        "codeEtape": "TM1MAD1",
        "libEtape": "M1 BEE / Mer, anthropisation, diagnostic",
        "noElement": "TBE425",
        "libElement": "Stage",
        "codeNatureElp": "STAG",
        "libNatureElp": "Stage",
        "codeCNU": null,
        "libCNU": null,
        "codePeriode": "2",
        "libPeriode": "Enseignement du second semestre",
        "nbHeureCM": "0",
        "nbHeureTD": "3",
        "nbHeureTP": "0",
        "nbHeureCMTD": "0",
        "nbGroupeCM": "38",
        "nbGroupeTD": "38",
        "nbGroupeTP": "38",
        "nbGroupeCMTD": "0",
        "nbEtuInscritElpEtape": "19",
        "nbEtuInscritElpTotal": "38",
        "volumeHoraireElpPondereEtape": "57",
        "volumeHoraireElpTotal": "114",
        "nbEtuInscritPrevisionnelElpEtape": "40",
        "nbEtuInscritPrevisionnelElpTotal": "20",
        "nbEtape": "2"
    },
    {
        "annee": "2024",
        "codeStructureEtape": "AES",
        "libStructureEtape": "Faculté des Sciences",
        "codeEtape": "TM1MAD1",
        "libEtape": "M1 BEE / Mer, anthropisation, diagnostic",
        "noElement": "TBE411",
        "libElement": "Analyse de données 1 : statistiques, SIG, bioinformatique",
        "codeNatureElp": "MATI",
        "libNatureElp": "Matière",
        "codeCNU": "67",
        "libCNU": "Biologie des populations et écologie",
        "codePeriode": "1",
        "libPeriode": "Enseignement du premier semestre",
        "nbHeureCM": "4",
        "nbHeureTD": "0",
        "nbHeureTP": "52",
        "nbHeureCMTD": "0",
        "nbGroupeCM": "1",
        "nbGroupeTD": "1",
        "nbGroupeTP": "2",
        "nbGroupeCMTD": "0",
        "nbEtuInscritElpEtape": "18",
        "nbEtuInscritElpTotal": "37",
        "volumeHoraireElpPondereEtape": "53.51",
        "volumeHoraireElpTotal": "110",
        "nbEtuInscritPrevisionnelElpEtape": "39",
        "nbEtuInscritPrevisionnelElpTotal": "20",
        "nbEtape": "2"
    },
    {
        "annee": "2024",
        "codeStructureEtape": "AES",
        "libStructureEtape": "Faculté des Sciences",
        "codeEtape": "TM1MAD1",
        "libEtape": "M1 BEE / Mer, anthropisation, diagnostic",
        "noElement": "TCH406",
        "libElement": "Diagnostic environnemental en milieu marin",
        "codeNatureElp": "CHAR",
        "libNatureElp": "Charges d'Enseignement",
        "codeCNU": "36",
        "libCNU": "Terre solide : géodynamique des enveloppes supérieures, paléobiosphère",
        "codePeriode": "2",
        "libPeriode": "Enseignement du second semestre",
        "nbHeureCM": "10.67",
        "nbHeureTD": "4",
        "nbHeureTP": "0",
        "nbHeureCMTD": "0",
        "nbGroupeCM": "1",
        "nbGroupeTD": "1",
        "nbGroupeTP": "2",
        "nbGroupeCMTD": "0",
        "nbEtuInscritElpEtape": "18",
        "nbEtuInscritElpTotal": "25",
        "volumeHoraireElpPondereEtape": "14.41",
        "volumeHoraireElpTotal": "20.01",
        "nbEtuInscritPrevisionnelElpEtape": "27",
        "nbEtuInscritPrevisionnelElpTotal": "20",
        "nbEtape": "2"
    },
    {
        "annee": "2024",
        "codeStructureEtape": "AES",
        "libStructureEtape": "Faculté des Sciences",
        "codeEtape": "TM1MAD1",
        "libEtape": "M1 BEE / Mer, anthropisation, diagnostic",
        "noElement": "TCH402",
        "libElement": "Fonctionnement et restauration des écosystèmes",
        "codeNatureElp": "CHAR",
        "libNatureElp": "Charges d'Enseignement",
        "codeCNU": "67",
        "libCNU": "Biologie des populations et écologie",
        "codePeriode": "1",
        "libPeriode": "Enseignement du premier semestre",
        "nbHeureCM": "16",
        "nbHeureTD": "12",
        "nbHeureTP": "0",
        "nbHeureCMTD": "0",
        "nbGroupeCM": "1",
        "nbGroupeTD": "1",
        "nbGroupeTP": "2",
        "nbGroupeCMTD": "0",
        "nbEtuInscritElpEtape": "18",
        "nbEtuInscritElpTotal": "37",
        "volumeHoraireElpPondereEtape": "17.51",
        "volumeHoraireElpTotal": "36",
        "nbEtuInscritPrevisionnelElpEtape": "40",
        "nbEtuInscritPrevisionnelElpTotal": "20",
        "nbEtape": "3"
    },
    {
        "annee": "2024",
        "codeStructureEtape": "AES",
        "libStructureEtape": "Faculté des Sciences",
        "codeEtape": "TM1MAD1",
        "libEtape": "M1 BEE / Mer, anthropisation, diagnostic",
        "noElement": "TBE428B",
        "libElement": "Dynamique estuarienne",
        "codeNatureElp": "MATI",
        "libNatureElp": "Matière",
        "codeCNU": "36",
        "libCNU": "Terre solide : géodynamique des enveloppes supérieures, paléobiosphère",
        "codePeriode": "2",
        "libPeriode": "Enseignement du second semestre",
        "nbHeureCM": "20",
        "nbHeureTD": "0",
        "nbHeureTP": "0",
        "nbHeureCMTD": "0",
        "nbGroupeCM": "1",
        "nbGroupeTD": "1",
        "nbGroupeTP": "1",
        "nbGroupeCMTD": "0",
        "nbEtuInscritElpEtape": "18",
        "nbEtuInscritElpTotal": "18",
        "volumeHoraireElpPondereEtape": "30",
        "volumeHoraireElpTotal": "30",
        "nbEtuInscritPrevisionnelElpEtape": "20",
        "nbEtuInscritPrevisionnelElpTotal": "20",
        "nbEtape": "1"
    },
    {
        "annee": "2024",
        "codeStructureEtape": "AES",
        "libStructureEtape": "Faculté des Sciences",
        "codeEtape": "TM1MAD1",
        "libEtape": "M1 BEE / Mer, anthropisation, diagnostic",
        "noElement": "TBE417",
        "libElement": "3PE : projets personnels et professionnels - semestre 1",
        "codeNatureElp": "PRJ",
        "libNatureElp": "Projet",
        "codeCNU": null,
        "libCNU": null,
        "codePeriode": "1",
        "libPeriode": "Enseignement du premier semestre",
        "nbHeureCM": "1.33",
        "nbHeureTD": "6",
        "nbHeureTP": "20.7",
        "nbHeureCMTD": "0",
        "nbGroupeCM": "1",
        "nbGroupeTD": "1",
        "nbGroupeTP": "2",
        "nbGroupeCMTD": "0",
        "nbEtuInscritElpEtape": "18",
        "nbEtuInscritElpTotal": "37",
        "volumeHoraireElpPondereEtape": "24.03",
        "volumeHoraireElpTotal": "49.4",
        "nbEtuInscritPrevisionnelElpEtape": "39",
        "nbEtuInscritPrevisionnelElpTotal": "20",
        "nbEtape": "2"
    },
    {
        "annee": "2024",
        "codeStructureEtape": "AES",
        "libStructureEtape": "Faculté des Sciences",
        "codeEtape": "TM1MAD1",
        "libEtape": "M1 BEE / Mer, anthropisation, diagnostic",
        "noElement": "TBE416",
        "libElement": "Anglais",
        "codeNatureElp": "MATI",
        "libNatureElp": "Matière",
        "codeCNU": "11",
        "libCNU": "Langues et littératures anglaises et anglo-saxonnes",
        "codePeriode": "1",
        "libPeriode": "Enseignement du premier semestre",
        "nbHeureCM": "0",
        "nbHeureTD": "0",
        "nbHeureTP": "28",
        "nbHeureCMTD": "0",
        "nbGroupeCM": "1",
        "nbGroupeTD": "1",
        "nbGroupeTP": "2",
        "nbGroupeCMTD": "0",
        "nbEtuInscritElpEtape": "18",
        "nbEtuInscritElpTotal": "37",
        "volumeHoraireElpPondereEtape": "27.24",
        "volumeHoraireElpTotal": "56",
        "nbEtuInscritPrevisionnelElpEtape": "39",
        "nbEtuInscritPrevisionnelElpTotal": "20",
        "nbEtape": "2"
    },
    {
        "annee": "2024",
        "codeStructureEtape": "AES",
        "libStructureEtape": "Faculté des Sciences",
        "codeEtape": "TM1MAD1",
        "libEtape": "M1 BEE / Mer, anthropisation, diagnostic",
        "noElement": "TBE423",
        "libElement": "Biologie de la conservation",
        "codeNatureElp": "MATI",
        "libNatureElp": "Matière",
        "codeCNU": "67",
        "libCNU": "Biologie des populations et écologie",
        "codePeriode": "2",
        "libPeriode": "Enseignement du second semestre",
        "nbHeureCM": "18",
        "nbHeureTD": "0",
        "nbHeureTP": "6",
        "nbHeureCMTD": "0",
        "nbGroupeCM": "1",
        "nbGroupeTD": "1",
        "nbGroupeTP": "2",
        "nbGroupeCMTD": "0",
        "nbEtuInscritElpEtape": "18",
        "nbEtuInscritElpTotal": "37",
        "volumeHoraireElpPondereEtape": "18.97",
        "volumeHoraireElpTotal": "39",
        "nbEtuInscritPrevisionnelElpEtape": "40",
        "nbEtuInscritPrevisionnelElpTotal": "20",
        "nbEtape": "2"
    },
    {
        "annee": "2024",
        "codeStructureEtape": "AES",
        "libStructureEtape": "Faculté des Sciences",
        "codeEtape": "TM1MAD1",
        "libEtape": "M1 BEE / Mer, anthropisation, diagnostic",
        "noElement": "TCH401",
        "libElement": "Ecologie",
        "codeNatureElp": "CHAR",
        "libNatureElp": "Charges d'Enseignement",
        "codeCNU": "67",
        "libCNU": "Biologie des populations et écologie",
        "codePeriode": "1",
        "libPeriode": "Enseignement du premier semestre",
        "nbHeureCM": "28",
        "nbHeureTD": "8.67",
        "nbHeureTP": "19.33",
        "nbHeureCMTD": "0",
        "nbGroupeCM": "1",
        "nbGroupeTD": "2",
        "nbGroupeTP": "3",
        "nbGroupeCMTD": "0",
        "nbEtuInscritElpEtape": "18",
        "nbEtuInscritElpTotal": "45",
        "volumeHoraireElpPondereEtape": "46.93",
        "volumeHoraireElpTotal": "117.33",
        "nbEtuInscritPrevisionnelElpEtape": "47",
        "nbEtuInscritPrevisionnelElpTotal": "20",
        "nbEtape": "3"
    },
    {
        "annee": "2024",
        "codeStructureEtape": "AES",
        "libStructureEtape": "Faculté des Sciences",
        "codeEtape": "TM1MAD1",
        "libEtape": "M1 BEE / Mer, anthropisation, diagnostic",
        "noElement": "TBE414",
        "libElement": "Réponses évolutives de la biodiversité",
        "codeNatureElp": "MATI",
        "libNatureElp": "Matière",
        "codeCNU": "67",
        "libCNU": "Biologie des populations et écologie",
        "codePeriode": "1",
        "libPeriode": "Enseignement du premier semestre",
        "nbHeureCM": "18.67",
        "nbHeureTD": "5.33",
        "nbHeureTP": "4",
        "nbHeureCMTD": "0",
        "nbGroupeCM": "1",
        "nbGroupeTD": "1",
        "nbGroupeTP": "2",
        "nbGroupeCMTD": "0",
        "nbEtuInscritElpEtape": "18",
        "nbEtuInscritElpTotal": "37",
        "volumeHoraireElpPondereEtape": "20.11",
        "volumeHoraireElpTotal": "41.34",
        "nbEtuInscritPrevisionnelElpEtape": "39",
        "nbEtuInscritPrevisionnelElpTotal": "20",
        "nbEtape": "2"
    },
    {
        "annee": "2024",
        "codeStructureEtape": "AES",
        "libStructureEtape": "Faculté des Sciences",
        "codeEtape": "TM1MAD1",
        "libEtape": "M1 BEE / Mer, anthropisation, diagnostic",
        "noElement": "TBE424",
        "libElement": "3PE : projets personnels et professionnels - semestre 2",
        "codeNatureElp": "PRJ",
        "libNatureElp": "Projet",
        "codeCNU": null,
        "libCNU": null,
        "codePeriode": "2",
        "libPeriode": "Enseignement du second semestre",
        "nbHeureCM": "1.33",
        "nbHeureTD": "6",
        "nbHeureTP": "20.67",
        "nbHeureCMTD": "0",
        "nbGroupeCM": "1",
        "nbGroupeTD": "1",
        "nbGroupeTP": "2",
        "nbGroupeCMTD": "0",
        "nbEtuInscritElpEtape": "18",
        "nbEtuInscritElpTotal": "36",
        "volumeHoraireElpPondereEtape": "24.67",
        "volumeHoraireElpTotal": "49.34",
        "nbEtuInscritPrevisionnelElpEtape": "40",
        "nbEtuInscritPrevisionnelElpTotal": "20",
        "nbEtape": "2"
    },
    {
        "annee": "2024",
        "codeStructureEtape": "AES",
        "libStructureEtape": "Faculté des Sciences",
        "codeEtape": "TM1MAD1",
        "libEtape": "M1 BEE / Mer, anthropisation, diagnostic",
        "noElement": "TCH403",
        "libElement": "Biogéochimie environnementale",
        "codeNatureElp": "CHAR",
        "libNatureElp": "Charges d'Enseignement",
        "codeCNU": "36",
        "libCNU": "Terre solide : géodynamique des enveloppes supérieures, paléobiosphère",
        "codePeriode": "1",
        "libPeriode": "Enseignement du premier semestre",
        "nbHeureCM": "17.33",
        "nbHeureTD": "10.67",
        "nbHeureTP": "0",
        "nbHeureCMTD": "0",
        "nbGroupeCM": "1",
        "nbGroupeTD": "2",
        "nbGroupeTP": "3",
        "nbGroupeCMTD": "0",
        "nbEtuInscritElpEtape": "18",
        "nbEtuInscritElpTotal": "45",
        "volumeHoraireElpPondereEtape": "18.94",
        "volumeHoraireElpTotal": "47.34",
        "nbEtuInscritPrevisionnelElpEtape": "46",
        "nbEtuInscritPrevisionnelElpTotal": "20",
        "nbEtape": "3"
    },
    {
        "annee": "2024",
        "codeStructureEtape": "AES",
        "libStructureEtape": "Faculté des Sciences",
        "codeEtape": "TM1MAD1",
        "libEtape": "M1 BEE / Mer, anthropisation, diagnostic",
        "noElement": "TBE427B",
        "libElement": "Proxies environnementaux",
        "codeNatureElp": "MATI",
        "libNatureElp": "Matière",
        "codeCNU": "36",
        "libCNU": "Terre solide : géodynamique des enveloppes supérieures, paléobiosphère",
        "codePeriode": "2",
        "libPeriode": "Enseignement du second semestre",
        "nbHeureCM": "6.67",
        "nbHeureTD": "6.67",
        "nbHeureTP": "0",
        "nbHeureCMTD": "0",
        "nbGroupeCM": "1",
        "nbGroupeTD": "1",
        "nbGroupeTP": "1",
        "nbGroupeCMTD": "0",
        "nbEtuInscritElpEtape": "18",
        "nbEtuInscritElpTotal": "18",
        "volumeHoraireElpPondereEtape": "16.68",
        "volumeHoraireElpTotal": "16.68",
        "nbEtuInscritPrevisionnelElpEtape": "20",
        "nbEtuInscritPrevisionnelElpTotal": "20",
        "nbEtape": "1"
    },
    {
        "annee": "2024",
        "codeStructureEtape": "AES",
        "libStructureEtape": "Faculté des Sciences",
        "codeEtape": "TM1MAD1",
        "libEtape": "M1 BEE / Mer, anthropisation, diagnostic",
        "noElement": "TBE421",
        "libElement": "Analyse de données 2 : enquètes, SIG",
        "codeNatureElp": "MATI",
        "libNatureElp": "Matière",
        "codeCNU": "67",
        "libCNU": "Biologie des populations et écologie",
        "codePeriode": "2",
        "libPeriode": "Enseignement du second semestre",
        "nbHeureCM": "0",
        "nbHeureTD": "0",
        "nbHeureTP": "28",
        "nbHeureCMTD": "0",
        "nbGroupeCM": "1",
        "nbGroupeTD": "1",
        "nbGroupeTP": "2",
        "nbGroupeCMTD": "0",
        "nbEtuInscritElpEtape": "18",
        "nbEtuInscritElpTotal": "37",
        "volumeHoraireElpPondereEtape": "27.24",
        "volumeHoraireElpTotal": "56",
        "nbEtuInscritPrevisionnelElpEtape": "40",
        "nbEtuInscritPrevisionnelElpTotal": "20",
        "nbEtape": "2"
    }
]