[
    {
        "annee": "2024",
        "codeStructureEtape": "AES",
        "libStructureEtape": "Faculté des Sciences",
        "codeEtape": "TM1PPP1",
        "libEtape": "M1 BG / Paléontologie, paléo-environnement & patrimoine",
        "noElement": "TBG4U16A",
        "libElement": "UE Paléoenvironnements et paléoclimats du quaternaire",
        "codeNatureElp": "UE",
        "libNatureElp": "Unité d'enseignement",
        "codeCNU": null,
        "libCNU": null,
        "codePeriode": "1",
        "libPeriode": "Enseignement du premier semestre",
        "nbHeureCM": "0",
        "nbHeureTD": "32",
        "nbHeureTP": "0",
        "nbHeureCMTD": "0",
        "nbGroupeCM": "0",
        "nbGroupeTD": "1",
        "nbGroupeTP": "0",
        "nbGroupeCMTD": "0",
        "nbEtuInscritElpEtape": "0",
        "nbEtuInscritElpTotal": "0",
        "volumeHoraireElpPondereEtape": "0",
        "volumeHoraireElpTotal": "32",
        "nbEtuInscritPrevisionnelElpEtape": "5",
        "nbEtuInscritPrevisionnelElpTotal": "5",
        "nbEtape": "1"
    },
    {
        "annee": "2024",
        "codeStructureEtape": "AES",
        "libStructureEtape": "Faculté des Sciences",
        "codeEtape": "TM1PPP1",
        "libEtape": "M1 BG / Paléontologie, paléo-environnement & patrimoine",
        "noElement": "TBG4U25A",
        "libElement": "UE Evènements extrèmes actuels et passés",
        "codeNatureElp": "UE",
        "libNatureElp": "Unité d'enseignement",
        "codeCNU": null,
        "libCNU": null,
        "codePeriode": "2",
        "libPeriode": "Enseignement du second semestre",
        "nbHeureCM": "0",
        "nbHeureTD": "36",
        "nbHeureTP": "0",
        "nbHeureCMTD": "0",
        "nbGroupeCM": "0",
        "nbGroupeTD": "1",
        "nbGroupeTP": "0",
        "nbGroupeCMTD": "0",
        "nbEtuInscritElpEtape": "0",
        "nbEtuInscritElpTotal": "0",
        "volumeHoraireElpPondereEtape": "0",
        "volumeHoraireElpTotal": "36",
        "nbEtuInscritPrevisionnelElpEtape": "5",
        "nbEtuInscritPrevisionnelElpTotal": "5",
        "nbEtape": "1"
    }
]