[
    {
        "annee": "2024",
        "codeStructureEtape": "AES",
        "libStructureEtape": "Faculté des Sciences",
        "codeEtape": "TM2THE1",
        "libEtape": "M2 THE / Toxicologie Humaine et Environnementale",
        "noElement": "TTH539B",
        "libElement": "Expérimentation animale",
        "codeNatureElp": "MATI",
        "libNatureElp": "Matière",
        "codeCNU": "66",
        "libCNU": "Physiologie",
        "codePeriode": "3",
        "libPeriode": "Enseignement du troisième semestre",
        "nbHeureCM": "0",
        "nbHeureTD": "30",
        "nbHeureTP": "0",
        "nbHeureCMTD": "0",
        "nbGroupeCM": "1",
        "nbGroupeTD": "1",
        "nbGroupeTP": "1",
        "nbGroupeCMTD": "0",
        "nbEtuInscritElpEtape": "4",
        "nbEtuInscritElpTotal": "4",
        "volumeHoraireElpPondereEtape": "30",
        "volumeHoraireElpTotal": "30",
        "nbEtuInscritPrevisionnelElpEtape": "4",
        "nbEtuInscritPrevisionnelElpTotal": "4",
        "nbEtape": "1"
    },
    {
        "annee": "2024",
        "codeStructureEtape": "AES",
        "libStructureEtape": "Faculté des Sciences",
        "codeEtape": "TM2THE1",
        "libEtape": "M2 THE / Toxicologie Humaine et Environnementale",
        "noElement": "TTH539A",
        "libElement": "Toxicologie réglementaire",
        "codeNatureElp": "MATI",
        "libNatureElp": "Matière",
        "codeCNU": "02",
        "libCNU": "Droit public",
        "codePeriode": "3",
        "libPeriode": "Enseignement du troisième semestre",
        "nbHeureCM": "9",
        "nbHeureTD": "7",
        "nbHeureTP": "0",
        "nbHeureCMTD": "0",
        "nbGroupeCM": "1",
        "nbGroupeTD": "1",
        "nbGroupeTP": "1",
        "nbGroupeCMTD": "0",
        "nbEtuInscritElpEtape": "13",
        "nbEtuInscritElpTotal": "13",
        "volumeHoraireElpPondereEtape": "20.5",
        "volumeHoraireElpTotal": "20.5",
        "nbEtuInscritPrevisionnelElpEtape": "17",
        "nbEtuInscritPrevisionnelElpTotal": "17",
        "nbEtape": "1"
    },
    {
        "annee": "2024",
        "codeStructureEtape": "AES",
        "libStructureEtape": "Faculté des Sciences",
        "codeEtape": "TM2THE1",
        "libEtape": "M2 THE / Toxicologie Humaine et Environnementale",
        "noElement": "TTH538B",
        "libElement": "Toxicologie humaine et animale",
        "codeNatureElp": "MATI",
        "libNatureElp": "Matière",
        "codeCNU": "65",
        "libCNU": "Biologie cellulaire",
        "codePeriode": "3",
        "libPeriode": "Enseignement du troisième semestre",
        "nbHeureCM": "41",
        "nbHeureTD": "5",
        "nbHeureTP": "0",
        "nbHeureCMTD": "0",
        "nbGroupeCM": "1",
        "nbGroupeTD": "1",
        "nbGroupeTP": "1",
        "nbGroupeCMTD": "0",
        "nbEtuInscritElpEtape": "11",
        "nbEtuInscritElpTotal": "11",
        "volumeHoraireElpPondereEtape": "66.5",
        "volumeHoraireElpTotal": "66.5",
        "nbEtuInscritPrevisionnelElpEtape": "14",
        "nbEtuInscritPrevisionnelElpTotal": "14",
        "nbEtape": "1"
    },
    {
        "annee": "2024",
        "codeStructureEtape": "AES",
        "libStructureEtape": "Faculté des Sciences",
        "codeEtape": "TM2THE1",
        "libEtape": "M2 THE / Toxicologie Humaine et Environnementale",
        "noElement": "TTH538A",
        "libElement": "Ecotoxicologie aquatique",
        "codeNatureElp": "MATI",
        "libNatureElp": "Matière",
        "codeCNU": "68",
        "libCNU": "Biologie des organismes",
        "codePeriode": "3",
        "libPeriode": "Enseignement du troisième semestre",
        "nbHeureCM": "38",
        "nbHeureTD": "4",
        "nbHeureTP": "0",
        "nbHeureCMTD": "0",
        "nbGroupeCM": "1",
        "nbGroupeTD": "1",
        "nbGroupeTP": "1",
        "nbGroupeCMTD": "0",
        "nbEtuInscritElpEtape": "7",
        "nbEtuInscritElpTotal": "7",
        "volumeHoraireElpPondereEtape": "61",
        "volumeHoraireElpTotal": "61",
        "nbEtuInscritPrevisionnelElpEtape": "7",
        "nbEtuInscritPrevisionnelElpTotal": "7",
        "nbEtape": "1"
    },
    {
        "annee": "2024",
        "codeStructureEtape": "AES",
        "libStructureEtape": "Faculté des Sciences",
        "codeEtape": "TM2THE1",
        "libEtape": "M2 THE / Toxicologie Humaine et Environnementale",
        "noElement": "TTH535",
        "libElement": "Anglais",
        "codeNatureElp": "MATI",
        "libNatureElp": "Matière",
        "codeCNU": "11",
        "libCNU": "Langues et littératures anglaises et anglo-saxonnes",
        "codePeriode": "3",
        "libPeriode": "Enseignement du troisième semestre",
        "nbHeureCM": "0",
        "nbHeureTD": "20",
        "nbHeureTP": "0",
        "nbHeureCMTD": "0",
        "nbGroupeCM": "1",
        "nbGroupeTD": "1",
        "nbGroupeTP": "1",
        "nbGroupeCMTD": "0",
        "nbEtuInscritElpEtape": "18",
        "nbEtuInscritElpTotal": "18",
        "volumeHoraireElpPondereEtape": "20",
        "volumeHoraireElpTotal": "20",
        "nbEtuInscritPrevisionnelElpEtape": "21",
        "nbEtuInscritPrevisionnelElpTotal": "21",
        "nbEtape": "1"
    },
    {
        "annee": "2024",
        "codeStructureEtape": "AES",
        "libStructureEtape": "Faculté des Sciences",
        "codeEtape": "TM2THE1",
        "libEtape": "M2 THE / Toxicologie Humaine et Environnementale",
        "noElement": "TTH533",
        "libElement": "Projet d'étude",
        "codeNatureElp": "PRJ",
        "libNatureElp": "Projet",
        "codeCNU": null,
        "libCNU": null,
        "codePeriode": "3",
        "libPeriode": "Enseignement du troisième semestre",
        "nbHeureCM": "0",
        "nbHeureTD": "30",
        "nbHeureTP": "0",
        "nbHeureCMTD": "0",
        "nbGroupeCM": "1",
        "nbGroupeTD": "1",
        "nbGroupeTP": "1",
        "nbGroupeCMTD": "0",
        "nbEtuInscritElpEtape": "18",
        "nbEtuInscritElpTotal": "18",
        "volumeHoraireElpPondereEtape": "30",
        "volumeHoraireElpTotal": "30",
        "nbEtuInscritPrevisionnelElpEtape": "21",
        "nbEtuInscritPrevisionnelElpTotal": "21",
        "nbEtape": "1"
    },
    {
        "annee": "2024",
        "codeStructureEtape": "AES",
        "libStructureEtape": "Faculté des Sciences",
        "codeEtape": "TM2THE1",
        "libEtape": "M2 THE / Toxicologie Humaine et Environnementale",
        "noElement": "TTH532",
        "libElement": "Toxicovigilance et analyse des risques",
        "codeNatureElp": "MATI",
        "libNatureElp": "Matière",
        "codeCNU": "87",
        "libCNU": "Sciences biologiques, fondamentales et cliniques",
        "codePeriode": "3",
        "libPeriode": "Enseignement du troisième semestre",
        "nbHeureCM": "26",
        "nbHeureTD": "9",
        "nbHeureTP": "0",
        "nbHeureCMTD": "0",
        "nbGroupeCM": "1",
        "nbGroupeTD": "1",
        "nbGroupeTP": "1",
        "nbGroupeCMTD": "0",
        "nbEtuInscritElpEtape": "18",
        "nbEtuInscritElpTotal": "18",
        "volumeHoraireElpPondereEtape": "48",
        "volumeHoraireElpTotal": "48",
        "nbEtuInscritPrevisionnelElpEtape": "21",
        "nbEtuInscritPrevisionnelElpTotal": "21",
        "nbEtape": "1"
    },
    {
        "annee": "2024",
        "codeStructureEtape": "AES",
        "libStructureEtape": "Faculté des Sciences",
        "codeEtape": "TM2THE1",
        "libEtape": "M2 THE / Toxicologie Humaine et Environnementale",
        "noElement": "TTH539C",
        "libElement": "Cytotoxicité et chimiothérapie",
        "codeNatureElp": "MATI",
        "libNatureElp": "Matière",
        "codeCNU": "65",
        "libCNU": "Biologie cellulaire",
        "codePeriode": "3",
        "libPeriode": "Enseignement du troisième semestre",
        "nbHeureCM": "18",
        "nbHeureTD": "0",
        "nbHeureTP": "0",
        "nbHeureCMTD": "0",
        "nbGroupeCM": "1",
        "nbGroupeTD": "1",
        "nbGroupeTP": "1",
        "nbGroupeCMTD": "0",
        "nbEtuInscritElpEtape": "2",
        "nbEtuInscritElpTotal": "2",
        "volumeHoraireElpPondereEtape": "27",
        "volumeHoraireElpTotal": "27",
        "nbEtuInscritPrevisionnelElpEtape": "2",
        "nbEtuInscritPrevisionnelElpTotal": "2",
        "nbEtape": "1"
    },
    {
        "annee": "2024",
        "codeStructureEtape": "AES",
        "libStructureEtape": "Faculté des Sciences",
        "codeEtape": "TM2THE1",
        "libEtape": "M2 THE / Toxicologie Humaine et Environnementale",
        "noElement": "TTH534",
        "libElement": "3-PE",
        "codeNatureElp": "MATI",
        "libNatureElp": "Matière",
        "codeCNU": null,
        "libCNU": null,
        "codePeriode": "3",
        "libPeriode": "Enseignement du troisième semestre",
        "nbHeureCM": "0",
        "nbHeureTD": "12",
        "nbHeureTP": "0",
        "nbHeureCMTD": "0",
        "nbGroupeCM": "1",
        "nbGroupeTD": "1",
        "nbGroupeTP": "1",
        "nbGroupeCMTD": "0",
        "nbEtuInscritElpEtape": "18",
        "nbEtuInscritElpTotal": "18",
        "volumeHoraireElpPondereEtape": "12",
        "volumeHoraireElpTotal": "12",
        "nbEtuInscritPrevisionnelElpEtape": "21",
        "nbEtuInscritPrevisionnelElpTotal": "21",
        "nbEtape": "1"
    },
    {
        "annee": "2024",
        "codeStructureEtape": "AES",
        "libStructureEtape": "Faculté des Sciences",
        "codeEtape": "TM2THE1",
        "libEtape": "M2 THE / Toxicologie Humaine et Environnementale",
        "noElement": "TTH531",
        "libElement": "Ecotoxicologie terrestre",
        "codeNatureElp": "MATI",
        "libNatureElp": "Matière",
        "codeCNU": "68",
        "libCNU": "Biologie des organismes",
        "codePeriode": "3",
        "libPeriode": "Enseignement du troisième semestre",
        "nbHeureCM": "30",
        "nbHeureTD": "2",
        "nbHeureTP": "0",
        "nbHeureCMTD": "0",
        "nbGroupeCM": "1",
        "nbGroupeTD": "1",
        "nbGroupeTP": "1",
        "nbGroupeCMTD": "0",
        "nbEtuInscritElpEtape": "18",
        "nbEtuInscritElpTotal": "18",
        "volumeHoraireElpPondereEtape": "47",
        "volumeHoraireElpTotal": "47",
        "nbEtuInscritPrevisionnelElpEtape": "21",
        "nbEtuInscritPrevisionnelElpTotal": "21",
        "nbEtape": "1"
    },
    {
        "annee": "2024",
        "codeStructureEtape": "AES",
        "libStructureEtape": "Faculté des Sciences",
        "codeEtape": "TM2THE1",
        "libEtape": "M2 THE / Toxicologie Humaine et Environnementale",
        "noElement": "TTH537",
        "libElement": "Droit de l'environnement",
        "codeNatureElp": "MATI",
        "libNatureElp": "Matière",
        "codeCNU": "02",
        "libCNU": "Droit public",
        "codePeriode": "3",
        "libPeriode": "Enseignement du troisième semestre",
        "nbHeureCM": "20",
        "nbHeureTD": "0",
        "nbHeureTP": "0",
        "nbHeureCMTD": "0",
        "nbGroupeCM": "1",
        "nbGroupeTD": "1",
        "nbGroupeTP": "1",
        "nbGroupeCMTD": "0",
        "nbEtuInscritElpEtape": "18",
        "nbEtuInscritElpTotal": "18",
        "volumeHoraireElpPondereEtape": "30",
        "volumeHoraireElpTotal": "30",
        "nbEtuInscritPrevisionnelElpEtape": "21",
        "nbEtuInscritPrevisionnelElpTotal": "21",
        "nbEtape": "1"
    },
    {
        "annee": "2024",
        "codeStructureEtape": "AES",
        "libStructureEtape": "Faculté des Sciences",
        "codeEtape": "TM2THE1",
        "libEtape": "M2 THE / Toxicologie Humaine et Environnementale",
        "noElement": "TTH541B",
        "libElement": "Alternance",
        "codeNatureElp": "STAG",
        "libNatureElp": "Stage",
        "codeCNU": null,
        "libCNU": null,
        "codePeriode": "4",
        "libPeriode": "Enseignement du quatrième semestre",
        "nbHeureCM": "0",
        "nbHeureTD": "12",
        "nbHeureTP": "0",
        "nbHeureCMTD": "0",
        "nbGroupeCM": "5",
        "nbGroupeTD": "5",
        "nbGroupeTP": "5",
        "nbGroupeCMTD": "0",
        "nbEtuInscritElpEtape": "0",
        "nbEtuInscritElpTotal": "0",
        "volumeHoraireElpPondereEtape": "0",
        "volumeHoraireElpTotal": "60",
        "nbEtuInscritPrevisionnelElpEtape": "5",
        "nbEtuInscritPrevisionnelElpTotal": "5",
        "nbEtape": "1"
    },
    {
        "annee": "2024",
        "codeStructureEtape": "AES",
        "libStructureEtape": "Faculté des Sciences",
        "codeEtape": "TM2THE1",
        "libEtape": "M2 THE / Toxicologie Humaine et Environnementale",
        "noElement": "TTH536",
        "libElement": "Management de projet",
        "codeNatureElp": "MATI",
        "libNatureElp": "Matière",
        "codeCNU": "06",
        "libCNU": "Sciences de gestion",
        "codePeriode": "3",
        "libPeriode": "Enseignement du troisième semestre",
        "nbHeureCM": "0",
        "nbHeureTD": "35",
        "nbHeureTP": "0",
        "nbHeureCMTD": "0",
        "nbGroupeCM": "1",
        "nbGroupeTD": "1",
        "nbGroupeTP": "1",
        "nbGroupeCMTD": "0",
        "nbEtuInscritElpEtape": "18",
        "nbEtuInscritElpTotal": "18",
        "volumeHoraireElpPondereEtape": "35",
        "volumeHoraireElpTotal": "35",
        "nbEtuInscritPrevisionnelElpEtape": "21",
        "nbEtuInscritPrevisionnelElpTotal": "21",
        "nbEtape": "1"
    },
    {
        "annee": "2024",
        "codeStructureEtape": "AES",
        "libStructureEtape": "Faculté des Sciences",
        "codeEtape": "TM2THE1",
        "libEtape": "M2 THE / Toxicologie Humaine et Environnementale",
        "noElement": "TTH541A",
        "libElement": "Stage",
        "codeNatureElp": "STAG",
        "libNatureElp": "Stage",
        "codeCNU": null,
        "libCNU": null,
        "codePeriode": "4",
        "libPeriode": "Enseignement du quatrième semestre",
        "nbHeureCM": "0",
        "nbHeureTD": "4",
        "nbHeureTP": "0",
        "nbHeureCMTD": "0",
        "nbGroupeCM": "16",
        "nbGroupeTD": "16",
        "nbGroupeTP": "16",
        "nbGroupeCMTD": "0",
        "nbEtuInscritElpEtape": "0",
        "nbEtuInscritElpTotal": "0",
        "volumeHoraireElpPondereEtape": "0",
        "volumeHoraireElpTotal": "64",
        "nbEtuInscritPrevisionnelElpEtape": "16",
        "nbEtuInscritPrevisionnelElpTotal": "16",
        "nbEtape": "1"
    },
    {
        "annee": "2024",
        "codeStructureEtape": "AES",
        "libStructureEtape": "Faculté des Sciences",
        "codeEtape": "TM2THE1",
        "libEtape": "M2 THE / Toxicologie Humaine et Environnementale",
        "noElement": "TTH539D",
        "libElement": "Substances naturelles actives",
        "codeNatureElp": "MATI",
        "libNatureElp": "Matière",
        "codeCNU": "86",
        "libCNU": "Sciences du médicament et des autres produits de la santé",
        "codePeriode": "3",
        "libPeriode": "Enseignement du troisième semestre",
        "nbHeureCM": "24",
        "nbHeureTD": "0",
        "nbHeureTP": "0",
        "nbHeureCMTD": "0",
        "nbGroupeCM": "1",
        "nbGroupeTD": "1",
        "nbGroupeTP": "1",
        "nbGroupeCMTD": "0",
        "nbEtuInscritElpEtape": "17",
        "nbEtuInscritElpTotal": "17",
        "volumeHoraireElpPondereEtape": "36",
        "volumeHoraireElpTotal": "36",
        "nbEtuInscritPrevisionnelElpEtape": "19",
        "nbEtuInscritPrevisionnelElpTotal": "19",
        "nbEtape": "1"
    }
]