[
    {
        "annee": "2024",
        "codeStructureEtape": "AES",
        "libStructureEtape": "Faculté des Sciences",
        "codeEtape": "TM1THE1",
        "libEtape": "M1 THE / Toxicologie Humaine et Environnementale",
        "noElement": "TTH424",
        "libElement": "Analyse de risques - toxicologie réglementaire",
        "codeNatureElp": "MATI",
        "libNatureElp": "Matière",
        "codeCNU": "11",
        "libCNU": "Langues et littératures anglaises et anglo-saxonnes",
        "codePeriode": "2",
        "libPeriode": "Enseignement du second semestre",
        "nbHeureCM": "16",
        "nbHeureTD": "14",
        "nbHeureTP": "0",
        "nbHeureCMTD": "0",
        "nbGroupeCM": "1",
        "nbGroupeTD": "1",
        "nbGroupeTP": "1",
        "nbGroupeCMTD": "0",
        "nbEtuInscritElpEtape": "20",
        "nbEtuInscritElpTotal": "20",
        "volumeHoraireElpPondereEtape": "38",
        "volumeHoraireElpTotal": "38",
        "nbEtuInscritPrevisionnelElpEtape": "20",
        "nbEtuInscritPrevisionnelElpTotal": "20",
        "nbEtape": "1"
    },
    {
        "annee": "2024",
        "codeStructureEtape": "AES",
        "libStructureEtape": "Faculté des Sciences",
        "codeEtape": "TM1THE1",
        "libEtape": "M1 THE / Toxicologie Humaine et Environnementale",
        "noElement": "TTH413",
        "libElement": "Adaptations animales aux stress environnementaux",
        "codeNatureElp": "MATI",
        "libNatureElp": "Matière",
        "codeCNU": "71",
        "libCNU": "Sciences de l'information et de la communication",
        "codePeriode": "1",
        "libPeriode": "Enseignement du premier semestre",
        "nbHeureCM": "15",
        "nbHeureTD": "3",
        "nbHeureTP": "8",
        "nbHeureCMTD": "0",
        "nbGroupeCM": "1",
        "nbGroupeTD": "1",
        "nbGroupeTP": "1",
        "nbGroupeCMTD": "0",
        "nbEtuInscritElpEtape": "20",
        "nbEtuInscritElpTotal": "20",
        "volumeHoraireElpPondereEtape": "33.5",
        "volumeHoraireElpTotal": "33.5",
        "nbEtuInscritPrevisionnelElpEtape": "20",
        "nbEtuInscritPrevisionnelElpTotal": "20",
        "nbEtape": "1"
    },
    {
        "annee": "2024",
        "codeStructureEtape": "AES",
        "libStructureEtape": "Faculté des Sciences",
        "codeEtape": "TM1THE1",
        "libEtape": "M1 THE / Toxicologie Humaine et Environnementale",
        "noElement": "TTH418",
        "libElement": "3PE",
        "codeNatureElp": "PRJ",
        "libNatureElp": "Projet",
        "codeCNU": null,
        "libCNU": null,
        "codePeriode": "1",
        "libPeriode": "Enseignement du premier semestre",
        "nbHeureCM": "0",
        "nbHeureTD": "20",
        "nbHeureTP": "0",
        "nbHeureCMTD": "0",
        "nbGroupeCM": "1",
        "nbGroupeTD": "1",
        "nbGroupeTP": "1",
        "nbGroupeCMTD": "0",
        "nbEtuInscritElpEtape": "20",
        "nbEtuInscritElpTotal": "20",
        "volumeHoraireElpPondereEtape": "20",
        "volumeHoraireElpTotal": "20",
        "nbEtuInscritPrevisionnelElpEtape": "20",
        "nbEtuInscritPrevisionnelElpTotal": "20",
        "nbEtape": "1"
    },
    {
        "annee": "2024",
        "codeStructureEtape": "AES",
        "libStructureEtape": "Faculté des Sciences",
        "codeEtape": "TM1THE1",
        "libEtape": "M1 THE / Toxicologie Humaine et Environnementale",
        "noElement": "TTH423",
        "libElement": "Analyse chimique des micropolluants",
        "codeNatureElp": "MATI",
        "libNatureElp": "Matière",
        "codeCNU": "31",
        "libCNU": "Chimie théorique, physique, analytique",
        "codePeriode": "2",
        "libPeriode": "Enseignement du second semestre",
        "nbHeureCM": "12",
        "nbHeureTD": "10",
        "nbHeureTP": "8",
        "nbHeureCMTD": "0",
        "nbGroupeCM": "1",
        "nbGroupeTD": "1",
        "nbGroupeTP": "1",
        "nbGroupeCMTD": "0",
        "nbEtuInscritElpEtape": "20",
        "nbEtuInscritElpTotal": "20",
        "volumeHoraireElpPondereEtape": "36",
        "volumeHoraireElpTotal": "36",
        "nbEtuInscritPrevisionnelElpEtape": "20",
        "nbEtuInscritPrevisionnelElpTotal": "20",
        "nbEtape": "1"
    },
    {
        "annee": "2024",
        "codeStructureEtape": "AES",
        "libStructureEtape": "Faculté des Sciences",
        "codeEtape": "TM1THE1",
        "libEtape": "M1 THE / Toxicologie Humaine et Environnementale",
        "noElement": "TTH421",
        "libElement": "Toxicologie approfondie",
        "codeNatureElp": "MATI",
        "libNatureElp": "Matière",
        "codeCNU": "66",
        "libCNU": "Physiologie",
        "codePeriode": "2",
        "libPeriode": "Enseignement du second semestre",
        "nbHeureCM": "20",
        "nbHeureTD": "10",
        "nbHeureTP": "0",
        "nbHeureCMTD": "0",
        "nbGroupeCM": "1",
        "nbGroupeTD": "1",
        "nbGroupeTP": "1",
        "nbGroupeCMTD": "0",
        "nbEtuInscritElpEtape": "20",
        "nbEtuInscritElpTotal": "20",
        "volumeHoraireElpPondereEtape": "40",
        "volumeHoraireElpTotal": "40",
        "nbEtuInscritPrevisionnelElpEtape": "20",
        "nbEtuInscritPrevisionnelElpTotal": "20",
        "nbEtape": "1"
    },
    {
        "annee": "2024",
        "codeStructureEtape": "AES",
        "libStructureEtape": "Faculté des Sciences",
        "codeEtape": "TM1THE1",
        "libEtape": "M1 THE / Toxicologie Humaine et Environnementale",
        "noElement": "TCH405",
        "libElement": "Altérations génomiques, pharmacogénétique, épigénétique",
        "codeNatureElp": "CHAR",
        "libNatureElp": "Charges d'Enseignement",
        "codeCNU": "64",
        "libCNU": "Biochimie, biologie moléculaire",
        "codePeriode": "1",
        "libPeriode": "Enseignement du premier semestre",
        "nbHeureCM": "24",
        "nbHeureTD": "3",
        "nbHeureTP": "0",
        "nbHeureCMTD": "0",
        "nbGroupeCM": "1",
        "nbGroupeTD": "2",
        "nbGroupeTP": "3",
        "nbGroupeCMTD": "0",
        "nbEtuInscritElpEtape": "12",
        "nbEtuInscritElpTotal": "53",
        "volumeHoraireElpPondereEtape": "9.51",
        "volumeHoraireElpTotal": "42",
        "nbEtuInscritPrevisionnelElpEtape": "55",
        "nbEtuInscritPrevisionnelElpTotal": "12",
        "nbEtape": "2"
    },
    {
        "annee": "2024",
        "codeStructureEtape": "AES",
        "libStructureEtape": "Faculté des Sciences",
        "codeEtape": "TM1THE1",
        "libEtape": "M1 THE / Toxicologie Humaine et Environnementale",
        "noElement": "TTH427B",
        "libElement": "Système d'information géographique",
        "codeNatureElp": "MATI",
        "libNatureElp": "Matière",
        "codeCNU": "67",
        "libCNU": "Biologie des populations et écologie",
        "codePeriode": "2",
        "libPeriode": "Enseignement du second semestre",
        "nbHeureCM": "3",
        "nbHeureTD": "0",
        "nbHeureTP": "24",
        "nbHeureCMTD": "0",
        "nbGroupeCM": "1",
        "nbGroupeTD": "1",
        "nbGroupeTP": "1",
        "nbGroupeCMTD": "0",
        "nbEtuInscritElpEtape": "7",
        "nbEtuInscritElpTotal": "7",
        "volumeHoraireElpPondereEtape": "28.5",
        "volumeHoraireElpTotal": "28.5",
        "nbEtuInscritPrevisionnelElpEtape": "7",
        "nbEtuInscritPrevisionnelElpTotal": "7",
        "nbEtape": "1"
    },
    {
        "annee": "2024",
        "codeStructureEtape": "AES",
        "libStructureEtape": "Faculté des Sciences",
        "codeEtape": "TM1THE1",
        "libEtape": "M1 THE / Toxicologie Humaine et Environnementale",
        "noElement": "TTH419D",
        "libElement": "Pharmacologie",
        "codeNatureElp": "MATI",
        "libNatureElp": "Matière",
        "codeCNU": "66",
        "libCNU": "Physiologie",
        "codePeriode": "1",
        "libPeriode": "Enseignement du premier semestre",
        "nbHeureCM": "18",
        "nbHeureTD": "9",
        "nbHeureTP": "3",
        "nbHeureCMTD": "0",
        "nbGroupeCM": "1",
        "nbGroupeTD": "1",
        "nbGroupeTP": "1",
        "nbGroupeCMTD": "0",
        "nbEtuInscritElpEtape": "12",
        "nbEtuInscritElpTotal": "12",
        "volumeHoraireElpPondereEtape": "39",
        "volumeHoraireElpTotal": "39",
        "nbEtuInscritPrevisionnelElpEtape": "12",
        "nbEtuInscritPrevisionnelElpTotal": "12",
        "nbEtape": "1"
    },
    {
        "annee": "2024",
        "codeStructureEtape": "AES",
        "libStructureEtape": "Faculté des Sciences",
        "codeEtape": "TM1THE1",
        "libEtape": "M1 THE / Toxicologie Humaine et Environnementale",
        "noElement": "TCH406",
        "libElement": "Diagnostic environnemental en milieu marin",
        "codeNatureElp": "CHAR",
        "libNatureElp": "Charges d'Enseignement",
        "codeCNU": "36",
        "libCNU": "Terre solide : géodynamique des enveloppes supérieures, paléobiosphère",
        "codePeriode": "2",
        "libPeriode": "Enseignement du second semestre",
        "nbHeureCM": "10.67",
        "nbHeureTD": "4",
        "nbHeureTP": "0",
        "nbHeureCMTD": "0",
        "nbGroupeCM": "1",
        "nbGroupeTD": "1",
        "nbGroupeTP": "2",
        "nbGroupeCMTD": "0",
        "nbEtuInscritElpEtape": "7",
        "nbEtuInscritElpTotal": "25",
        "volumeHoraireElpPondereEtape": "5.6",
        "volumeHoraireElpTotal": "20.01",
        "nbEtuInscritPrevisionnelElpEtape": "27",
        "nbEtuInscritPrevisionnelElpTotal": "7",
        "nbEtape": "2"
    },
    {
        "annee": "2024",
        "codeStructureEtape": "AES",
        "libStructureEtape": "Faculté des Sciences",
        "codeEtape": "TM1THE1",
        "libEtape": "M1 THE / Toxicologie Humaine et Environnementale",
        "noElement": "TTH427G",
        "libElement": "Toxicologie des addictions",
        "codeNatureElp": "MATI",
        "libNatureElp": "Matière",
        "codeCNU": "66",
        "libCNU": "Physiologie",
        "codePeriode": "2",
        "libPeriode": "Enseignement du second semestre",
        "nbHeureCM": "14",
        "nbHeureTD": "14",
        "nbHeureTP": "0",
        "nbHeureCMTD": "0",
        "nbGroupeCM": "1",
        "nbGroupeTD": "1",
        "nbGroupeTP": "1",
        "nbGroupeCMTD": "0",
        "nbEtuInscritElpEtape": "13",
        "nbEtuInscritElpTotal": "13",
        "volumeHoraireElpPondereEtape": "35",
        "volumeHoraireElpTotal": "35",
        "nbEtuInscritPrevisionnelElpEtape": "13",
        "nbEtuInscritPrevisionnelElpTotal": "13",
        "nbEtape": "1"
    },
    {
        "annee": "2024",
        "codeStructureEtape": "AES",
        "libStructureEtape": "Faculté des Sciences",
        "codeEtape": "TM1THE1",
        "libEtape": "M1 THE / Toxicologie Humaine et Environnementale",
        "noElement": "TCH402",
        "libElement": "Fonctionnement et restauration des écosystèmes",
        "codeNatureElp": "CHAR",
        "libNatureElp": "Charges d'Enseignement",
        "codeCNU": "67",
        "libCNU": "Biologie des populations et écologie",
        "codePeriode": "1",
        "libPeriode": "Enseignement du premier semestre",
        "nbHeureCM": "16",
        "nbHeureTD": "12",
        "nbHeureTP": "0",
        "nbHeureCMTD": "0",
        "nbGroupeCM": "1",
        "nbGroupeTD": "1",
        "nbGroupeTP": "2",
        "nbGroupeCMTD": "0",
        "nbEtuInscritElpEtape": "0",
        "nbEtuInscritElpTotal": "37",
        "volumeHoraireElpPondereEtape": "0",
        "volumeHoraireElpTotal": "36",
        "nbEtuInscritPrevisionnelElpEtape": "40",
        "nbEtuInscritPrevisionnelElpTotal": "1",
        "nbEtape": "3"
    },
    {
        "annee": "2024",
        "codeStructureEtape": "AES",
        "libStructureEtape": "Faculté des Sciences",
        "codeEtape": "TM1THE1",
        "libEtape": "M1 THE / Toxicologie Humaine et Environnementale",
        "noElement": "TTH427E",
        "libElement": "Toxinologie",
        "codeNatureElp": "MATI",
        "libNatureElp": "Matière",
        "codeCNU": "66",
        "libCNU": "Physiologie",
        "codePeriode": "2",
        "libPeriode": "Enseignement du second semestre",
        "nbHeureCM": "18",
        "nbHeureTD": "7",
        "nbHeureTP": "4",
        "nbHeureCMTD": "0",
        "nbGroupeCM": "1",
        "nbGroupeTD": "1",
        "nbGroupeTP": "1",
        "nbGroupeCMTD": "0",
        "nbEtuInscritElpEtape": "13",
        "nbEtuInscritElpTotal": "13",
        "volumeHoraireElpPondereEtape": "38",
        "volumeHoraireElpTotal": "38",
        "nbEtuInscritPrevisionnelElpEtape": "13",
        "nbEtuInscritPrevisionnelElpTotal": "13",
        "nbEtape": "1"
    },
    {
        "annee": "2024",
        "codeStructureEtape": "AES",
        "libStructureEtape": "Faculté des Sciences",
        "codeEtape": "TM1THE1",
        "libEtape": "M1 THE / Toxicologie Humaine et Environnementale",
        "noElement": "TTH411",
        "libElement": "Toxicologie générale",
        "codeNatureElp": "MATI",
        "libNatureElp": "Matière",
        "codeCNU": "66",
        "libCNU": "Physiologie",
        "codePeriode": "1",
        "libPeriode": "Enseignement du premier semestre",
        "nbHeureCM": "15",
        "nbHeureTD": "7",
        "nbHeureTP": "10",
        "nbHeureCMTD": "0",
        "nbGroupeCM": "1",
        "nbGroupeTD": "1",
        "nbGroupeTP": "1",
        "nbGroupeCMTD": "0",
        "nbEtuInscritElpEtape": "20",
        "nbEtuInscritElpTotal": "20",
        "volumeHoraireElpPondereEtape": "39.5",
        "volumeHoraireElpTotal": "39.5",
        "nbEtuInscritPrevisionnelElpEtape": "20",
        "nbEtuInscritPrevisionnelElpTotal": "20",
        "nbEtape": "1"
    },
    {
        "annee": "2024",
        "codeStructureEtape": "AES",
        "libStructureEtape": "Faculté des Sciences",
        "codeEtape": "TM1THE1",
        "libEtape": "M1 THE / Toxicologie Humaine et Environnementale",
        "noElement": "TTH417",
        "libElement": "Anglais - semestre 1",
        "codeNatureElp": "MATI",
        "libNatureElp": "Matière",
        "codeCNU": "11",
        "libCNU": "Langues et littératures anglaises et anglo-saxonnes",
        "codePeriode": "1",
        "libPeriode": "Enseignement du premier semestre",
        "nbHeureCM": "0",
        "nbHeureTD": "0",
        "nbHeureTP": "20",
        "nbHeureCMTD": "0",
        "nbGroupeCM": "1",
        "nbGroupeTD": "1",
        "nbGroupeTP": "1",
        "nbGroupeCMTD": "0",
        "nbEtuInscritElpEtape": "20",
        "nbEtuInscritElpTotal": "20",
        "volumeHoraireElpPondereEtape": "20",
        "volumeHoraireElpTotal": "20",
        "nbEtuInscritPrevisionnelElpEtape": "20",
        "nbEtuInscritPrevisionnelElpTotal": "20",
        "nbEtape": "1"
    },
    {
        "annee": "2024",
        "codeStructureEtape": "AES",
        "libStructureEtape": "Faculté des Sciences",
        "codeEtape": "TM1THE1",
        "libEtape": "M1 THE / Toxicologie Humaine et Environnementale",
        "noElement": "TCH407",
        "libElement": "Estimation de la biodiversité et techniques d'inventaires",
        "codeNatureElp": "CHAR",
        "libNatureElp": "Charges d'Enseignement",
        "codeCNU": "68",
        "libCNU": "Biologie des organismes",
        "codePeriode": "2",
        "libPeriode": "Enseignement du second semestre",
        "nbHeureCM": "17",
        "nbHeureTD": "0",
        "nbHeureTP": "11",
        "nbHeureCMTD": "0",
        "nbGroupeCM": "1",
        "nbGroupeTD": "1",
        "nbGroupeTP": "1",
        "nbGroupeCMTD": "0",
        "nbEtuInscritElpEtape": "0",
        "nbEtuInscritElpTotal": "19",
        "volumeHoraireElpPondereEtape": "0",
        "volumeHoraireElpTotal": "36.5",
        "nbEtuInscritPrevisionnelElpEtape": "20",
        "nbEtuInscritPrevisionnelElpTotal": "0",
        "nbEtape": "2"
    },
    {
        "annee": "2024",
        "codeStructureEtape": "AES",
        "libStructureEtape": "Faculté des Sciences",
        "codeEtape": "TM1THE1",
        "libEtape": "M1 THE / Toxicologie Humaine et Environnementale",
        "noElement": "TTH426",
        "libElement": "Stage",
        "codeNatureElp": "STAG",
        "libNatureElp": "Stage",
        "codeCNU": null,
        "libCNU": null,
        "codePeriode": "2",
        "libPeriode": "Enseignement du second semestre",
        "nbHeureCM": "0",
        "nbHeureTD": "3",
        "nbHeureTP": "0",
        "nbHeureCMTD": "0",
        "nbGroupeCM": "20",
        "nbGroupeTD": "20",
        "nbGroupeTP": "20",
        "nbGroupeCMTD": "0",
        "nbEtuInscritElpEtape": "20",
        "nbEtuInscritElpTotal": "20",
        "volumeHoraireElpPondereEtape": "60",
        "volumeHoraireElpTotal": "60",
        "nbEtuInscritPrevisionnelElpEtape": "20",
        "nbEtuInscritPrevisionnelElpTotal": "20",
        "nbEtape": "1"
    },
    {
        "annee": "2024",
        "codeStructureEtape": "AES",
        "libStructureEtape": "Faculté des Sciences",
        "codeEtape": "TM1THE1",
        "libEtape": "M1 THE / Toxicologie Humaine et Environnementale",
        "noElement": "TCH404",
        "libElement": "Oncogénèse 1",
        "codeNatureElp": "CHAR",
        "libNatureElp": "Charges d'Enseignement",
        "codeCNU": "64",
        "libCNU": "Biochimie, biologie moléculaire",
        "codePeriode": "1",
        "libPeriode": "Enseignement du premier semestre",
        "nbHeureCM": "21.33",
        "nbHeureTD": "6.67",
        "nbHeureTP": "0",
        "nbHeureCMTD": "0",
        "nbGroupeCM": "1",
        "nbGroupeTD": "2",
        "nbGroupeTP": "3",
        "nbGroupeCMTD": "0",
        "nbEtuInscritElpEtape": "12",
        "nbEtuInscritElpTotal": "53",
        "volumeHoraireElpPondereEtape": "10.27",
        "volumeHoraireElpTotal": "45.34",
        "nbEtuInscritPrevisionnelElpEtape": "55",
        "nbEtuInscritPrevisionnelElpTotal": "12",
        "nbEtape": "2"
    },
    {
        "annee": "2024",
        "codeStructureEtape": "AES",
        "libStructureEtape": "Faculté des Sciences",
        "codeEtape": "TM1THE1",
        "libEtape": "M1 THE / Toxicologie Humaine et Environnementale",
        "noElement": "TCH408",
        "libElement": "Oncogénèse 2",
        "codeNatureElp": "CHAR",
        "libNatureElp": "Charges d'Enseignement",
        "codeCNU": "64",
        "libCNU": "Biochimie, biologie moléculaire",
        "codePeriode": "2",
        "libPeriode": "Enseignement du second semestre",
        "nbHeureCM": "21.33",
        "nbHeureTD": "6.67",
        "nbHeureTP": "0",
        "nbHeureCMTD": "0",
        "nbGroupeCM": "1",
        "nbGroupeTD": "1",
        "nbGroupeTP": "1",
        "nbGroupeCMTD": "0",
        "nbEtuInscritElpEtape": "0",
        "nbEtuInscritElpTotal": "8",
        "volumeHoraireElpPondereEtape": "0",
        "volumeHoraireElpTotal": "38.67",
        "nbEtuInscritPrevisionnelElpEtape": "14",
        "nbEtuInscritPrevisionnelElpTotal": "0",
        "nbEtape": "2"
    },
    {
        "annee": "2024",
        "codeStructureEtape": "AES",
        "libStructureEtape": "Faculté des Sciences",
        "codeEtape": "TM1THE1",
        "libEtape": "M1 THE / Toxicologie Humaine et Environnementale",
        "noElement": "TCH401",
        "libElement": "Ecologie",
        "codeNatureElp": "CHAR",
        "libNatureElp": "Charges d'Enseignement",
        "codeCNU": "67",
        "libCNU": "Biologie des populations et écologie",
        "codePeriode": "1",
        "libPeriode": "Enseignement du premier semestre",
        "nbHeureCM": "28",
        "nbHeureTD": "8.67",
        "nbHeureTP": "19.33",
        "nbHeureCMTD": "0",
        "nbGroupeCM": "1",
        "nbGroupeTD": "2",
        "nbGroupeTP": "3",
        "nbGroupeCMTD": "0",
        "nbEtuInscritElpEtape": "8",
        "nbEtuInscritElpTotal": "45",
        "volumeHoraireElpPondereEtape": "20.86",
        "volumeHoraireElpTotal": "117.33",
        "nbEtuInscritPrevisionnelElpEtape": "47",
        "nbEtuInscritPrevisionnelElpTotal": "8",
        "nbEtape": "3"
    },
    {
        "annee": "2024",
        "codeStructureEtape": "AES",
        "libStructureEtape": "Faculté des Sciences",
        "codeEtape": "TM1THE1",
        "libEtape": "M1 THE / Toxicologie Humaine et Environnementale",
        "noElement": "TTH425",
        "libElement": "Anglais - semestre 2",
        "codeNatureElp": "MATI",
        "libNatureElp": "Matière",
        "codeCNU": "11",
        "libCNU": "Langues et littératures anglaises et anglo-saxonnes",
        "codePeriode": "2",
        "libPeriode": "Enseignement du second semestre",
        "nbHeureCM": "0",
        "nbHeureTD": "0",
        "nbHeureTP": "20",
        "nbHeureCMTD": "0",
        "nbGroupeCM": "1",
        "nbGroupeTD": "1",
        "nbGroupeTP": "1",
        "nbGroupeCMTD": "0",
        "nbEtuInscritElpEtape": "20",
        "nbEtuInscritElpTotal": "20",
        "volumeHoraireElpPondereEtape": "20",
        "volumeHoraireElpTotal": "20",
        "nbEtuInscritPrevisionnelElpEtape": "20",
        "nbEtuInscritPrevisionnelElpTotal": "20",
        "nbEtape": "1"
    },
    {
        "annee": "2024",
        "codeStructureEtape": "AES",
        "libStructureEtape": "Faculté des Sciences",
        "codeEtape": "TM1THE1",
        "libEtape": "M1 THE / Toxicologie Humaine et Environnementale",
        "noElement": "TTH415",
        "libElement": "Biostatistiques - bioinformatique",
        "codeNatureElp": "MATI",
        "libNatureElp": "Matière",
        "codeCNU": "06",
        "libCNU": "Sciences de gestion",
        "codePeriode": "1",
        "libPeriode": "Enseignement du premier semestre",
        "nbHeureCM": "0",
        "nbHeureTD": "0",
        "nbHeureTP": "28",
        "nbHeureCMTD": "0",
        "nbGroupeCM": "1",
        "nbGroupeTD": "1",
        "nbGroupeTP": "1",
        "nbGroupeCMTD": "0",
        "nbEtuInscritElpEtape": "20",
        "nbEtuInscritElpTotal": "20",
        "volumeHoraireElpPondereEtape": "28",
        "volumeHoraireElpTotal": "28",
        "nbEtuInscritPrevisionnelElpEtape": "20",
        "nbEtuInscritPrevisionnelElpTotal": "20",
        "nbEtape": "1"
    },
    {
        "annee": "2024",
        "codeStructureEtape": "AES",
        "libStructureEtape": "Faculté des Sciences",
        "codeEtape": "TM1THE1",
        "libEtape": "M1 THE / Toxicologie Humaine et Environnementale",
        "noElement": "TTH414",
        "libElement": "Management environnemental et normes",
        "codeNatureElp": "MATI",
        "libNatureElp": "Matière",
        "codeCNU": "71",
        "libCNU": "Sciences de l'information et de la communication",
        "codePeriode": "1",
        "libPeriode": "Enseignement du premier semestre",
        "nbHeureCM": "15",
        "nbHeureTD": "14",
        "nbHeureTP": "0",
        "nbHeureCMTD": "0",
        "nbGroupeCM": "1",
        "nbGroupeTD": "1",
        "nbGroupeTP": "1",
        "nbGroupeCMTD": "0",
        "nbEtuInscritElpEtape": "20",
        "nbEtuInscritElpTotal": "20",
        "volumeHoraireElpPondereEtape": "36.5",
        "volumeHoraireElpTotal": "36.5",
        "nbEtuInscritPrevisionnelElpEtape": "20",
        "nbEtuInscritPrevisionnelElpTotal": "20",
        "nbEtape": "1"
    },
    {
        "annee": "2024",
        "codeStructureEtape": "AES",
        "libStructureEtape": "Faculté des Sciences",
        "codeEtape": "TM1THE1",
        "libEtape": "M1 THE / Toxicologie Humaine et Environnementale",
        "noElement": "TTH427A",
        "libElement": "Remédiation environnementale",
        "codeNatureElp": "MATI",
        "libNatureElp": "Matière",
        "codeCNU": "68",
        "libCNU": "Biologie des organismes",
        "codePeriode": "2",
        "libPeriode": "Enseignement du second semestre",
        "nbHeureCM": "14",
        "nbHeureTD": "6",
        "nbHeureTP": "0",
        "nbHeureCMTD": "0",
        "nbGroupeCM": "1",
        "nbGroupeTD": "1",
        "nbGroupeTP": "1",
        "nbGroupeCMTD": "0",
        "nbEtuInscritElpEtape": "7",
        "nbEtuInscritElpTotal": "7",
        "volumeHoraireElpPondereEtape": "27",
        "volumeHoraireElpTotal": "27",
        "nbEtuInscritPrevisionnelElpEtape": "7",
        "nbEtuInscritPrevisionnelElpTotal": "7",
        "nbEtape": "1"
    },
    {
        "annee": "2024",
        "codeStructureEtape": "AES",
        "libStructureEtape": "Faculté des Sciences",
        "codeEtape": "TM1THE1",
        "libEtape": "M1 THE / Toxicologie Humaine et Environnementale",
        "noElement": "TTH422",
        "libElement": "Ecotoxicologie approfondie",
        "codeNatureElp": "MATI",
        "libNatureElp": "Matière",
        "codeCNU": "68",
        "libCNU": "Biologie des organismes",
        "codePeriode": "2",
        "libPeriode": "Enseignement du second semestre",
        "nbHeureCM": "18",
        "nbHeureTD": "5",
        "nbHeureTP": "7",
        "nbHeureCMTD": "0",
        "nbGroupeCM": "1",
        "nbGroupeTD": "1",
        "nbGroupeTP": "1",
        "nbGroupeCMTD": "0",
        "nbEtuInscritElpEtape": "20",
        "nbEtuInscritElpTotal": "20",
        "volumeHoraireElpPondereEtape": "39",
        "volumeHoraireElpTotal": "39",
        "nbEtuInscritPrevisionnelElpEtape": "20",
        "nbEtuInscritPrevisionnelElpTotal": "20",
        "nbEtape": "1"
    },
    {
        "annee": "2024",
        "codeStructureEtape": "AES",
        "libStructureEtape": "Faculté des Sciences",
        "codeEtape": "TM1THE1",
        "libEtape": "M1 THE / Toxicologie Humaine et Environnementale",
        "noElement": "TCH403",
        "libElement": "Biogéochimie environnementale",
        "codeNatureElp": "CHAR",
        "libNatureElp": "Charges d'Enseignement",
        "codeCNU": "36",
        "libCNU": "Terre solide : géodynamique des enveloppes supérieures, paléobiosphère",
        "codePeriode": "1",
        "libPeriode": "Enseignement du premier semestre",
        "nbHeureCM": "17.33",
        "nbHeureTD": "10.67",
        "nbHeureTP": "0",
        "nbHeureCMTD": "0",
        "nbGroupeCM": "1",
        "nbGroupeTD": "2",
        "nbGroupeTP": "3",
        "nbGroupeCMTD": "0",
        "nbEtuInscritElpEtape": "8",
        "nbEtuInscritElpTotal": "45",
        "volumeHoraireElpPondereEtape": "8.42",
        "volumeHoraireElpTotal": "47.34",
        "nbEtuInscritPrevisionnelElpEtape": "46",
        "nbEtuInscritPrevisionnelElpTotal": "7",
        "nbEtape": "3"
    },
    {
        "annee": "2024",
        "codeStructureEtape": "AES",
        "libStructureEtape": "Faculté des Sciences",
        "codeEtape": "TM1THE1",
        "libEtape": "M1 THE / Toxicologie Humaine et Environnementale",
        "noElement": "TTH412",
        "libElement": "Ecotoxicologie générale",
        "codeNatureElp": "MATI",
        "libNatureElp": "Matière",
        "codeCNU": "68",
        "libCNU": "Biologie des organismes",
        "codePeriode": "1",
        "libPeriode": "Enseignement du premier semestre",
        "nbHeureCM": "15",
        "nbHeureTD": "6",
        "nbHeureTP": "10",
        "nbHeureCMTD": "0",
        "nbGroupeCM": "1",
        "nbGroupeTD": "1",
        "nbGroupeTP": "1",
        "nbGroupeCMTD": "0",
        "nbEtuInscritElpEtape": "20",
        "nbEtuInscritElpTotal": "20",
        "volumeHoraireElpPondereEtape": "38.5",
        "volumeHoraireElpTotal": "38.5",
        "nbEtuInscritPrevisionnelElpEtape": "20",
        "nbEtuInscritPrevisionnelElpTotal": "20",
        "nbEtape": "1"
    },
    {
        "annee": "2024",
        "codeStructureEtape": "AES",
        "libStructureEtape": "Faculté des Sciences",
        "codeEtape": "TM1THE1",
        "libEtape": "M1 THE / Toxicologie Humaine et Environnementale",
        "noElement": "TTH416",
        "libElement": "Technique de communication - conduite de projet",
        "codeNatureElp": "MATI",
        "libNatureElp": "Matière",
        "codeCNU": "26",
        "libCNU": "Mathématiques appliquées et applications des mathématiques",
        "codePeriode": "1",
        "libPeriode": "Enseignement du premier semestre",
        "nbHeureCM": "6",
        "nbHeureTD": "6",
        "nbHeureTP": "8",
        "nbHeureCMTD": "0",
        "nbGroupeCM": "1",
        "nbGroupeTD": "1",
        "nbGroupeTP": "1",
        "nbGroupeCMTD": "0",
        "nbEtuInscritElpEtape": "20",
        "nbEtuInscritElpTotal": "20",
        "volumeHoraireElpPondereEtape": "23",
        "volumeHoraireElpTotal": "23",
        "nbEtuInscritPrevisionnelElpEtape": "20",
        "nbEtuInscritPrevisionnelElpTotal": "20",
        "nbEtape": "1"
    },
    {
        "annee": "2024",
        "codeStructureEtape": "AES",
        "libStructureEtape": "Faculté des Sciences",
        "codeEtape": "TM1THE1",
        "libEtape": "M1 THE / Toxicologie Humaine et Environnementale",
        "noElement": "TTH427H",
        "libElement": "Toxicologie alimentaire",
        "codeNatureElp": "MATI",
        "libNatureElp": "Matière",
        "codeCNU": "66",
        "libCNU": "Physiologie",
        "codePeriode": "2",
        "libPeriode": "Enseignement du second semestre",
        "nbHeureCM": "16",
        "nbHeureTD": "6",
        "nbHeureTP": "0",
        "nbHeureCMTD": "0",
        "nbGroupeCM": "1",
        "nbGroupeTD": "1",
        "nbGroupeTP": "1",
        "nbGroupeCMTD": "0",
        "nbEtuInscritElpEtape": "13",
        "nbEtuInscritElpTotal": "13",
        "volumeHoraireElpPondereEtape": "30",
        "volumeHoraireElpTotal": "30",
        "nbEtuInscritPrevisionnelElpEtape": "13",
        "nbEtuInscritPrevisionnelElpTotal": "13",
        "nbEtape": "1"
    }
]