[
    {
        "annee": "2024",
        "codeStructureEtape": "AES",
        "libStructureEtape": "Faculté des Sciences",
        "codeEtape": "TM1DBN3",
        "libEtape": "M1 Maths appli / Data science & Données Bio & Numériques",
        "noElement": "TMA41XX",
        "libElement": "Analyse numérique matricielle",
        "codeNatureElp": "MATI",
        "libNatureElp": "Matière",
        "codeCNU": "26",
        "libCNU": "Mathématiques appliquées et applications des mathématiques",
        "codePeriode": "1",
        "libPeriode": "Enseignement du premier semestre",
        "nbHeureCM": "16",
        "nbHeureTD": "12",
        "nbHeureTP": "12",
        "nbHeureCMTD": "0",
        "nbGroupeCM": "1",
        "nbGroupeTD": "1",
        "nbGroupeTP": "1",
        "nbGroupeCMTD": "0",
        "nbEtuInscritElpEtape": "14",
        "nbEtuInscritElpTotal": "20",
        "volumeHoraireElpPondereEtape": "33.6",
        "volumeHoraireElpTotal": "48",
        "nbEtuInscritPrevisionnelElpEtape": "28",
        "nbEtuInscritPrevisionnelElpTotal": "23",
        "nbEtape": "2"
    },
    {
        "annee": "2024",
        "codeStructureEtape": "AES",
        "libStructureEtape": "Faculté des Sciences",
        "codeEtape": "TM1DBN3",
        "libEtape": "M1 Maths appli / Data science & Données Bio & Numériques",
        "noElement": "TMA425A3",
        "libElement": "Travail d'étude et de recherche",
        "codeNatureElp": "PRJ",
        "libNatureElp": "Projet",
        "codeCNU": "26",
        "libCNU": "Mathématiques appliquées et applications des mathématiques",
        "codePeriode": "2",
        "libPeriode": "Enseignement du second semestre",
        "nbHeureCM": "0",
        "nbHeureTD": "0",
        "nbHeureTP": "3",
        "nbHeureCMTD": "0",
        "nbGroupeCM": "1",
        "nbGroupeTD": "1",
        "nbGroupeTP": "15",
        "nbGroupeCMTD": "0",
        "nbEtuInscritElpEtape": "15",
        "nbEtuInscritElpTotal": "15",
        "volumeHoraireElpPondereEtape": "45",
        "volumeHoraireElpTotal": "45",
        "nbEtuInscritPrevisionnelElpEtape": "22",
        "nbEtuInscritPrevisionnelElpTotal": "22",
        "nbEtape": "1"
    },
    {
        "annee": "2024",
        "codeStructureEtape": "AES",
        "libStructureEtape": "Faculté des Sciences",
        "codeEtape": "TM1DBN3",
        "libEtape": "M1 Maths appli / Data science & Données Bio & Numériques",
        "noElement": "TMA415A2",
        "libElement": "Mise à niveau logiciels et systèmes",
        "codeNatureElp": "MATI",
        "libNatureElp": "Matière",
        "codeCNU": "27",
        "libCNU": "Informatique",
        "codePeriode": "1",
        "libPeriode": "Enseignement du premier semestre",
        "nbHeureCM": "0",
        "nbHeureTD": "0",
        "nbHeureTP": "16",
        "nbHeureCMTD": "0",
        "nbGroupeCM": "1",
        "nbGroupeTD": "1",
        "nbGroupeTP": "1",
        "nbGroupeCMTD": "0",
        "nbEtuInscritElpEtape": "12",
        "nbEtuInscritElpTotal": "12",
        "volumeHoraireElpPondereEtape": "16",
        "volumeHoraireElpTotal": "16",
        "nbEtuInscritPrevisionnelElpEtape": "23",
        "nbEtuInscritPrevisionnelElpTotal": "23",
        "nbEtape": "1"
    },
    {
        "annee": "2024",
        "codeStructureEtape": "AES",
        "libStructureEtape": "Faculté des Sciences",
        "codeEtape": "TM1DBN3",
        "libEtape": "M1 Maths appli / Data science & Données Bio & Numériques",
        "noElement": "TMA422A",
        "libElement": "Modèles de régression",
        "codeNatureElp": "MATI",
        "libNatureElp": "Matière",
        "codeCNU": "26",
        "libCNU": "Mathématiques appliquées et applications des mathématiques",
        "codePeriode": "2",
        "libPeriode": "Enseignement du second semestre",
        "nbHeureCM": "18",
        "nbHeureTD": "10",
        "nbHeureTP": "16",
        "nbHeureCMTD": "0",
        "nbGroupeCM": "1",
        "nbGroupeTD": "1",
        "nbGroupeTP": "1",
        "nbGroupeCMTD": "0",
        "nbEtuInscritElpEtape": "16",
        "nbEtuInscritElpTotal": "16",
        "volumeHoraireElpPondereEtape": "53",
        "volumeHoraireElpTotal": "53",
        "nbEtuInscritPrevisionnelElpEtape": "24",
        "nbEtuInscritPrevisionnelElpTotal": "24",
        "nbEtape": "1"
    },
    {
        "annee": "2024",
        "codeStructureEtape": "AES",
        "libStructureEtape": "Faculté des Sciences",
        "codeEtape": "TM1DBN3",
        "libEtape": "M1 Maths appli / Data science & Données Bio & Numériques",
        "noElement": "TMA416A1",
        "libElement": "Anglais 1",
        "codeNatureElp": "MATI",
        "libNatureElp": "Matière",
        "codeCNU": "11",
        "libCNU": "Langues et littératures anglaises et anglo-saxonnes",
        "codePeriode": "1",
        "libPeriode": "Enseignement du premier semestre",
        "nbHeureCM": "0",
        "nbHeureTD": "0",
        "nbHeureTP": "16",
        "nbHeureCMTD": "0",
        "nbGroupeCM": "1",
        "nbGroupeTD": "1",
        "nbGroupeTP": "1",
        "nbGroupeCMTD": "0",
        "nbEtuInscritElpEtape": "12",
        "nbEtuInscritElpTotal": "12",
        "volumeHoraireElpPondereEtape": "16",
        "volumeHoraireElpTotal": "16",
        "nbEtuInscritPrevisionnelElpEtape": "23",
        "nbEtuInscritPrevisionnelElpTotal": "23",
        "nbEtape": "1"
    },
    {
        "annee": "2024",
        "codeStructureEtape": "AES",
        "libStructureEtape": "Faculté des Sciences",
        "codeEtape": "TM1DBN3",
        "libEtape": "M1 Maths appli / Data science & Données Bio & Numériques",
        "noElement": "TMA415A1",
        "libElement": "POO et traitement des données en Python",
        "codeNatureElp": "MATI",
        "libNatureElp": "Matière",
        "codeCNU": "27",
        "libCNU": "Informatique",
        "codePeriode": "1",
        "libPeriode": "Enseignement du premier semestre",
        "nbHeureCM": "12",
        "nbHeureTD": "0",
        "nbHeureTP": "36",
        "nbHeureCMTD": "0",
        "nbGroupeCM": "1",
        "nbGroupeTD": "1",
        "nbGroupeTP": "1",
        "nbGroupeCMTD": "0",
        "nbEtuInscritElpEtape": "12",
        "nbEtuInscritElpTotal": "12",
        "volumeHoraireElpPondereEtape": "54",
        "volumeHoraireElpTotal": "54",
        "nbEtuInscritPrevisionnelElpEtape": "23",
        "nbEtuInscritPrevisionnelElpTotal": "23",
        "nbEtape": "1"
    },
    {
        "annee": "2024",
        "codeStructureEtape": "AES",
        "libStructureEtape": "Faculté des Sciences",
        "codeEtape": "TM1DBN3",
        "libEtape": "M1 Maths appli / Data science & Données Bio & Numériques",
        "noElement": "TMA425A1",
        "libElement": "Anglais 2",
        "codeNatureElp": "MATI",
        "libNatureElp": "Matière",
        "codeCNU": "11",
        "libCNU": "Langues et littératures anglaises et anglo-saxonnes",
        "codePeriode": "2",
        "libPeriode": "Enseignement du second semestre",
        "nbHeureCM": "0",
        "nbHeureTD": "0",
        "nbHeureTP": "16",
        "nbHeureCMTD": "0",
        "nbGroupeCM": "1",
        "nbGroupeTD": "1",
        "nbGroupeTP": "1",
        "nbGroupeCMTD": "0",
        "nbEtuInscritElpEtape": "14",
        "nbEtuInscritElpTotal": "14",
        "volumeHoraireElpPondereEtape": "16",
        "volumeHoraireElpTotal": "16",
        "nbEtuInscritPrevisionnelElpEtape": "22",
        "nbEtuInscritPrevisionnelElpTotal": "22",
        "nbEtape": "1"
    },
    {
        "annee": "2024",
        "codeStructureEtape": "AES",
        "libStructureEtape": "Faculté des Sciences",
        "codeEtape": "TM1DBN3",
        "libEtape": "M1 Maths appli / Data science & Données Bio & Numériques",
        "noElement": "TMA425A2",
        "libElement": "Insertion professionnelle",
        "codeNatureElp": "MATI",
        "libNatureElp": "Matière",
        "codeCNU": null,
        "libCNU": null,
        "codePeriode": "2",
        "libPeriode": "Enseignement du second semestre",
        "nbHeureCM": "0",
        "nbHeureTD": "0",
        "nbHeureTP": "4",
        "nbHeureCMTD": "0",
        "nbGroupeCM": "1",
        "nbGroupeTD": "1",
        "nbGroupeTP": "1",
        "nbGroupeCMTD": "0",
        "nbEtuInscritElpEtape": "12",
        "nbEtuInscritElpTotal": "12",
        "volumeHoraireElpPondereEtape": "4",
        "volumeHoraireElpTotal": "4",
        "nbEtuInscritPrevisionnelElpEtape": "22",
        "nbEtuInscritPrevisionnelElpTotal": "22",
        "nbEtape": "1"
    },
    {
        "annee": "2024",
        "codeStructureEtape": "AES",
        "libStructureEtape": "Faculté des Sciences",
        "codeEtape": "TM1DBN3",
        "libEtape": "M1 Maths appli / Data science & Données Bio & Numériques",
        "noElement": "TCH409",
        "libElement": "Droit et données numériques",
        "codeNatureElp": "CHAR",
        "libNatureElp": "Charges d'Enseignement",
        "codeCNU": "27",
        "libCNU": "Informatique",
        "codePeriode": "1",
        "libPeriode": "Enseignement du premier semestre",
        "nbHeureCM": "4",
        "nbHeureTD": "0",
        "nbHeureTP": "0",
        "nbHeureCMTD": "0",
        "nbGroupeCM": "1",
        "nbGroupeTD": "2",
        "nbGroupeTP": "3",
        "nbGroupeCMTD": "0",
        "nbEtuInscritElpEtape": "11",
        "nbEtuInscritElpTotal": "46",
        "volumeHoraireElpPondereEtape": "1.43",
        "volumeHoraireElpTotal": "6",
        "nbEtuInscritPrevisionnelElpEtape": "57",
        "nbEtuInscritPrevisionnelElpTotal": "22",
        "nbEtape": "2"
    },
    {
        "annee": "2024",
        "codeStructureEtape": "AES",
        "libStructureEtape": "Faculté des Sciences",
        "codeEtape": "TM1DBN3",
        "libEtape": "M1 Maths appli / Data science & Données Bio & Numériques",
        "noElement": "TMA424C",
        "libElement": "Structuration des données",
        "codeNatureElp": "MATI",
        "libNatureElp": "Matière",
        "codeCNU": "27",
        "libCNU": "Informatique",
        "codePeriode": "2",
        "libPeriode": "Enseignement du second semestre",
        "nbHeureCM": "20",
        "nbHeureTD": "0",
        "nbHeureTP": "36",
        "nbHeureCMTD": "0",
        "nbGroupeCM": "1",
        "nbGroupeTD": "0",
        "nbGroupeTP": "1",
        "nbGroupeCMTD": "0",
        "nbEtuInscritElpEtape": "13",
        "nbEtuInscritElpTotal": "13",
        "volumeHoraireElpPondereEtape": "66",
        "volumeHoraireElpTotal": "66",
        "nbEtuInscritPrevisionnelElpEtape": "0",
        "nbEtuInscritPrevisionnelElpTotal": "0",
        "nbEtape": "1"
    },
    {
        "annee": "2024",
        "codeStructureEtape": "AES",
        "libStructureEtape": "Faculté des Sciences",
        "codeEtape": "TM1DBN3",
        "libEtape": "M1 Maths appli / Data science & Données Bio & Numériques",
        "noElement": "TMA421A",
        "libElement": "Datamining et classification",
        "codeNatureElp": "MATI",
        "libNatureElp": "Matière",
        "codeCNU": "26",
        "libCNU": "Mathématiques appliquées et applications des mathématiques",
        "codePeriode": "2",
        "libPeriode": "Enseignement du second semestre",
        "nbHeureCM": "20",
        "nbHeureTD": "12",
        "nbHeureTP": "16",
        "nbHeureCMTD": "0",
        "nbGroupeCM": "1",
        "nbGroupeTD": "1",
        "nbGroupeTP": "1",
        "nbGroupeCMTD": "0",
        "nbEtuInscritElpEtape": "17",
        "nbEtuInscritElpTotal": "17",
        "volumeHoraireElpPondereEtape": "58",
        "volumeHoraireElpTotal": "58",
        "nbEtuInscritPrevisionnelElpEtape": "24",
        "nbEtuInscritPrevisionnelElpTotal": "24",
        "nbEtape": "1"
    },
    {
        "annee": "2024",
        "codeStructureEtape": "AES",
        "libStructureEtape": "Faculté des Sciences",
        "codeEtape": "TM1DBN3",
        "libEtape": "M1 Maths appli / Data science & Données Bio & Numériques",
        "noElement": "TMA416A2",
        "libElement": "Communication scientifique",
        "codeNatureElp": "MATI",
        "libNatureElp": "Matière",
        "codeCNU": "26",
        "libCNU": "Mathématiques appliquées et applications des mathématiques",
        "codePeriode": "1",
        "libPeriode": "Enseignement du premier semestre",
        "nbHeureCM": "0",
        "nbHeureTD": "0",
        "nbHeureTP": "3",
        "nbHeureCMTD": "0",
        "nbGroupeCM": "1",
        "nbGroupeTD": "1",
        "nbGroupeTP": "1",
        "nbGroupeCMTD": "0",
        "nbEtuInscritElpEtape": "11",
        "nbEtuInscritElpTotal": "11",
        "volumeHoraireElpPondereEtape": "3",
        "volumeHoraireElpTotal": "3",
        "nbEtuInscritPrevisionnelElpEtape": "22",
        "nbEtuInscritPrevisionnelElpTotal": "22",
        "nbEtape": "1"
    },
    {
        "annee": "2024",
        "codeStructureEtape": "AES",
        "libStructureEtape": "Faculté des Sciences",
        "codeEtape": "TM1DBN3",
        "libEtape": "M1 Maths appli / Data science & Données Bio & Numériques",
        "noElement": "TMA41XY",
        "libElement": "Optimisation non linéaire",
        "codeNatureElp": "MATI",
        "libNatureElp": "Matière",
        "codeCNU": "26",
        "libCNU": "Mathématiques appliquées et applications des mathématiques",
        "codePeriode": "1",
        "libPeriode": "Enseignement du premier semestre",
        "nbHeureCM": "16",
        "nbHeureTD": "12",
        "nbHeureTP": "12",
        "nbHeureCMTD": "0",
        "nbGroupeCM": "1",
        "nbGroupeTD": "1",
        "nbGroupeTP": "1",
        "nbGroupeCMTD": "0",
        "nbEtuInscritElpEtape": "14",
        "nbEtuInscritElpTotal": "20",
        "volumeHoraireElpPondereEtape": "33.6",
        "volumeHoraireElpTotal": "48",
        "nbEtuInscritPrevisionnelElpEtape": "29",
        "nbEtuInscritPrevisionnelElpTotal": "24",
        "nbEtape": "2"
    },
    {
        "annee": "2024",
        "codeStructureEtape": "AES",
        "libStructureEtape": "Faculté des Sciences",
        "codeEtape": "TM1DBN3",
        "libEtape": "M1 Maths appli / Data science & Données Bio & Numériques",
        "noElement": "TMA414A",
        "libElement": "Modélisation stochastique 1",
        "codeNatureElp": "MATI",
        "libNatureElp": "Matière",
        "codeCNU": "26",
        "libCNU": "Mathématiques appliquées et applications des mathématiques",
        "codePeriode": "1",
        "libPeriode": "Enseignement du premier semestre",
        "nbHeureCM": "24",
        "nbHeureTD": "12",
        "nbHeureTP": "12",
        "nbHeureCMTD": "0",
        "nbGroupeCM": "1",
        "nbGroupeTD": "1",
        "nbGroupeTP": "1",
        "nbGroupeCMTD": "0",
        "nbEtuInscritElpEtape": "15",
        "nbEtuInscritElpTotal": "15",
        "volumeHoraireElpPondereEtape": "60",
        "volumeHoraireElpTotal": "60",
        "nbEtuInscritPrevisionnelElpEtape": "24",
        "nbEtuInscritPrevisionnelElpTotal": "24",
        "nbEtape": "1"
    },
    {
        "annee": "2024",
        "codeStructureEtape": "AES",
        "libStructureEtape": "Faculté des Sciences",
        "codeEtape": "TM1DBN3",
        "libEtape": "M1 Maths appli / Data science & Données Bio & Numériques",
        "noElement": "AMU4H",
        "libElement": "Data Mining",
        "codeNatureElp": "CHAR",
        "libNatureElp": "Charges d'Enseignement",
        "codeCNU": "05",
        "libCNU": "Sciences économiques",
        "codePeriode": "2",
        "libPeriode": "Enseignement du second semestre",
        "nbHeureCM": "14",
        "nbHeureTD": "12",
        "nbHeureTP": "0",
        "nbHeureCMTD": "0",
        "nbGroupeCM": "1",
        "nbGroupeTD": "1",
        "nbGroupeTP": "0",
        "nbGroupeCMTD": "0",
        "nbEtuInscritElpEtape": "4",
        "nbEtuInscritElpTotal": "16",
        "volumeHoraireElpPondereEtape": "8.25",
        "volumeHoraireElpTotal": "33",
        "nbEtuInscritPrevisionnelElpEtape": "14",
        "nbEtuInscritPrevisionnelElpTotal": "0",
        "nbEtape": "3"
    },
    {
        "annee": "2024",
        "codeStructureEtape": "AES",
        "libStructureEtape": "Faculté des Sciences",
        "codeEtape": "TM1DBN3",
        "libEtape": "M1 Maths appli / Data science & Données Bio & Numériques",
        "noElement": "TMA423A",
        "libElement": "Modélisation stochastique 2",
        "codeNatureElp": "MATI",
        "libNatureElp": "Matière",
        "codeCNU": "26",
        "libCNU": "Mathématiques appliquées et applications des mathématiques",
        "codePeriode": "2",
        "libPeriode": "Enseignement du second semestre",
        "nbHeureCM": "16",
        "nbHeureTD": "12",
        "nbHeureTP": "12",
        "nbHeureCMTD": "0",
        "nbGroupeCM": "1",
        "nbGroupeTD": "1",
        "nbGroupeTP": "1",
        "nbGroupeCMTD": "0",
        "nbEtuInscritElpEtape": "17",
        "nbEtuInscritElpTotal": "17",
        "volumeHoraireElpPondereEtape": "48",
        "volumeHoraireElpTotal": "48",
        "nbEtuInscritPrevisionnelElpEtape": "24",
        "nbEtuInscritPrevisionnelElpTotal": "24",
        "nbEtape": "1"
    },
    {
        "annee": "2024",
        "codeStructureEtape": "AES",
        "libStructureEtape": "Faculté des Sciences",
        "codeEtape": "TM1DBN3",
        "libEtape": "M1 Maths appli / Data science & Données Bio & Numériques",
        "noElement": "TMA426A1",
        "libElement": "Option 1 : Introduction à la génomique",
        "codeNatureElp": "MATI",
        "libNatureElp": "Matière",
        "codeCNU": "4704",
        "libCNU": "Génétique",
        "codePeriode": "2",
        "libPeriode": "Enseignement du second semestre",
        "nbHeureCM": "20",
        "nbHeureTD": "0",
        "nbHeureTP": "12",
        "nbHeureCMTD": "0",
        "nbGroupeCM": "1",
        "nbGroupeTD": "1",
        "nbGroupeTP": "1",
        "nbGroupeCMTD": "0",
        "nbEtuInscritElpEtape": "8",
        "nbEtuInscritElpTotal": "8",
        "volumeHoraireElpPondereEtape": "42",
        "volumeHoraireElpTotal": "42",
        "nbEtuInscritPrevisionnelElpEtape": "10",
        "nbEtuInscritPrevisionnelElpTotal": "10",
        "nbEtape": "1"
    },
    {
        "annee": "2024",
        "codeStructureEtape": "AES",
        "libStructureEtape": "Faculté des Sciences",
        "codeEtape": "TM1DBN3",
        "libEtape": "M1 Maths appli / Data science & Données Bio & Numériques",
        "noElement": "TMA413A",
        "libElement": "Statistique",
        "codeNatureElp": "MATI",
        "libNatureElp": "Matière",
        "codeCNU": "26",
        "libCNU": "Mathématiques appliquées et applications des mathématiques",
        "codePeriode": "1",
        "libPeriode": "Enseignement du premier semestre",
        "nbHeureCM": "32",
        "nbHeureTD": "16",
        "nbHeureTP": "0",
        "nbHeureCMTD": "0",
        "nbGroupeCM": "1",
        "nbGroupeTD": "1",
        "nbGroupeTP": "1",
        "nbGroupeCMTD": "0",
        "nbEtuInscritElpEtape": "13",
        "nbEtuInscritElpTotal": "13",
        "volumeHoraireElpPondereEtape": "64",
        "volumeHoraireElpTotal": "64",
        "nbEtuInscritPrevisionnelElpEtape": "24",
        "nbEtuInscritPrevisionnelElpTotal": "24",
        "nbEtape": "1"
    }
]