[
    {
        "annee": "2024",
        "codeStructureEtape": "AES",
        "libStructureEtape": "Faculté des Sciences",
        "codeEtape": "TM1PSI3",
        "libEtape": "M1 Photonique signal imagerie (PSI)",
        "noElement": "TPH42B",
        "libElement": "Stage",
        "codeNatureElp": "STAG",
        "libNatureElp": "Stage",
        "codeCNU": null,
        "libCNU": null,
        "codePeriode": "2",
        "libPeriode": "Enseignement du second semestre",
        "nbHeureCM": "0",
        "nbHeureTD": "3",
        "nbHeureTP": "0",
        "nbHeureCMTD": "0",
        "nbGroupeCM": "18",
        "nbGroupeTD": "18",
        "nbGroupeTP": "18",
        "nbGroupeCMTD": "0",
        "nbEtuInscritElpEtape": "18",
        "nbEtuInscritElpTotal": "18",
        "volumeHoraireElpPondereEtape": "54",
        "volumeHoraireElpTotal": "54",
        "nbEtuInscritPrevisionnelElpEtape": "19",
        "nbEtuInscritPrevisionnelElpTotal": "19",
        "nbEtape": "1"
    },
    {
        "annee": "2024",
        "codeStructureEtape": "AES",
        "libStructureEtape": "Faculté des Sciences",
        "codeEtape": "TM1PSI3",
        "libEtape": "M1 Photonique signal imagerie (PSI)",
        "noElement": "TPH411",
        "libElement": "Physique du solide : électrons et semi-conducteurs",
        "codeNatureElp": "MATI",
        "libNatureElp": "Matière",
        "codeCNU": "28",
        "libCNU": "Milieux denses et matériaux",
        "codePeriode": "1",
        "libPeriode": "Enseignement du premier semestre",
        "nbHeureCM": "9.3",
        "nbHeureTD": "9.3",
        "nbHeureTP": "9",
        "nbHeureCMTD": "0",
        "nbGroupeCM": "1",
        "nbGroupeTD": "1",
        "nbGroupeTP": "1",
        "nbGroupeCMTD": "0",
        "nbEtuInscritElpEtape": "18",
        "nbEtuInscritElpTotal": "18",
        "volumeHoraireElpPondereEtape": "32.25",
        "volumeHoraireElpTotal": "32.25",
        "nbEtuInscritPrevisionnelElpEtape": "18",
        "nbEtuInscritPrevisionnelElpTotal": "18",
        "nbEtape": "1"
    },
    {
        "annee": "2024",
        "codeStructureEtape": "AES",
        "libStructureEtape": "Faculté des Sciences",
        "codeEtape": "TM1PSI3",
        "libEtape": "M1 Photonique signal imagerie (PSI)",
        "noElement": "TPH42A",
        "libElement": "Préparation à l'insertion professionnelle",
        "codeNatureElp": "MATI",
        "libNatureElp": "Matière",
        "codeCNU": null,
        "libCNU": null,
        "codePeriode": "2",
        "libPeriode": "Enseignement du second semestre",
        "nbHeureCM": "0",
        "nbHeureTD": "10",
        "nbHeureTP": "0",
        "nbHeureCMTD": "0",
        "nbGroupeCM": "1",
        "nbGroupeTD": "1",
        "nbGroupeTP": "1",
        "nbGroupeCMTD": "0",
        "nbEtuInscritElpEtape": "18",
        "nbEtuInscritElpTotal": "18",
        "volumeHoraireElpPondereEtape": "10",
        "volumeHoraireElpTotal": "10",
        "nbEtuInscritPrevisionnelElpEtape": "19",
        "nbEtuInscritPrevisionnelElpTotal": "19",
        "nbEtape": "1"
    },
    {
        "annee": "2024",
        "codeStructureEtape": "AES",
        "libStructureEtape": "Faculté des Sciences",
        "codeEtape": "TM1PSI3",
        "libEtape": "M1 Photonique signal imagerie (PSI)",
        "noElement": "TPH429",
        "libElement": "Anglais scientifique",
        "codeNatureElp": "MATI",
        "libNatureElp": "Matière",
        "codeCNU": "11",
        "libCNU": "Langues et littératures anglaises et anglo-saxonnes",
        "codePeriode": "2",
        "libPeriode": "Enseignement du second semestre",
        "nbHeureCM": "0",
        "nbHeureTD": "18.7",
        "nbHeureTP": "0",
        "nbHeureCMTD": "0",
        "nbGroupeCM": "1",
        "nbGroupeTD": "1",
        "nbGroupeTP": "1",
        "nbGroupeCMTD": "0",
        "nbEtuInscritElpEtape": "18",
        "nbEtuInscritElpTotal": "18",
        "volumeHoraireElpPondereEtape": "18.7",
        "volumeHoraireElpTotal": "18.7",
        "nbEtuInscritPrevisionnelElpEtape": "19",
        "nbEtuInscritPrevisionnelElpTotal": "19",
        "nbEtape": "1"
    },
    {
        "annee": "2024",
        "codeStructureEtape": "AES",
        "libStructureEtape": "Faculté des Sciences",
        "codeEtape": "TM1PSI3",
        "libEtape": "M1 Photonique signal imagerie (PSI)",
        "noElement": "TPH416",
        "libElement": "Ondes et propagation guidée",
        "codeNatureElp": "MATI",
        "libNatureElp": "Matière",
        "codeCNU": "30",
        "libCNU": "Milieux dilués et optique",
        "codePeriode": "1",
        "libPeriode": "Enseignement du premier semestre",
        "nbHeureCM": "9.3",
        "nbHeureTD": "9.3",
        "nbHeureTP": "7",
        "nbHeureCMTD": "0",
        "nbGroupeCM": "1",
        "nbGroupeTD": "1",
        "nbGroupeTP": "1",
        "nbGroupeCMTD": "0",
        "nbEtuInscritElpEtape": "19",
        "nbEtuInscritElpTotal": "19",
        "volumeHoraireElpPondereEtape": "30.25",
        "volumeHoraireElpTotal": "30.25",
        "nbEtuInscritPrevisionnelElpEtape": "18",
        "nbEtuInscritPrevisionnelElpTotal": "18",
        "nbEtape": "1"
    },
    {
        "annee": "2024",
        "codeStructureEtape": "AES",
        "libStructureEtape": "Faculté des Sciences",
        "codeEtape": "TM1PSI3",
        "libEtape": "M1 Photonique signal imagerie (PSI)",
        "noElement": "TPH417",
        "libElement": "Optique anisotrope",
        "codeNatureElp": "MATI",
        "libNatureElp": "Matière",
        "codeCNU": "30",
        "libCNU": "Milieux dilués et optique",
        "codePeriode": "1",
        "libPeriode": "Enseignement du premier semestre",
        "nbHeureCM": "9.3",
        "nbHeureTD": "9.3",
        "nbHeureTP": "0",
        "nbHeureCMTD": "0",
        "nbGroupeCM": "1",
        "nbGroupeTD": "1",
        "nbGroupeTP": "1",
        "nbGroupeCMTD": "0",
        "nbEtuInscritElpEtape": "20",
        "nbEtuInscritElpTotal": "20",
        "volumeHoraireElpPondereEtape": "23.25",
        "volumeHoraireElpTotal": "23.25",
        "nbEtuInscritPrevisionnelElpEtape": "18",
        "nbEtuInscritPrevisionnelElpTotal": "18",
        "nbEtape": "1"
    },
    {
        "annee": "2024",
        "codeStructureEtape": "AES",
        "libStructureEtape": "Faculté des Sciences",
        "codeEtape": "TM1PSI3",
        "libEtape": "M1 Photonique signal imagerie (PSI)",
        "noElement": "TPH424",
        "libElement": "Optoélectronique",
        "codeNatureElp": "MATI",
        "libNatureElp": "Matière",
        "codeCNU": "30",
        "libCNU": "Milieux dilués et optique",
        "codePeriode": "2",
        "libPeriode": "Enseignement du second semestre",
        "nbHeureCM": "18.7",
        "nbHeureTD": "9.3",
        "nbHeureTP": "9",
        "nbHeureCMTD": "0",
        "nbGroupeCM": "1",
        "nbGroupeTD": "1",
        "nbGroupeTP": "1",
        "nbGroupeCMTD": "0",
        "nbEtuInscritElpEtape": "18",
        "nbEtuInscritElpTotal": "18",
        "volumeHoraireElpPondereEtape": "46.35",
        "volumeHoraireElpTotal": "46.35",
        "nbEtuInscritPrevisionnelElpEtape": "19",
        "nbEtuInscritPrevisionnelElpTotal": "19",
        "nbEtape": "1"
    },
    {
        "annee": "2024",
        "codeStructureEtape": "AES",
        "libStructureEtape": "Faculté des Sciences",
        "codeEtape": "TM1PSI3",
        "libEtape": "M1 Photonique signal imagerie (PSI)",
        "noElement": "TPH427",
        "libElement": "Physique numérique",
        "codeNatureElp": "MATI",
        "libNatureElp": "Matière",
        "codeCNU": "61",
        "libCNU": "Génie informatique, automatique et traitement du signal",
        "codePeriode": "2",
        "libPeriode": "Enseignement du second semestre",
        "nbHeureCM": "9.3",
        "nbHeureTD": "9.3",
        "nbHeureTP": "0",
        "nbHeureCMTD": "0",
        "nbGroupeCM": "1",
        "nbGroupeTD": "1",
        "nbGroupeTP": "1",
        "nbGroupeCMTD": "0",
        "nbEtuInscritElpEtape": "18",
        "nbEtuInscritElpTotal": "18",
        "volumeHoraireElpPondereEtape": "23.25",
        "volumeHoraireElpTotal": "23.25",
        "nbEtuInscritPrevisionnelElpEtape": "18",
        "nbEtuInscritPrevisionnelElpTotal": "18",
        "nbEtape": "1"
    },
    {
        "annee": "2024",
        "codeStructureEtape": "AES",
        "libStructureEtape": "Faculté des Sciences",
        "codeEtape": "TM1PSI3",
        "libEtape": "M1 Photonique signal imagerie (PSI)",
        "noElement": "TPH426",
        "libElement": "Traitement du signal 2",
        "codeNatureElp": "MATI",
        "libNatureElp": "Matière",
        "codeCNU": "61",
        "libCNU": "Génie informatique, automatique et traitement du signal",
        "codePeriode": "2",
        "libPeriode": "Enseignement du second semestre",
        "nbHeureCM": "9.3",
        "nbHeureTD": "9.3",
        "nbHeureTP": "15",
        "nbHeureCMTD": "0",
        "nbGroupeCM": "1",
        "nbGroupeTD": "1",
        "nbGroupeTP": "1",
        "nbGroupeCMTD": "0",
        "nbEtuInscritElpEtape": "18",
        "nbEtuInscritElpTotal": "18",
        "volumeHoraireElpPondereEtape": "38.25",
        "volumeHoraireElpTotal": "38.25",
        "nbEtuInscritPrevisionnelElpEtape": "18",
        "nbEtuInscritPrevisionnelElpTotal": "18",
        "nbEtape": "1"
    },
    {
        "annee": "2024",
        "codeStructureEtape": "AES",
        "libStructureEtape": "Faculté des Sciences",
        "codeEtape": "TM1PSI3",
        "libEtape": "M1 Photonique signal imagerie (PSI)",
        "noElement": "TPH41A",
        "libElement": "Mathématiques et méthodes numériques",
        "codeNatureElp": "MATI",
        "libNatureElp": "Matière",
        "codeCNU": "26",
        "libCNU": "Mathématiques appliquées et applications des mathématiques",
        "codePeriode": "1",
        "libPeriode": "Enseignement du premier semestre",
        "nbHeureCM": "18.7",
        "nbHeureTD": "9.3",
        "nbHeureTP": "18",
        "nbHeureCMTD": "0",
        "nbGroupeCM": "1",
        "nbGroupeTD": "1",
        "nbGroupeTP": "1",
        "nbGroupeCMTD": "0",
        "nbEtuInscritElpEtape": "18",
        "nbEtuInscritElpTotal": "18",
        "volumeHoraireElpPondereEtape": "55.35",
        "volumeHoraireElpTotal": "55.35",
        "nbEtuInscritPrevisionnelElpEtape": "18",
        "nbEtuInscritPrevisionnelElpTotal": "18",
        "nbEtape": "1"
    },
    {
        "annee": "2024",
        "codeStructureEtape": "AES",
        "libStructureEtape": "Faculté des Sciences",
        "codeEtape": "TM1PSI3",
        "libEtape": "M1 Photonique signal imagerie (PSI)",
        "noElement": "TPH422",
        "libElement": "Optique instrumentale",
        "codeNatureElp": "MATI",
        "libNatureElp": "Matière",
        "codeCNU": "30",
        "libCNU": "Milieux dilués et optique",
        "codePeriode": "2",
        "libPeriode": "Enseignement du second semestre",
        "nbHeureCM": "9.3",
        "nbHeureTD": "9.3",
        "nbHeureTP": "9",
        "nbHeureCMTD": "0",
        "nbGroupeCM": "1",
        "nbGroupeTD": "1",
        "nbGroupeTP": "1",
        "nbGroupeCMTD": "0",
        "nbEtuInscritElpEtape": "18",
        "nbEtuInscritElpTotal": "18",
        "volumeHoraireElpPondereEtape": "32.25",
        "volumeHoraireElpTotal": "32.25",
        "nbEtuInscritPrevisionnelElpEtape": "19",
        "nbEtuInscritPrevisionnelElpTotal": "19",
        "nbEtape": "1"
    },
    {
        "annee": "2024",
        "codeStructureEtape": "AES",
        "libStructureEtape": "Faculté des Sciences",
        "codeEtape": "TM1PSI3",
        "libEtape": "M1 Photonique signal imagerie (PSI)",
        "noElement": "TPH419",
        "libElement": "Traitement du signal 1",
        "codeNatureElp": "MATI",
        "libNatureElp": "Matière",
        "codeCNU": "61",
        "libCNU": "Génie informatique, automatique et traitement du signal",
        "codePeriode": "1",
        "libPeriode": "Enseignement du premier semestre",
        "nbHeureCM": "9.3",
        "nbHeureTD": "9.3",
        "nbHeureTP": "0",
        "nbHeureCMTD": "0",
        "nbGroupeCM": "1",
        "nbGroupeTD": "1",
        "nbGroupeTP": "1",
        "nbGroupeCMTD": "0",
        "nbEtuInscritElpEtape": "19",
        "nbEtuInscritElpTotal": "19",
        "volumeHoraireElpPondereEtape": "23.25",
        "volumeHoraireElpTotal": "23.25",
        "nbEtuInscritPrevisionnelElpEtape": "18",
        "nbEtuInscritPrevisionnelElpTotal": "18",
        "nbEtape": "1"
    },
    {
        "annee": "2024",
        "codeStructureEtape": "AES",
        "libStructureEtape": "Faculté des Sciences",
        "codeEtape": "TM1PSI3",
        "libEtape": "M1 Photonique signal imagerie (PSI)",
        "noElement": "TPH415",
        "libElement": "Optique ondulatoire",
        "codeNatureElp": "MATI",
        "libNatureElp": "Matière",
        "codeCNU": "30",
        "libCNU": "Milieux dilués et optique",
        "codePeriode": "1",
        "libPeriode": "Enseignement du premier semestre",
        "nbHeureCM": "9.3",
        "nbHeureTD": "9.3",
        "nbHeureTP": "7",
        "nbHeureCMTD": "0",
        "nbGroupeCM": "1",
        "nbGroupeTD": "1",
        "nbGroupeTP": "1",
        "nbGroupeCMTD": "0",
        "nbEtuInscritElpEtape": "19",
        "nbEtuInscritElpTotal": "19",
        "volumeHoraireElpPondereEtape": "30.25",
        "volumeHoraireElpTotal": "30.25",
        "nbEtuInscritPrevisionnelElpEtape": "18",
        "nbEtuInscritPrevisionnelElpTotal": "18",
        "nbEtape": "1"
    },
    {
        "annee": "2024",
        "codeStructureEtape": "AES",
        "libStructureEtape": "Faculté des Sciences",
        "codeEtape": "TM1PSI3",
        "libEtape": "M1 Photonique signal imagerie (PSI)",
        "noElement": "TPH414",
        "libElement": "Propriétés physiques des matériaux et symétrie",
        "codeNatureElp": "MATI",
        "libNatureElp": "Matière",
        "codeCNU": "28",
        "libCNU": "Milieux denses et matériaux",
        "codePeriode": "1",
        "libPeriode": "Enseignement du premier semestre",
        "nbHeureCM": "9.3",
        "nbHeureTD": "9.3",
        "nbHeureTP": "0",
        "nbHeureCMTD": "0",
        "nbGroupeCM": "1",
        "nbGroupeTD": "1",
        "nbGroupeTP": "1",
        "nbGroupeCMTD": "0",
        "nbEtuInscritElpEtape": "19",
        "nbEtuInscritElpTotal": "19",
        "volumeHoraireElpPondereEtape": "23.25",
        "volumeHoraireElpTotal": "23.25",
        "nbEtuInscritPrevisionnelElpEtape": "18",
        "nbEtuInscritPrevisionnelElpTotal": "18",
        "nbEtape": "1"
    },
    {
        "annee": "2024",
        "codeStructureEtape": "AES",
        "libStructureEtape": "Faculté des Sciences",
        "codeEtape": "TM1PSI3",
        "libEtape": "M1 Photonique signal imagerie (PSI)",
        "noElement": "TPH41B",
        "libElement": "Anglais",
        "codeNatureElp": "MATI",
        "libNatureElp": "Matière",
        "codeCNU": "11",
        "libCNU": "Langues et littératures anglaises et anglo-saxonnes",
        "codePeriode": "1",
        "libPeriode": "Enseignement du premier semestre",
        "nbHeureCM": "0",
        "nbHeureTD": "0",
        "nbHeureTP": "18.7",
        "nbHeureCMTD": "0",
        "nbGroupeCM": "1",
        "nbGroupeTD": "1",
        "nbGroupeTP": "1",
        "nbGroupeCMTD": "0",
        "nbEtuInscritElpEtape": "18",
        "nbEtuInscritElpTotal": "18",
        "volumeHoraireElpPondereEtape": "18.7",
        "volumeHoraireElpTotal": "18.7",
        "nbEtuInscritPrevisionnelElpEtape": "18",
        "nbEtuInscritPrevisionnelElpTotal": "18",
        "nbEtape": "1"
    },
    {
        "annee": "2024",
        "codeStructureEtape": "AES",
        "libStructureEtape": "Faculté des Sciences",
        "codeEtape": "TM1PSI3",
        "libEtape": "M1 Photonique signal imagerie (PSI)",
        "noElement": "TPH423",
        "libElement": "Introduction à l'optique non linéaire",
        "codeNatureElp": "MATI",
        "libNatureElp": "Matière",
        "codeCNU": "30",
        "libCNU": "Milieux dilués et optique",
        "codePeriode": "2",
        "libPeriode": "Enseignement du second semestre",
        "nbHeureCM": "9.3",
        "nbHeureTD": "9.3",
        "nbHeureTP": "0",
        "nbHeureCMTD": "0",
        "nbGroupeCM": "1",
        "nbGroupeTD": "1",
        "nbGroupeTP": "1",
        "nbGroupeCMTD": "0",
        "nbEtuInscritElpEtape": "18",
        "nbEtuInscritElpTotal": "18",
        "volumeHoraireElpPondereEtape": "23.25",
        "volumeHoraireElpTotal": "23.25",
        "nbEtuInscritPrevisionnelElpEtape": "18",
        "nbEtuInscritPrevisionnelElpTotal": "18",
        "nbEtape": "1"
    },
    {
        "annee": "2024",
        "codeStructureEtape": "AES",
        "libStructureEtape": "Faculté des Sciences",
        "codeEtape": "TM1PSI3",
        "libEtape": "M1 Photonique signal imagerie (PSI)",
        "noElement": "TPH425",
        "libElement": "Visualisation et acquisition de données",
        "codeNatureElp": "MATI",
        "libNatureElp": "Matière",
        "codeCNU": "63",
        "libCNU": "Génie électrique, électronique, photonique et systèmes",
        "codePeriode": "2",
        "libPeriode": "Enseignement du second semestre",
        "nbHeureCM": "9.3",
        "nbHeureTD": "9.3",
        "nbHeureTP": "0",
        "nbHeureCMTD": "0",
        "nbGroupeCM": "1",
        "nbGroupeTD": "1",
        "nbGroupeTP": "1",
        "nbGroupeCMTD": "0",
        "nbEtuInscritElpEtape": "18",
        "nbEtuInscritElpTotal": "18",
        "volumeHoraireElpPondereEtape": "23.25",
        "volumeHoraireElpTotal": "23.25",
        "nbEtuInscritPrevisionnelElpEtape": "18",
        "nbEtuInscritPrevisionnelElpTotal": "18",
        "nbEtape": "1"
    },
    {
        "annee": "2024",
        "codeStructureEtape": "AES",
        "libStructureEtape": "Faculté des Sciences",
        "codeEtape": "TM1PSI3",
        "libEtape": "M1 Photonique signal imagerie (PSI)",
        "noElement": "TPH418",
        "libElement": "Cristallographie et applications",
        "codeNatureElp": "MATI",
        "libNatureElp": "Matière",
        "codeCNU": "30",
        "libCNU": "Milieux dilués et optique",
        "codePeriode": "1",
        "libPeriode": "Enseignement du premier semestre",
        "nbHeureCM": "9.3",
        "nbHeureTD": "9.3",
        "nbHeureTP": "0",
        "nbHeureCMTD": "0",
        "nbGroupeCM": "1",
        "nbGroupeTD": "1",
        "nbGroupeTP": "1",
        "nbGroupeCMTD": "0",
        "nbEtuInscritElpEtape": "19",
        "nbEtuInscritElpTotal": "19",
        "volumeHoraireElpPondereEtape": "23.25",
        "volumeHoraireElpTotal": "23.25",
        "nbEtuInscritPrevisionnelElpEtape": "18",
        "nbEtuInscritPrevisionnelElpTotal": "18",
        "nbEtape": "1"
    },
    {
        "annee": "2024",
        "codeStructureEtape": "AES",
        "libStructureEtape": "Faculté des Sciences",
        "codeEtape": "TM1PSI3",
        "libEtape": "M1 Photonique signal imagerie (PSI)",
        "noElement": "TPH412",
        "libElement": "Mécanique quantique",
        "codeNatureElp": "MATI",
        "libNatureElp": "Matière",
        "codeCNU": "30",
        "libCNU": "Milieux dilués et optique",
        "codePeriode": "1",
        "libPeriode": "Enseignement du premier semestre",
        "nbHeureCM": "9.3",
        "nbHeureTD": "9.3",
        "nbHeureTP": "0",
        "nbHeureCMTD": "0",
        "nbGroupeCM": "1",
        "nbGroupeTD": "1",
        "nbGroupeTP": "1",
        "nbGroupeCMTD": "0",
        "nbEtuInscritElpEtape": "19",
        "nbEtuInscritElpTotal": "19",
        "volumeHoraireElpPondereEtape": "23.25",
        "volumeHoraireElpTotal": "23.25",
        "nbEtuInscritPrevisionnelElpEtape": "18",
        "nbEtuInscritPrevisionnelElpTotal": "18",
        "nbEtape": "1"
    },
    {
        "annee": "2024",
        "codeStructureEtape": "AES",
        "libStructureEtape": "Faculté des Sciences",
        "codeEtape": "TM1PSI3",
        "libEtape": "M1 Photonique signal imagerie (PSI)",
        "noElement": "TPH428",
        "libElement": "Electronique numérique",
        "codeNatureElp": "MATI",
        "libNatureElp": "Matière",
        "codeCNU": "63",
        "libCNU": "Génie électrique, électronique, photonique et systèmes",
        "codePeriode": "2",
        "libPeriode": "Enseignement du second semestre",
        "nbHeureCM": "9.3",
        "nbHeureTD": "9.3",
        "nbHeureTP": "15",
        "nbHeureCMTD": "0",
        "nbGroupeCM": "1",
        "nbGroupeTD": "1",
        "nbGroupeTP": "1",
        "nbGroupeCMTD": "0",
        "nbEtuInscritElpEtape": "18",
        "nbEtuInscritElpTotal": "18",
        "volumeHoraireElpPondereEtape": "38.25",
        "volumeHoraireElpTotal": "38.25",
        "nbEtuInscritPrevisionnelElpEtape": "19",
        "nbEtuInscritPrevisionnelElpTotal": "19",
        "nbEtape": "1"
    },
    {
        "annee": "2024",
        "codeStructureEtape": "AES",
        "libStructureEtape": "Faculté des Sciences",
        "codeEtape": "TM1PSI3",
        "libEtape": "M1 Photonique signal imagerie (PSI)",
        "noElement": "TPH421",
        "libElement": "Méthodes spectroscopiques",
        "codeNatureElp": "MATI",
        "libNatureElp": "Matière",
        "codeCNU": "30",
        "libCNU": "Milieux dilués et optique",
        "codePeriode": "2",
        "libPeriode": "Enseignement du second semestre",
        "nbHeureCM": "18.7",
        "nbHeureTD": "9.3",
        "nbHeureTP": "0",
        "nbHeureCMTD": "0",
        "nbGroupeCM": "1",
        "nbGroupeTD": "1",
        "nbGroupeTP": "1",
        "nbGroupeCMTD": "0",
        "nbEtuInscritElpEtape": "18",
        "nbEtuInscritElpTotal": "18",
        "volumeHoraireElpPondereEtape": "37.35",
        "volumeHoraireElpTotal": "37.35",
        "nbEtuInscritPrevisionnelElpEtape": "18",
        "nbEtuInscritPrevisionnelElpTotal": "18",
        "nbEtape": "1"
    },
    {
        "annee": "2024",
        "codeStructureEtape": "AES",
        "libStructureEtape": "Faculté des Sciences",
        "codeEtape": "TM1PSI3",
        "libEtape": "M1 Photonique signal imagerie (PSI)",
        "noElement": "TPH413",
        "libElement": "Physique statistique",
        "codeNatureElp": "MATI",
        "libNatureElp": "Matière",
        "codeCNU": "30",
        "libCNU": "Milieux dilués et optique",
        "codePeriode": "1",
        "libPeriode": "Enseignement du premier semestre",
        "nbHeureCM": "9.3",
        "nbHeureTD": "9.3",
        "nbHeureTP": "0",
        "nbHeureCMTD": "0",
        "nbGroupeCM": "1",
        "nbGroupeTD": "1",
        "nbGroupeTP": "1",
        "nbGroupeCMTD": "0",
        "nbEtuInscritElpEtape": "19",
        "nbEtuInscritElpTotal": "19",
        "volumeHoraireElpPondereEtape": "23.25",
        "volumeHoraireElpTotal": "23.25",
        "nbEtuInscritPrevisionnelElpEtape": "18",
        "nbEtuInscritPrevisionnelElpTotal": "18",
        "nbEtape": "1"
    }
]