[
    {
        "annee": "2024",
        "codeStructureEtape": "AES",
        "libStructureEtape": "Faculté des Sciences",
        "codeEtape": "TL2PC12",
        "libEtape": "L2 Physique Chimie",
        "noElement": "TCP2402U",
        "libElement": "Expression écrite et orale - P9",
        "codeNatureElp": "CHAR",
        "libNatureElp": "Charges d'Enseignement",
        "codeCNU": null,
        "libCNU": null,
        "codePeriode": "09",
        "libPeriode": "Période 9",
        "nbHeureCM": "0",
        "nbHeureTD": "0",
        "nbHeureTP": "6.7",
        "nbHeureCMTD": "0",
        "nbGroupeCM": "0",
        "nbGroupeTD": "0",
        "nbGroupeTP": "1",
        "nbGroupeCMTD": "0",
        "nbEtuInscritElpEtape": "0",
        "nbEtuInscritElpTotal": "0",
        "volumeHoraireElpPondereEtape": "0",
        "volumeHoraireElpTotal": "6.7",
        "nbEtuInscritPrevisionnelElpEtape": "16",
        "nbEtuInscritPrevisionnelElpTotal": "16",
        "nbEtape": "1"
    },
    {
        "annee": "2024",
        "codeStructureEtape": "AES",
        "libStructureEtape": "Faculté des Sciences",
        "codeEtape": "TL2PC12",
        "libEtape": "L2 Physique Chimie",
        "noElement": "TCP2301U",
        "libElement": "Calcul scientifique pour physiciens - P8",
        "codeNatureElp": "CHAR",
        "libNatureElp": "Charges d'Enseignement",
        "codeCNU": null,
        "libCNU": null,
        "codePeriode": "08",
        "libPeriode": "Période 8",
        "nbHeureCM": "0",
        "nbHeureTD": "0",
        "nbHeureTP": "20",
        "nbHeureCMTD": "0",
        "nbGroupeCM": "0",
        "nbGroupeTD": "0",
        "nbGroupeTP": "1",
        "nbGroupeCMTD": "0",
        "nbEtuInscritElpEtape": "0",
        "nbEtuInscritElpTotal": "0",
        "volumeHoraireElpPondereEtape": "0",
        "volumeHoraireElpTotal": "20",
        "nbEtuInscritPrevisionnelElpEtape": "16",
        "nbEtuInscritPrevisionnelElpTotal": "16",
        "nbEtape": "1"
    },
    {
        "annee": "2024",
        "codeStructureEtape": "AES",
        "libStructureEtape": "Faculté des Sciences",
        "codeEtape": "TL2PC12",
        "libEtape": "L2 Physique Chimie",
        "noElement": "TCP2502U",
        "libElement": "Algèbre linéaire et applications pour physiciens 2 - P10",
        "codeNatureElp": "CHAR",
        "libNatureElp": "Charges d'Enseignement",
        "codeCNU": null,
        "libCNU": null,
        "codePeriode": "10",
        "libPeriode": "Période 10",
        "nbHeureCM": "6.7",
        "nbHeureTD": "13.3",
        "nbHeureTP": "0",
        "nbHeureCMTD": "0",
        "nbGroupeCM": "1",
        "nbGroupeTD": "1",
        "nbGroupeTP": "0",
        "nbGroupeCMTD": "0",
        "nbEtuInscritElpEtape": "0",
        "nbEtuInscritElpTotal": "0",
        "volumeHoraireElpPondereEtape": "0",
        "volumeHoraireElpTotal": "23.35",
        "nbEtuInscritPrevisionnelElpEtape": "16",
        "nbEtuInscritPrevisionnelElpTotal": "16",
        "nbEtape": "1"
    },
    {
        "annee": "2024",
        "codeStructureEtape": "AES",
        "libStructureEtape": "Faculté des Sciences",
        "codeEtape": "TL2PC12",
        "libEtape": "L2 Physique Chimie",
        "noElement": "TCP2504U",
        "libElement": "Visite d'une entreprise - P10",
        "codeNatureElp": "CHAR",
        "libNatureElp": "Charges d'Enseignement",
        "codeCNU": null,
        "libCNU": null,
        "codePeriode": "10",
        "libPeriode": "Période 10",
        "nbHeureCM": "0",
        "nbHeureTD": "0",
        "nbHeureTP": "0",
        "nbHeureCMTD": "0",
        "nbGroupeCM": "0",
        "nbGroupeTD": "0",
        "nbGroupeTP": "0",
        "nbGroupeCMTD": "0",
        "nbEtuInscritElpEtape": "0",
        "nbEtuInscritElpTotal": "0",
        "volumeHoraireElpPondereEtape": "0",
        "volumeHoraireElpTotal": "0",
        "nbEtuInscritPrevisionnelElpEtape": "0",
        "nbEtuInscritPrevisionnelElpTotal": "0",
        "nbEtape": "1"
    },
    {
        "annee": "2024",
        "codeStructureEtape": "AES",
        "libStructureEtape": "Faculté des Sciences",
        "codeEtape": "TL2PC12",
        "libEtape": "L2 Physique Chimie",
        "noElement": "TCP2401U",
        "libElement": "Anglais renforcé - P9",
        "codeNatureElp": "CHAR",
        "libNatureElp": "Charges d'Enseignement",
        "codeCNU": null,
        "libCNU": null,
        "codePeriode": "09",
        "libPeriode": "Période 9",
        "nbHeureCM": "0",
        "nbHeureTD": "0",
        "nbHeureTP": "10",
        "nbHeureCMTD": "0",
        "nbGroupeCM": "0",
        "nbGroupeTD": "0",
        "nbGroupeTP": "1",
        "nbGroupeCMTD": "0",
        "nbEtuInscritElpEtape": "0",
        "nbEtuInscritElpTotal": "0",
        "volumeHoraireElpPondereEtape": "0",
        "volumeHoraireElpTotal": "10",
        "nbEtuInscritPrevisionnelElpEtape": "16",
        "nbEtuInscritPrevisionnelElpTotal": "16",
        "nbEtape": "1"
    },
    {
        "annee": "2024",
        "codeStructureEtape": "AES",
        "libStructureEtape": "Faculté des Sciences",
        "codeEtape": "TL2PC12",
        "libEtape": "L2 Physique Chimie",
        "noElement": "TCP2501U",
        "libElement": "Projet calcul scientifique - P10",
        "codeNatureElp": "CHAR",
        "libNatureElp": "Charges d'Enseignement",
        "codeCNU": null,
        "libCNU": null,
        "codePeriode": "10",
        "libPeriode": "Période 10",
        "nbHeureCM": "0",
        "nbHeureTD": "0",
        "nbHeureTP": "0",
        "nbHeureCMTD": "0",
        "nbGroupeCM": "0",
        "nbGroupeTD": "0",
        "nbGroupeTP": "0",
        "nbGroupeCMTD": "0",
        "nbEtuInscritElpEtape": "0",
        "nbEtuInscritElpTotal": "0",
        "volumeHoraireElpPondereEtape": "0",
        "volumeHoraireElpTotal": "0",
        "nbEtuInscritPrevisionnelElpEtape": "16",
        "nbEtuInscritPrevisionnelElpTotal": "16",
        "nbEtape": "1"
    }
]