[
    {
        "annee": "2024",
        "codeStructureEtape": "AES",
        "libStructureEtape": "Faculté des Sciences",
        "codeEtape": "TL1MP14",
        "libEtape": "L1 Sc, techno, santé / Portail MPC",
        "noElement": "TCL1502U",
        "libElement": "Immersion recherche - P5",
        "codeNatureElp": "CHAR",
        "libNatureElp": "Charges d'Enseignement",
        "codeCNU": null,
        "libCNU": null,
        "codePeriode": "05",
        "libPeriode": "Période 5",
        "nbHeureCM": "0",
        "nbHeureTD": "0",
        "nbHeureTP": "0",
        "nbHeureCMTD": "0",
        "nbGroupeCM": "0",
        "nbGroupeTD": "0",
        "nbGroupeTP": "0",
        "nbGroupeCMTD": "0",
        "nbEtuInscritElpEtape": "0",
        "nbEtuInscritElpTotal": "0",
        "volumeHoraireElpPondereEtape": "0",
        "volumeHoraireElpTotal": "0",
        "nbEtuInscritPrevisionnelElpEtape": "9",
        "nbEtuInscritPrevisionnelElpTotal": "9",
        "nbEtape": "1"
    },
    {
        "annee": "2024",
        "codeStructureEtape": "AES",
        "libStructureEtape": "Faculté des Sciences",
        "codeEtape": "TL1MP14",
        "libEtape": "L1 Sc, techno, santé / Portail MPC",
        "noElement": "TCL1501U",
        "libElement": "Initiation à la vie de l'entreprise - P5 + aide à la rédac.",
        "codeNatureElp": "CHAR",
        "libNatureElp": "Charges d'Enseignement",
        "codeCNU": null,
        "libCNU": null,
        "codePeriode": "05",
        "libPeriode": "Période 5",
        "nbHeureCM": "0",
        "nbHeureTD": "0",
        "nbHeureTP": "0",
        "nbHeureCMTD": "13.2",
        "nbGroupeCM": "0",
        "nbGroupeTD": "0",
        "nbGroupeTP": "0",
        "nbGroupeCMTD": "1",
        "nbEtuInscritElpEtape": "0",
        "nbEtuInscritElpTotal": "0",
        "volumeHoraireElpPondereEtape": "0",
        "volumeHoraireElpTotal": "16.5",
        "nbEtuInscritPrevisionnelElpEtape": "9",
        "nbEtuInscritPrevisionnelElpTotal": "9",
        "nbEtape": "1"
    },
    {
        "annee": "2024",
        "codeStructureEtape": "AES",
        "libStructureEtape": "Faculté des Sciences",
        "codeEtape": "TL1MP14",
        "libEtape": "L1 Sc, techno, santé / Portail MPC",
        "noElement": "TCL1402U",
        "libElement": "Statistiques - P4",
        "codeNatureElp": "CHAR",
        "libNatureElp": "Charges d'Enseignement",
        "codeCNU": null,
        "libCNU": null,
        "codePeriode": "04",
        "libPeriode": "Période 4",
        "nbHeureCM": "0",
        "nbHeureTD": "0",
        "nbHeureTP": "0",
        "nbHeureCMTD": "10",
        "nbGroupeCM": "0",
        "nbGroupeTD": "0",
        "nbGroupeTP": "0",
        "nbGroupeCMTD": "1",
        "nbEtuInscritElpEtape": "0",
        "nbEtuInscritElpTotal": "0",
        "volumeHoraireElpPondereEtape": "0",
        "volumeHoraireElpTotal": "12.5",
        "nbEtuInscritPrevisionnelElpEtape": "9",
        "nbEtuInscritPrevisionnelElpTotal": "9",
        "nbEtape": "1"
    },
    {
        "annee": "2024",
        "codeStructureEtape": "AES",
        "libStructureEtape": "Faculté des Sciences",
        "codeEtape": "TL1MP14",
        "libEtape": "L1 Sc, techno, santé / Portail MPC",
        "noElement": "TCL1503U",
        "libElement": "Stage de découverte du milieu professionnel - P5",
        "codeNatureElp": "CHAR",
        "libNatureElp": "Charges d'Enseignement",
        "codeCNU": null,
        "libCNU": null,
        "codePeriode": "05",
        "libPeriode": "Période 5",
        "nbHeureCM": "0",
        "nbHeureTD": "0",
        "nbHeureTP": "0",
        "nbHeureCMTD": "0",
        "nbGroupeCM": "0",
        "nbGroupeTD": "0",
        "nbGroupeTP": "0",
        "nbGroupeCMTD": "0",
        "nbEtuInscritElpEtape": "0",
        "nbEtuInscritElpTotal": "0",
        "volumeHoraireElpPondereEtape": "0",
        "volumeHoraireElpTotal": "0",
        "nbEtuInscritPrevisionnelElpEtape": "9",
        "nbEtuInscritPrevisionnelElpTotal": "9",
        "nbEtape": "1"
    },
    {
        "annee": "2024",
        "codeStructureEtape": "AES",
        "libStructureEtape": "Faculté des Sciences",
        "codeEtape": "TL1MP14",
        "libEtape": "L1 Sc, techno, santé / Portail MPC",
        "noElement": "TCL1302U",
        "libElement": "Statistiques - P3",
        "codeNatureElp": "CHAR",
        "libNatureElp": "Charges d'Enseignement",
        "codeCNU": null,
        "libCNU": null,
        "codePeriode": "03",
        "libPeriode": "Période 3",
        "nbHeureCM": "0",
        "nbHeureTD": "0",
        "nbHeureTP": "0",
        "nbHeureCMTD": "10",
        "nbGroupeCM": "0",
        "nbGroupeTD": "0",
        "nbGroupeTP": "0",
        "nbGroupeCMTD": "1",
        "nbEtuInscritElpEtape": "0",
        "nbEtuInscritElpTotal": "0",
        "volumeHoraireElpPondereEtape": "0",
        "volumeHoraireElpTotal": "12.5",
        "nbEtuInscritPrevisionnelElpEtape": "9",
        "nbEtuInscritPrevisionnelElpTotal": "9",
        "nbEtape": "1"
    },
    {
        "annee": "2024",
        "codeStructureEtape": "AES",
        "libStructureEtape": "Faculté des Sciences",
        "codeEtape": "TL1MP14",
        "libEtape": "L1 Sc, techno, santé / Portail MPC",
        "noElement": "TCL1401V",
        "libElement": "Initiation à la vie de l'entreprise - P4 + aide à la recher.",
        "codeNatureElp": "CHAR",
        "libNatureElp": "Charges d'Enseignement",
        "codeCNU": null,
        "libCNU": null,
        "codePeriode": "04",
        "libPeriode": "Période 4",
        "nbHeureCM": "0",
        "nbHeureTD": "0",
        "nbHeureTP": "0",
        "nbHeureCMTD": "13.2",
        "nbGroupeCM": "0",
        "nbGroupeTD": "0",
        "nbGroupeTP": "0",
        "nbGroupeCMTD": "1",
        "nbEtuInscritElpEtape": "0",
        "nbEtuInscritElpTotal": "0",
        "volumeHoraireElpPondereEtape": "0",
        "volumeHoraireElpTotal": "16.5",
        "nbEtuInscritPrevisionnelElpEtape": "9",
        "nbEtuInscritPrevisionnelElpTotal": "9",
        "nbEtape": "1"
    }
]