[
    {
        "annee": "2024",
        "codeStructureEtape": "AES",
        "libStructureEtape": "Faculté des Sciences",
        "codeEtape": "TM2HIP1",
        "libEtape": "M2 BV / Horticulture et Innovations de la Plante aux Systè.",
        "noElement": "TBV532C",
        "libElement": "Conception de systèmes horticoles innovants",
        "codeNatureElp": "MATI",
        "libNatureElp": "Matière",
        "codeCNU": null,
        "libCNU": null,
        "codePeriode": "3",
        "libPeriode": "Enseignement du troisième semestre",
        "nbHeureCM": "14",
        "nbHeureTD": "23",
        "nbHeureTP": "0",
        "nbHeureCMTD": "0",
        "nbGroupeCM": "1",
        "nbGroupeTD": "1",
        "nbGroupeTP": "1",
        "nbGroupeCMTD": "0",
        "nbEtuInscritElpEtape": "12",
        "nbEtuInscritElpTotal": "12",
        "volumeHoraireElpPondereEtape": "44",
        "volumeHoraireElpTotal": "44",
        "nbEtuInscritPrevisionnelElpEtape": "10",
        "nbEtuInscritPrevisionnelElpTotal": "10",
        "nbEtape": "2"
    },
    {
        "annee": "2024",
        "codeStructureEtape": "AES",
        "libStructureEtape": "Faculté des Sciences",
        "codeEtape": "TM2HIP1",
        "libEtape": "M2 BV / Horticulture et Innovations de la Plante aux Systè.",
        "noElement": "TBV533C",
        "libElement": "Management et résilience pour les filières du végétal spé",
        "codeNatureElp": "MATI",
        "libNatureElp": "Matière",
        "codeCNU": null,
        "libCNU": null,
        "codePeriode": "3",
        "libPeriode": "Enseignement du troisième semestre",
        "nbHeureCM": "32",
        "nbHeureTD": "42",
        "nbHeureTP": "2",
        "nbHeureCMTD": "0",
        "nbGroupeCM": "1",
        "nbGroupeTD": "1",
        "nbGroupeTP": "1",
        "nbGroupeCMTD": "0",
        "nbEtuInscritElpEtape": "12",
        "nbEtuInscritElpTotal": "12",
        "volumeHoraireElpPondereEtape": "92",
        "volumeHoraireElpTotal": "92",
        "nbEtuInscritPrevisionnelElpEtape": "10",
        "nbEtuInscritPrevisionnelElpTotal": "10",
        "nbEtape": "2"
    },
    {
        "annee": "2024",
        "codeStructureEtape": "AES",
        "libStructureEtape": "Faculté des Sciences",
        "codeEtape": "TM2HIP1",
        "libEtape": "M2 BV / Horticulture et Innovations de la Plante aux Systè.",
        "noElement": "TBV53B",
        "libElement": "Anglais",
        "codeNatureElp": "MATI",
        "libNatureElp": "Matière",
        "codeCNU": "11",
        "libCNU": "Langues et littératures anglaises et anglo-saxonnes",
        "codePeriode": "3",
        "libPeriode": "Enseignement du troisième semestre",
        "nbHeureCM": "0",
        "nbHeureTD": "8",
        "nbHeureTP": "28",
        "nbHeureCMTD": "0",
        "nbGroupeCM": "1",
        "nbGroupeTD": "1",
        "nbGroupeTP": "2",
        "nbGroupeCMTD": "0",
        "nbEtuInscritElpEtape": "12",
        "nbEtuInscritElpTotal": "29",
        "volumeHoraireElpPondereEtape": "26.48",
        "volumeHoraireElpTotal": "64",
        "nbEtuInscritPrevisionnelElpEtape": "40",
        "nbEtuInscritPrevisionnelElpTotal": "10",
        "nbEtape": "4"
    },
    {
        "annee": "2024",
        "codeStructureEtape": "AES",
        "libStructureEtape": "Faculté des Sciences",
        "codeEtape": "TM2HIP1",
        "libEtape": "M2 BV / Horticulture et Innovations de la Plante aux Systè.",
        "noElement": "TBV545C1",
        "libElement": "Stage",
        "codeNatureElp": "STAG",
        "libNatureElp": "Stage",
        "codeCNU": null,
        "libCNU": null,
        "codePeriode": "4",
        "libPeriode": "Enseignement du quatrième semestre",
        "nbHeureCM": "0",
        "nbHeureTD": "4",
        "nbHeureTP": "0",
        "nbHeureCMTD": "0",
        "nbGroupeCM": "12",
        "nbGroupeTD": "12",
        "nbGroupeTP": "12",
        "nbGroupeCMTD": "0",
        "nbEtuInscritElpEtape": "12",
        "nbEtuInscritElpTotal": "12",
        "volumeHoraireElpPondereEtape": "48",
        "volumeHoraireElpTotal": "48",
        "nbEtuInscritPrevisionnelElpEtape": "9",
        "nbEtuInscritPrevisionnelElpTotal": "9",
        "nbEtape": "2"
    },
    {
        "annee": "2024",
        "codeStructureEtape": "AES",
        "libStructureEtape": "Faculté des Sciences",
        "codeEtape": "TM2HIP1",
        "libEtape": "M2 BV / Horticulture et Innovations de la Plante aux Systè.",
        "noElement": "TBV53C",
        "libElement": "3PE: Bilan de compétence / Gestion d'équipe",
        "codeNatureElp": "MATI",
        "libNatureElp": "Matière",
        "codeCNU": null,
        "libCNU": null,
        "codePeriode": "3",
        "libPeriode": "Enseignement du troisième semestre",
        "nbHeureCM": "0",
        "nbHeureTD": "10",
        "nbHeureTP": "15",
        "nbHeureCMTD": "0",
        "nbGroupeCM": "1",
        "nbGroupeTD": "1",
        "nbGroupeTP": "2",
        "nbGroupeCMTD": "0",
        "nbEtuInscritElpEtape": "12",
        "nbEtuInscritElpTotal": "29",
        "volumeHoraireElpPondereEtape": "16.55",
        "volumeHoraireElpTotal": "40",
        "nbEtuInscritPrevisionnelElpEtape": "0",
        "nbEtuInscritPrevisionnelElpTotal": "0",
        "nbEtape": "3"
    },
    {
        "annee": "2024",
        "codeStructureEtape": "AES",
        "libStructureEtape": "Faculté des Sciences",
        "codeEtape": "TM2HIP1",
        "libEtape": "M2 BV / Horticulture et Innovations de la Plante aux Systè.",
        "noElement": "TBV545C2",
        "libElement": "Alternance",
        "codeNatureElp": "STAG",
        "libNatureElp": "Stage",
        "codeCNU": null,
        "libCNU": null,
        "codePeriode": "4",
        "libPeriode": "Enseignement du quatrième semestre",
        "nbHeureCM": "0",
        "nbHeureTD": "12",
        "nbHeureTP": "0",
        "nbHeureCMTD": "0",
        "nbGroupeCM": "1",
        "nbGroupeTD": "1",
        "nbGroupeTP": "1",
        "nbGroupeCMTD": "0",
        "nbEtuInscritElpEtape": "0",
        "nbEtuInscritElpTotal": "0",
        "volumeHoraireElpPondereEtape": "0",
        "volumeHoraireElpTotal": "12",
        "nbEtuInscritPrevisionnelElpEtape": "1",
        "nbEtuInscritPrevisionnelElpTotal": "1",
        "nbEtape": "2"
    },
    {
        "annee": "2024",
        "codeStructureEtape": "AES",
        "libStructureEtape": "Faculté des Sciences",
        "codeEtape": "TM2HIP1",
        "libEtape": "M2 BV / Horticulture et Innovations de la Plante aux Systè.",
        "noElement": "TBV541C",
        "libElement": "Valorisation des innovations produits et systèmes",
        "codeNatureElp": "MATI",
        "libNatureElp": "Matière",
        "codeCNU": null,
        "libCNU": null,
        "codePeriode": "4",
        "libPeriode": "Enseignement du quatrième semestre",
        "nbHeureCM": "25",
        "nbHeureTD": "14",
        "nbHeureTP": "0",
        "nbHeureCMTD": "0",
        "nbGroupeCM": "1",
        "nbGroupeTD": "1",
        "nbGroupeTP": "1",
        "nbGroupeCMTD": "0",
        "nbEtuInscritElpEtape": "12",
        "nbEtuInscritElpTotal": "12",
        "volumeHoraireElpPondereEtape": "51.5",
        "volumeHoraireElpTotal": "51.5",
        "nbEtuInscritPrevisionnelElpEtape": "10",
        "nbEtuInscritPrevisionnelElpTotal": "10",
        "nbEtape": "2"
    },
    {
        "annee": "2024",
        "codeStructureEtape": "AES",
        "libStructureEtape": "Faculté des Sciences",
        "codeEtape": "TM2HIP1",
        "libEtape": "M2 BV / Horticulture et Innovations de la Plante aux Systè.",
        "noElement": "TBV544",
        "libElement": "Communication scientifique",
        "codeNatureElp": "MATI",
        "libNatureElp": "Matière",
        "codeCNU": "71",
        "libCNU": "Sciences de l'information et de la communication",
        "codePeriode": "4",
        "libPeriode": "Enseignement du quatrième semestre",
        "nbHeureCM": "0",
        "nbHeureTD": "5",
        "nbHeureTP": "0",
        "nbHeureCMTD": "0",
        "nbGroupeCM": "1",
        "nbGroupeTD": "1",
        "nbGroupeTP": "1",
        "nbGroupeCMTD": "0",
        "nbEtuInscritElpEtape": "0",
        "nbEtuInscritElpTotal": "7",
        "volumeHoraireElpPondereEtape": "0",
        "volumeHoraireElpTotal": "5",
        "nbEtuInscritPrevisionnelElpEtape": "8",
        "nbEtuInscritPrevisionnelElpTotal": "0",
        "nbEtape": "4"
    },
    {
        "annee": "2024",
        "codeStructureEtape": "AES",
        "libStructureEtape": "Faculté des Sciences",
        "codeEtape": "TM2HIP1",
        "libEtape": "M2 BV / Horticulture et Innovations de la Plante aux Systè.",
        "noElement": "TBV539",
        "libElement": "Projet commandité",
        "codeNatureElp": "MATI",
        "libNatureElp": "Matière",
        "codeCNU": "05",
        "libCNU": "Sciences économiques",
        "codePeriode": "3",
        "libPeriode": "Enseignement du troisième semestre",
        "nbHeureCM": "7",
        "nbHeureTD": "3",
        "nbHeureTP": "0",
        "nbHeureCMTD": "0",
        "nbGroupeCM": "1",
        "nbGroupeTD": "1",
        "nbGroupeTP": "2",
        "nbGroupeCMTD": "0",
        "nbEtuInscritElpEtape": "12",
        "nbEtuInscritElpTotal": "29",
        "volumeHoraireElpPondereEtape": "5.59",
        "volumeHoraireElpTotal": "13.5",
        "nbEtuInscritPrevisionnelElpEtape": "40",
        "nbEtuInscritPrevisionnelElpTotal": "10",
        "nbEtape": "4"
    },
    {
        "annee": "2024",
        "codeStructureEtape": "AES",
        "libStructureEtape": "Faculté des Sciences",
        "codeEtape": "TM2HIP1",
        "libEtape": "M2 BV / Horticulture et Innovations de la Plante aux Systè.",
        "noElement": "TBV531C",
        "libElement": "Comprendre et analyser les enjeux de l'horticulture",
        "codeNatureElp": "MATI",
        "libNatureElp": "Matière",
        "codeCNU": null,
        "libCNU": null,
        "codePeriode": "3",
        "libPeriode": "Enseignement du troisième semestre",
        "nbHeureCM": "85",
        "nbHeureTD": "16",
        "nbHeureTP": "40",
        "nbHeureCMTD": "0",
        "nbGroupeCM": "1",
        "nbGroupeTD": "1",
        "nbGroupeTP": "1",
        "nbGroupeCMTD": "0",
        "nbEtuInscritElpEtape": "12",
        "nbEtuInscritElpTotal": "12",
        "volumeHoraireElpPondereEtape": "183.5",
        "volumeHoraireElpTotal": "183.5",
        "nbEtuInscritPrevisionnelElpEtape": "10",
        "nbEtuInscritPrevisionnelElpTotal": "10",
        "nbEtape": "2"
    }
]