[
    {
        "annee": "2024",
        "codeStructureEtape": "AES",
        "libStructureEtape": "Faculté des Sciences",
        "codeEtape": "TM2PHP1",
        "libEtape": "M2 Biologie Végétale / Santé des plantes",
        "noElement": "TBV53B",
        "libElement": "Anglais",
        "codeNatureElp": "MATI",
        "libNatureElp": "Matière",
        "codeCNU": "11",
        "libCNU": "Langues et littératures anglaises et anglo-saxonnes",
        "codePeriode": "3",
        "libPeriode": "Enseignement du troisième semestre",
        "nbHeureCM": "0",
        "nbHeureTD": "8",
        "nbHeureTP": "28",
        "nbHeureCMTD": "0",
        "nbGroupeCM": "1",
        "nbGroupeTD": "1",
        "nbGroupeTP": "2",
        "nbGroupeCMTD": "0",
        "nbEtuInscritElpEtape": "12",
        "nbEtuInscritElpTotal": "29",
        "volumeHoraireElpPondereEtape": "26.48",
        "volumeHoraireElpTotal": "64",
        "nbEtuInscritPrevisionnelElpEtape": "40",
        "nbEtuInscritPrevisionnelElpTotal": "22",
        "nbEtape": "4"
    },
    {
        "annee": "2024",
        "codeStructureEtape": "AES",
        "libStructureEtape": "Faculté des Sciences",
        "codeEtape": "TM2PHP1",
        "libEtape": "M2 Biologie Végétale / Santé des plantes",
        "noElement": "TBV545A1",
        "libElement": "Stage",
        "codeNatureElp": "STAG",
        "libNatureElp": "Stage",
        "codeCNU": null,
        "libCNU": null,
        "codePeriode": "4",
        "libPeriode": "Enseignement du quatrième semestre",
        "nbHeureCM": "0",
        "nbHeureTD": "4",
        "nbHeureTP": "0",
        "nbHeureCMTD": "0",
        "nbGroupeCM": "11",
        "nbGroupeTD": "11",
        "nbGroupeTP": "11",
        "nbGroupeCMTD": "0",
        "nbEtuInscritElpEtape": "11",
        "nbEtuInscritElpTotal": "11",
        "volumeHoraireElpPondereEtape": "44",
        "volumeHoraireElpTotal": "44",
        "nbEtuInscritPrevisionnelElpEtape": "21",
        "nbEtuInscritPrevisionnelElpTotal": "21",
        "nbEtape": "2"
    },
    {
        "annee": "2024",
        "codeStructureEtape": "AES",
        "libStructureEtape": "Faculté des Sciences",
        "codeEtape": "TM2PHP1",
        "libEtape": "M2 Biologie Végétale / Santé des plantes",
        "noElement": "TBV545A2",
        "libElement": "Alternance",
        "codeNatureElp": "STAG",
        "libNatureElp": "Stage",
        "codeCNU": null,
        "libCNU": null,
        "codePeriode": "4",
        "libPeriode": "Enseignement du quatrième semestre",
        "nbHeureCM": "0",
        "nbHeureTD": "12",
        "nbHeureTP": "0",
        "nbHeureCMTD": "0",
        "nbGroupeCM": "1",
        "nbGroupeTD": "1",
        "nbGroupeTP": "1",
        "nbGroupeCMTD": "0",
        "nbEtuInscritElpEtape": "1",
        "nbEtuInscritElpTotal": "1",
        "volumeHoraireElpPondereEtape": "12",
        "volumeHoraireElpTotal": "12",
        "nbEtuInscritPrevisionnelElpEtape": "1",
        "nbEtuInscritPrevisionnelElpTotal": "1",
        "nbEtape": "2"
    },
    {
        "annee": "2024",
        "codeStructureEtape": "AES",
        "libStructureEtape": "Faculté des Sciences",
        "codeEtape": "TM2PHP1",
        "libEtape": "M2 Biologie Végétale / Santé des plantes",
        "noElement": "TBV532",
        "libElement": "Data Challenge",
        "codeNatureElp": "MATI",
        "libNatureElp": "Matière",
        "codeCNU": "26",
        "libCNU": "Mathématiques appliquées et applications des mathématiques",
        "codePeriode": "3",
        "libPeriode": "Enseignement du troisième semestre",
        "nbHeureCM": "2",
        "nbHeureTD": "12",
        "nbHeureTP": "32",
        "nbHeureCMTD": "0",
        "nbGroupeCM": "1",
        "nbGroupeTD": "1",
        "nbGroupeTP": "1",
        "nbGroupeCMTD": "0",
        "nbEtuInscritElpEtape": "12",
        "nbEtuInscritElpTotal": "17",
        "volumeHoraireElpPondereEtape": "33.18",
        "volumeHoraireElpTotal": "47",
        "nbEtuInscritPrevisionnelElpEtape": "30",
        "nbEtuInscritPrevisionnelElpTotal": "22",
        "nbEtape": "3"
    },
    {
        "annee": "2024",
        "codeStructureEtape": "AES",
        "libStructureEtape": "Faculté des Sciences",
        "codeEtape": "TM2PHP1",
        "libEtape": "M2 Biologie Végétale / Santé des plantes",
        "noElement": "TBV533A",
        "libElement": "Qualités des produits végétaux",
        "codeNatureElp": "MATI",
        "libNatureElp": "Matière",
        "codeCNU": "66",
        "libCNU": "Physiologie",
        "codePeriode": "3",
        "libPeriode": "Enseignement du troisième semestre",
        "nbHeureCM": "20",
        "nbHeureTD": "0",
        "nbHeureTP": "10",
        "nbHeureCMTD": "0",
        "nbGroupeCM": "1",
        "nbGroupeTD": "1",
        "nbGroupeTP": "1",
        "nbGroupeCMTD": "0",
        "nbEtuInscritElpEtape": "12",
        "nbEtuInscritElpTotal": "12",
        "volumeHoraireElpPondereEtape": "40",
        "volumeHoraireElpTotal": "40",
        "nbEtuInscritPrevisionnelElpEtape": "22",
        "nbEtuInscritPrevisionnelElpTotal": "22",
        "nbEtape": "2"
    },
    {
        "annee": "2024",
        "codeStructureEtape": "AES",
        "libStructureEtape": "Faculté des Sciences",
        "codeEtape": "TM2PHP1",
        "libEtape": "M2 Biologie Végétale / Santé des plantes",
        "noElement": "TBV541A",
        "libElement": "Produits phytosanitaires et règlementation",
        "codeNatureElp": "MATI",
        "libNatureElp": "Matière",
        "codeCNU": "66",
        "libCNU": "Physiologie",
        "codePeriode": "4",
        "libPeriode": "Enseignement du quatrième semestre",
        "nbHeureCM": "35",
        "nbHeureTD": "4",
        "nbHeureTP": "6",
        "nbHeureCMTD": "0",
        "nbGroupeCM": "1",
        "nbGroupeTD": "1",
        "nbGroupeTP": "1",
        "nbGroupeCMTD": "0",
        "nbEtuInscritElpEtape": "6",
        "nbEtuInscritElpTotal": "6",
        "volumeHoraireElpPondereEtape": "62.5",
        "volumeHoraireElpTotal": "62.5",
        "nbEtuInscritPrevisionnelElpEtape": "17",
        "nbEtuInscritPrevisionnelElpTotal": "17",
        "nbEtape": "2"
    },
    {
        "annee": "2024",
        "codeStructureEtape": "AES",
        "libStructureEtape": "Faculté des Sciences",
        "codeEtape": "TM2PHP1",
        "libEtape": "M2 Biologie Végétale / Santé des plantes",
        "noElement": "TBV542A",
        "libElement": "Méthodes de protection des plantes 2",
        "codeNatureElp": "MATI",
        "libNatureElp": "Matière",
        "codeCNU": "65",
        "libCNU": "Biologie cellulaire",
        "codePeriode": "4",
        "libPeriode": "Enseignement du quatrième semestre",
        "nbHeureCM": "24",
        "nbHeureTD": "3",
        "nbHeureTP": "3",
        "nbHeureCMTD": "0",
        "nbGroupeCM": "1",
        "nbGroupeTD": "1",
        "nbGroupeTP": "1",
        "nbGroupeCMTD": "0",
        "nbEtuInscritElpEtape": "6",
        "nbEtuInscritElpTotal": "6",
        "volumeHoraireElpPondereEtape": "42",
        "volumeHoraireElpTotal": "42",
        "nbEtuInscritPrevisionnelElpEtape": "17",
        "nbEtuInscritPrevisionnelElpTotal": "17",
        "nbEtape": "2"
    },
    {
        "annee": "2024",
        "codeStructureEtape": "AES",
        "libStructureEtape": "Faculté des Sciences",
        "codeEtape": "TM2PHP1",
        "libEtape": "M2 Biologie Végétale / Santé des plantes",
        "noElement": "TBV531",
        "libElement": "Modélisation",
        "codeNatureElp": "MATI",
        "libNatureElp": "Matière",
        "codeCNU": "26",
        "libCNU": "Mathématiques appliquées et applications des mathématiques",
        "codePeriode": "3",
        "libPeriode": "Enseignement du troisième semestre",
        "nbHeureCM": "6",
        "nbHeureTD": "0",
        "nbHeureTP": "10",
        "nbHeureCMTD": "0",
        "nbGroupeCM": "1",
        "nbGroupeTD": "1",
        "nbGroupeTP": "1",
        "nbGroupeCMTD": "0",
        "nbEtuInscritElpEtape": "12",
        "nbEtuInscritElpTotal": "17",
        "volumeHoraireElpPondereEtape": "13.41",
        "volumeHoraireElpTotal": "19",
        "nbEtuInscritPrevisionnelElpEtape": "30",
        "nbEtuInscritPrevisionnelElpTotal": "22",
        "nbEtape": "3"
    },
    {
        "annee": "2024",
        "codeStructureEtape": "AES",
        "libStructureEtape": "Faculté des Sciences",
        "codeEtape": "TM2PHP1",
        "libEtape": "M2 Biologie Végétale / Santé des plantes",
        "noElement": "TBV537",
        "libElement": "Méthodes de protection des plantes 1",
        "codeNatureElp": "MATI",
        "libNatureElp": "Matière",
        "codeCNU": "65",
        "libCNU": "Biologie cellulaire",
        "codePeriode": "3",
        "libPeriode": "Enseignement du troisième semestre",
        "nbHeureCM": "35",
        "nbHeureTD": "0",
        "nbHeureTP": "10",
        "nbHeureCMTD": "0",
        "nbGroupeCM": "1",
        "nbGroupeTD": "1",
        "nbGroupeTP": "1",
        "nbGroupeCMTD": "0",
        "nbEtuInscritElpEtape": "12",
        "nbEtuInscritElpTotal": "12",
        "volumeHoraireElpPondereEtape": "62.5",
        "volumeHoraireElpTotal": "62.5",
        "nbEtuInscritPrevisionnelElpEtape": "22",
        "nbEtuInscritPrevisionnelElpTotal": "22",
        "nbEtape": "2"
    },
    {
        "annee": "2024",
        "codeStructureEtape": "AES",
        "libStructureEtape": "Faculté des Sciences",
        "codeEtape": "TM2PHP1",
        "libEtape": "M2 Biologie Végétale / Santé des plantes",
        "noElement": "TBV543A",
        "libElement": "Sciences et société",
        "codeNatureElp": "MATI",
        "libNatureElp": "Matière",
        "codeCNU": "71",
        "libCNU": "Sciences de l'information et de la communication",
        "codePeriode": "4",
        "libPeriode": "Enseignement du quatrième semestre",
        "nbHeureCM": "10",
        "nbHeureTD": "10",
        "nbHeureTP": "0",
        "nbHeureCMTD": "0",
        "nbGroupeCM": "1",
        "nbGroupeTD": "1",
        "nbGroupeTP": "1",
        "nbGroupeCMTD": "0",
        "nbEtuInscritElpEtape": "6",
        "nbEtuInscritElpTotal": "6",
        "volumeHoraireElpPondereEtape": "25",
        "volumeHoraireElpTotal": "25",
        "nbEtuInscritPrevisionnelElpEtape": "17",
        "nbEtuInscritPrevisionnelElpTotal": "17",
        "nbEtape": "2"
    },
    {
        "annee": "2024",
        "codeStructureEtape": "AES",
        "libStructureEtape": "Faculté des Sciences",
        "codeEtape": "TM2PHP1",
        "libEtape": "M2 Biologie Végétale / Santé des plantes",
        "noElement": "TBV53C",
        "libElement": "3PE: Bilan de compétence / Gestion d'équipe",
        "codeNatureElp": "MATI",
        "libNatureElp": "Matière",
        "codeCNU": null,
        "libCNU": null,
        "codePeriode": "3",
        "libPeriode": "Enseignement du troisième semestre",
        "nbHeureCM": "0",
        "nbHeureTD": "10",
        "nbHeureTP": "15",
        "nbHeureCMTD": "0",
        "nbGroupeCM": "1",
        "nbGroupeTD": "1",
        "nbGroupeTP": "2",
        "nbGroupeCMTD": "0",
        "nbEtuInscritElpEtape": "12",
        "nbEtuInscritElpTotal": "29",
        "volumeHoraireElpPondereEtape": "16.55",
        "volumeHoraireElpTotal": "40",
        "nbEtuInscritPrevisionnelElpEtape": "0",
        "nbEtuInscritPrevisionnelElpTotal": "0",
        "nbEtape": "3"
    },
    {
        "annee": "2024",
        "codeStructureEtape": "AES",
        "libStructureEtape": "Faculté des Sciences",
        "codeEtape": "TM2PHP1",
        "libEtape": "M2 Biologie Végétale / Santé des plantes",
        "noElement": "TBV538",
        "libElement": "Méthodes génétiques de protection des plantes",
        "codeNatureElp": "MATI",
        "libNatureElp": "Matière",
        "codeCNU": "65",
        "libCNU": "Biologie cellulaire",
        "codePeriode": "3",
        "libPeriode": "Enseignement du troisième semestre",
        "nbHeureCM": "7",
        "nbHeureTD": "4",
        "nbHeureTP": "4",
        "nbHeureCMTD": "0",
        "nbGroupeCM": "1",
        "nbGroupeTD": "1",
        "nbGroupeTP": "1",
        "nbGroupeCMTD": "0",
        "nbEtuInscritElpEtape": "12",
        "nbEtuInscritElpTotal": "12",
        "volumeHoraireElpPondereEtape": "18.5",
        "volumeHoraireElpTotal": "18.5",
        "nbEtuInscritPrevisionnelElpEtape": "22",
        "nbEtuInscritPrevisionnelElpTotal": "22",
        "nbEtape": "2"
    },
    {
        "annee": "2024",
        "codeStructureEtape": "AES",
        "libStructureEtape": "Faculté des Sciences",
        "codeEtape": "TM2PHP1",
        "libEtape": "M2 Biologie Végétale / Santé des plantes",
        "noElement": "TBV536A",
        "libElement": "Écologie des communautés microbiennes associées aux plantes",
        "codeNatureElp": "MATI",
        "libNatureElp": "Matière",
        "codeCNU": "65",
        "libCNU": "Biologie cellulaire",
        "codePeriode": "3",
        "libPeriode": "Enseignement du troisième semestre",
        "nbHeureCM": "10",
        "nbHeureTD": "0",
        "nbHeureTP": "10",
        "nbHeureCMTD": "0",
        "nbGroupeCM": "1",
        "nbGroupeTD": "1",
        "nbGroupeTP": "1",
        "nbGroupeCMTD": "0",
        "nbEtuInscritElpEtape": "12",
        "nbEtuInscritElpTotal": "12",
        "volumeHoraireElpPondereEtape": "25",
        "volumeHoraireElpTotal": "25",
        "nbEtuInscritPrevisionnelElpEtape": "22",
        "nbEtuInscritPrevisionnelElpTotal": "22",
        "nbEtape": "2"
    },
    {
        "annee": "2024",
        "codeStructureEtape": "AES",
        "libStructureEtape": "Faculté des Sciences",
        "codeEtape": "TM2PHP1",
        "libEtape": "M2 Biologie Végétale / Santé des plantes",
        "noElement": "TBV539",
        "libElement": "Projet commandité",
        "codeNatureElp": "MATI",
        "libNatureElp": "Matière",
        "codeCNU": "05",
        "libCNU": "Sciences économiques",
        "codePeriode": "3",
        "libPeriode": "Enseignement du troisième semestre",
        "nbHeureCM": "7",
        "nbHeureTD": "3",
        "nbHeureTP": "0",
        "nbHeureCMTD": "0",
        "nbGroupeCM": "1",
        "nbGroupeTD": "1",
        "nbGroupeTP": "2",
        "nbGroupeCMTD": "0",
        "nbEtuInscritElpEtape": "12",
        "nbEtuInscritElpTotal": "29",
        "volumeHoraireElpPondereEtape": "5.59",
        "volumeHoraireElpTotal": "13.5",
        "nbEtuInscritPrevisionnelElpEtape": "40",
        "nbEtuInscritPrevisionnelElpTotal": "22",
        "nbEtape": "4"
    },
    {
        "annee": "2024",
        "codeStructureEtape": "AES",
        "libStructureEtape": "Faculté des Sciences",
        "codeEtape": "TM2PHP1",
        "libEtape": "M2 Biologie Végétale / Santé des plantes",
        "noElement": "TBV535A",
        "libElement": "Interactions hôtes-parasites",
        "codeNatureElp": "MATI",
        "libNatureElp": "Matière",
        "codeCNU": "65",
        "libCNU": "Biologie cellulaire",
        "codePeriode": "3",
        "libPeriode": "Enseignement du troisième semestre",
        "nbHeureCM": "20",
        "nbHeureTD": "0",
        "nbHeureTP": "10",
        "nbHeureCMTD": "0",
        "nbGroupeCM": "1",
        "nbGroupeTD": "1",
        "nbGroupeTP": "1",
        "nbGroupeCMTD": "0",
        "nbEtuInscritElpEtape": "12",
        "nbEtuInscritElpTotal": "12",
        "volumeHoraireElpPondereEtape": "40",
        "volumeHoraireElpTotal": "40",
        "nbEtuInscritPrevisionnelElpEtape": "22",
        "nbEtuInscritPrevisionnelElpTotal": "22",
        "nbEtape": "2"
    },
    {
        "annee": "2024",
        "codeStructureEtape": "AES",
        "libStructureEtape": "Faculté des Sciences",
        "codeEtape": "TM2PHP1",
        "libEtape": "M2 Biologie Végétale / Santé des plantes",
        "noElement": "TBV534A",
        "libElement": "Signalisation des plantes cultivées",
        "codeNatureElp": "MATI",
        "libNatureElp": "Matière",
        "codeCNU": "66",
        "libCNU": "Physiologie",
        "codePeriode": "3",
        "libPeriode": "Enseignement du troisième semestre",
        "nbHeureCM": "16",
        "nbHeureTD": "9",
        "nbHeureTP": "0",
        "nbHeureCMTD": "0",
        "nbGroupeCM": "1",
        "nbGroupeTD": "1",
        "nbGroupeTP": "1",
        "nbGroupeCMTD": "0",
        "nbEtuInscritElpEtape": "12",
        "nbEtuInscritElpTotal": "12",
        "volumeHoraireElpPondereEtape": "33",
        "volumeHoraireElpTotal": "33",
        "nbEtuInscritPrevisionnelElpEtape": "22",
        "nbEtuInscritPrevisionnelElpTotal": "22",
        "nbEtape": "2"
    },
    {
        "annee": "2024",
        "codeStructureEtape": "AES",
        "libStructureEtape": "Faculté des Sciences",
        "codeEtape": "TM2PHP1",
        "libEtape": "M2 Biologie Végétale / Santé des plantes",
        "noElement": "TBV544",
        "libElement": "Communication scientifique",
        "codeNatureElp": "MATI",
        "libNatureElp": "Matière",
        "codeCNU": "71",
        "libCNU": "Sciences de l'information et de la communication",
        "codePeriode": "4",
        "libPeriode": "Enseignement du quatrième semestre",
        "nbHeureCM": "0",
        "nbHeureTD": "5",
        "nbHeureTP": "0",
        "nbHeureCMTD": "0",
        "nbGroupeCM": "1",
        "nbGroupeTD": "1",
        "nbGroupeTP": "1",
        "nbGroupeCMTD": "0",
        "nbEtuInscritElpEtape": "6",
        "nbEtuInscritElpTotal": "7",
        "volumeHoraireElpPondereEtape": "4.29",
        "volumeHoraireElpTotal": "5",
        "nbEtuInscritPrevisionnelElpEtape": "8",
        "nbEtuInscritPrevisionnelElpTotal": "5",
        "nbEtape": "4"
    }
]