[
    {
        "annee": "2024",
        "codeStructureEtape": "AES",
        "libStructureEtape": "Faculté des Sciences",
        "codeEtape": "TM2IA1",
        "libEtape": "M2 Informatique / Intelligence Artificielle",
        "noElement": "TIN541C",
        "libElement": "Droit",
        "codeNatureElp": "MATI",
        "libNatureElp": "Matière",
        "codeCNU": "02",
        "libCNU": "Droit public",
        "codePeriode": "4",
        "libPeriode": "Enseignement du quatrième semestre",
        "nbHeureCM": "8",
        "nbHeureTD": "4",
        "nbHeureTP": "0",
        "nbHeureCMTD": "0",
        "nbGroupeCM": "1",
        "nbGroupeTD": "1",
        "nbGroupeTP": "2",
        "nbGroupeCMTD": "0",
        "nbEtuInscritElpEtape": "5",
        "nbEtuInscritElpTotal": "29",
        "volumeHoraireElpPondereEtape": "2.76",
        "volumeHoraireElpTotal": "16",
        "nbEtuInscritPrevisionnelElpEtape": "26",
        "nbEtuInscritPrevisionnelElpTotal": "7",
        "nbEtape": "2"
    },
    {
        "annee": "2024",
        "codeStructureEtape": "AES",
        "libStructureEtape": "Faculté des Sciences",
        "codeEtape": "TM2IA1",
        "libEtape": "M2 Informatique / Intelligence Artificielle",
        "noElement": "TIN532A",
        "libElement": "Apprentissage profond",
        "codeNatureElp": "MATI",
        "libNatureElp": "Matière",
        "codeCNU": "27",
        "libCNU": "Informatique",
        "codePeriode": "3",
        "libPeriode": "Enseignement du troisième semestre",
        "nbHeureCM": "14",
        "nbHeureTD": "14",
        "nbHeureTP": "0",
        "nbHeureCMTD": "0",
        "nbGroupeCM": "1",
        "nbGroupeTD": "1",
        "nbGroupeTP": "2",
        "nbGroupeCMTD": "0",
        "nbEtuInscritElpEtape": "7",
        "nbEtuInscritElpTotal": "32",
        "volumeHoraireElpPondereEtape": "7.66",
        "volumeHoraireElpTotal": "35",
        "nbEtuInscritPrevisionnelElpEtape": "26",
        "nbEtuInscritPrevisionnelElpTotal": "7",
        "nbEtape": "2"
    },
    {
        "annee": "2024",
        "codeStructureEtape": "AES",
        "libStructureEtape": "Faculté des Sciences",
        "codeEtape": "TM2IA1",
        "libEtape": "M2 Informatique / Intelligence Artificielle",
        "noElement": "TIN538",
        "libElement": "Approches exactes de résolution",
        "codeNatureElp": "MATI",
        "libNatureElp": "Matière",
        "codeCNU": "27",
        "libCNU": "Informatique",
        "codePeriode": "3",
        "libPeriode": "Enseignement du troisième semestre",
        "nbHeureCM": "15",
        "nbHeureTD": "15",
        "nbHeureTP": "0",
        "nbHeureCMTD": "0",
        "nbGroupeCM": "1",
        "nbGroupeTD": "1",
        "nbGroupeTP": "1",
        "nbGroupeCMTD": "0",
        "nbEtuInscritElpEtape": "7",
        "nbEtuInscritElpTotal": "7",
        "volumeHoraireElpPondereEtape": "37.5",
        "volumeHoraireElpTotal": "37.5",
        "nbEtuInscritPrevisionnelElpEtape": "8",
        "nbEtuInscritPrevisionnelElpTotal": "8",
        "nbEtape": "1"
    },
    {
        "annee": "2024",
        "codeStructureEtape": "AES",
        "libStructureEtape": "Faculté des Sciences",
        "codeEtape": "TM2IA1",
        "libEtape": "M2 Informatique / Intelligence Artificielle",
        "noElement": "TIN533",
        "libElement": "Optimisation appliquée",
        "codeNatureElp": "MATI",
        "libNatureElp": "Matière",
        "codeCNU": "27",
        "libCNU": "Informatique",
        "codePeriode": "3",
        "libPeriode": "Enseignement du troisième semestre",
        "nbHeureCM": "4",
        "nbHeureTD": "4",
        "nbHeureTP": "12",
        "nbHeureCMTD": "0",
        "nbGroupeCM": "1",
        "nbGroupeTD": "1",
        "nbGroupeTP": "2",
        "nbGroupeCMTD": "0",
        "nbEtuInscritElpEtape": "7",
        "nbEtuInscritElpTotal": "31",
        "volumeHoraireElpPondereEtape": "7.68",
        "volumeHoraireElpTotal": "34",
        "nbEtuInscritPrevisionnelElpEtape": "26",
        "nbEtuInscritPrevisionnelElpTotal": "7",
        "nbEtape": "2"
    },
    {
        "annee": "2024",
        "codeStructureEtape": "AES",
        "libStructureEtape": "Faculté des Sciences",
        "codeEtape": "TM2IA1",
        "libEtape": "M2 Informatique / Intelligence Artificielle",
        "noElement": "TIN543C",
        "libElement": "Stage d'étudiant",
        "codeNatureElp": "STAG",
        "libNatureElp": "Stage",
        "codeCNU": "27",
        "libCNU": "Informatique",
        "codePeriode": "4",
        "libPeriode": "Enseignement du quatrième semestre",
        "nbHeureCM": "0",
        "nbHeureTD": "4",
        "nbHeureTP": "0",
        "nbHeureCMTD": "0",
        "nbGroupeCM": "3",
        "nbGroupeTD": "3",
        "nbGroupeTP": "3",
        "nbGroupeCMTD": "0",
        "nbEtuInscritElpEtape": "3",
        "nbEtuInscritElpTotal": "3",
        "volumeHoraireElpPondereEtape": "12",
        "volumeHoraireElpTotal": "12",
        "nbEtuInscritPrevisionnelElpEtape": "7",
        "nbEtuInscritPrevisionnelElpTotal": "7",
        "nbEtape": "1"
    },
    {
        "annee": "2024",
        "codeStructureEtape": "AES",
        "libStructureEtape": "Faculté des Sciences",
        "codeEtape": "TM2IA1",
        "libEtape": "M2 Informatique / Intelligence Artificielle",
        "noElement": "TIN541D",
        "libElement": "Conférences professionnelles et scientifiques",
        "codeNatureElp": "MATI",
        "libNatureElp": "Matière",
        "codeCNU": "27",
        "libCNU": "Informatique",
        "codePeriode": "4",
        "libPeriode": "Enseignement du quatrième semestre",
        "nbHeureCM": "18",
        "nbHeureTD": "0",
        "nbHeureTP": "0",
        "nbHeureCMTD": "0",
        "nbGroupeCM": "1",
        "nbGroupeTD": "1",
        "nbGroupeTP": "2",
        "nbGroupeCMTD": "0",
        "nbEtuInscritElpEtape": "5",
        "nbEtuInscritElpTotal": "29",
        "volumeHoraireElpPondereEtape": "4.66",
        "volumeHoraireElpTotal": "27",
        "nbEtuInscritPrevisionnelElpEtape": "26",
        "nbEtuInscritPrevisionnelElpTotal": "7",
        "nbEtape": "2"
    },
    {
        "annee": "2024",
        "codeStructureEtape": "AES",
        "libStructureEtape": "Faculté des Sciences",
        "codeEtape": "TM2IA1",
        "libEtape": "M2 Informatique / Intelligence Artificielle",
        "noElement": "TIN532B",
        "libElement": "Base de données avancées",
        "codeNatureElp": "MATI",
        "libNatureElp": "Matière",
        "codeCNU": "27",
        "libCNU": "Informatique",
        "codePeriode": "3",
        "libPeriode": "Enseignement du troisième semestre",
        "nbHeureCM": "16",
        "nbHeureTD": "12",
        "nbHeureTP": "4",
        "nbHeureCMTD": "0",
        "nbGroupeCM": "1",
        "nbGroupeTD": "1",
        "nbGroupeTP": "2",
        "nbGroupeCMTD": "0",
        "nbEtuInscritElpEtape": "7",
        "nbEtuInscritElpTotal": "31",
        "volumeHoraireElpPondereEtape": "9.94",
        "volumeHoraireElpTotal": "44",
        "nbEtuInscritPrevisionnelElpEtape": "26",
        "nbEtuInscritPrevisionnelElpTotal": "7",
        "nbEtape": "2"
    },
    {
        "annee": "2024",
        "codeStructureEtape": "AES",
        "libStructureEtape": "Faculté des Sciences",
        "codeEtape": "TM2IA1",
        "libEtape": "M2 Informatique / Intelligence Artificielle",
        "noElement": "TIN534C",
        "libElement": "Repr des connaissances, docs, recommandation, raisonnement",
        "codeNatureElp": "MATI",
        "libNatureElp": "Matière",
        "codeCNU": "27",
        "libCNU": "Informatique",
        "codePeriode": "3",
        "libPeriode": "Enseignement du troisième semestre",
        "nbHeureCM": "15",
        "nbHeureTD": "15",
        "nbHeureTP": "0",
        "nbHeureCMTD": "0",
        "nbGroupeCM": "1",
        "nbGroupeTD": "1",
        "nbGroupeTP": "1",
        "nbGroupeCMTD": "0",
        "nbEtuInscritElpEtape": "6",
        "nbEtuInscritElpTotal": "6",
        "volumeHoraireElpPondereEtape": "37.5",
        "volumeHoraireElpTotal": "37.5",
        "nbEtuInscritPrevisionnelElpEtape": "8",
        "nbEtuInscritPrevisionnelElpTotal": "8",
        "nbEtape": "1"
    },
    {
        "annee": "2024",
        "codeStructureEtape": "AES",
        "libStructureEtape": "Faculté des Sciences",
        "codeEtape": "TM2IA1",
        "libEtape": "M2 Informatique / Intelligence Artificielle",
        "noElement": "TIN541B",
        "libElement": "Communication",
        "codeNatureElp": "MATI",
        "libNatureElp": "Matière",
        "codeCNU": "71",
        "libCNU": "Sciences de l'information et de la communication",
        "codePeriode": "4",
        "libPeriode": "Enseignement du quatrième semestre",
        "nbHeureCM": "8",
        "nbHeureTD": "0",
        "nbHeureTP": "8",
        "nbHeureCMTD": "0",
        "nbGroupeCM": "1",
        "nbGroupeTD": "1",
        "nbGroupeTP": "2",
        "nbGroupeCMTD": "0",
        "nbEtuInscritElpEtape": "5",
        "nbEtuInscritElpTotal": "29",
        "volumeHoraireElpPondereEtape": "4.83",
        "volumeHoraireElpTotal": "28",
        "nbEtuInscritPrevisionnelElpEtape": "26",
        "nbEtuInscritPrevisionnelElpTotal": "7",
        "nbEtape": "2"
    },
    {
        "annee": "2024",
        "codeStructureEtape": "AES",
        "libStructureEtape": "Faculté des Sciences",
        "codeEtape": "TM2IA1",
        "libEtape": "M2 Informatique / Intelligence Artificielle",
        "noElement": "TIN543D",
        "libElement": "Alternance",
        "codeNatureElp": "STAG",
        "libNatureElp": "Stage",
        "codeCNU": null,
        "libCNU": null,
        "codePeriode": "4",
        "libPeriode": "Enseignement du quatrième semestre",
        "nbHeureCM": "0",
        "nbHeureTD": "12",
        "nbHeureTP": "0",
        "nbHeureCMTD": "0",
        "nbGroupeCM": "3",
        "nbGroupeTD": "3",
        "nbGroupeTP": "3",
        "nbGroupeCMTD": "0",
        "nbEtuInscritElpEtape": "3",
        "nbEtuInscritElpTotal": "3",
        "volumeHoraireElpPondereEtape": "36",
        "volumeHoraireElpTotal": "36",
        "nbEtuInscritPrevisionnelElpEtape": "0",
        "nbEtuInscritPrevisionnelElpTotal": "0",
        "nbEtape": "1"
    },
    {
        "annee": "2024",
        "codeStructureEtape": "AES",
        "libStructureEtape": "Faculté des Sciences",
        "codeEtape": "TM2IA1",
        "libEtape": "M2 Informatique / Intelligence Artificielle",
        "noElement": "TIN535B",
        "libElement": "Systèmes à base de connaissances et interactions",
        "codeNatureElp": "MATI",
        "libNatureElp": "Matière",
        "codeCNU": "27",
        "libCNU": "Informatique",
        "codePeriode": "3",
        "libPeriode": "Enseignement du troisième semestre",
        "nbHeureCM": "15",
        "nbHeureTD": "15",
        "nbHeureTP": "0",
        "nbHeureCMTD": "0",
        "nbGroupeCM": "1",
        "nbGroupeTD": "1",
        "nbGroupeTP": "1",
        "nbGroupeCMTD": "0",
        "nbEtuInscritElpEtape": "6",
        "nbEtuInscritElpTotal": "6",
        "volumeHoraireElpPondereEtape": "37.5",
        "volumeHoraireElpTotal": "37.5",
        "nbEtuInscritPrevisionnelElpEtape": "7",
        "nbEtuInscritPrevisionnelElpTotal": "7",
        "nbEtape": "1"
    },
    {
        "annee": "2024",
        "codeStructureEtape": "AES",
        "libStructureEtape": "Faculté des Sciences",
        "codeEtape": "TM2IA1",
        "libEtape": "M2 Informatique / Intelligence Artificielle",
        "noElement": "TIN531A",
        "libElement": "Programmation parallèle et distribuée",
        "codeNatureElp": "MATI",
        "libNatureElp": "Matière",
        "codeCNU": "27",
        "libCNU": "Informatique",
        "codePeriode": "3",
        "libPeriode": "Enseignement du troisième semestre",
        "nbHeureCM": "8",
        "nbHeureTD": "6",
        "nbHeureTP": "6",
        "nbHeureCMTD": "0",
        "nbGroupeCM": "1",
        "nbGroupeTD": "1",
        "nbGroupeTP": "2",
        "nbGroupeCMTD": "0",
        "nbEtuInscritElpEtape": "6",
        "nbEtuInscritElpTotal": "30",
        "volumeHoraireElpPondereEtape": "6",
        "volumeHoraireElpTotal": "30",
        "nbEtuInscritPrevisionnelElpEtape": "27",
        "nbEtuInscritPrevisionnelElpTotal": "8",
        "nbEtape": "2"
    },
    {
        "annee": "2024",
        "codeStructureEtape": "AES",
        "libStructureEtape": "Faculté des Sciences",
        "codeEtape": "TM2IA1",
        "libEtape": "M2 Informatique / Intelligence Artificielle",
        "noElement": "TIN542",
        "libElement": "Projet",
        "codeNatureElp": "PRJ",
        "libNatureElp": "Projet",
        "codeCNU": "27",
        "libCNU": "Informatique",
        "codePeriode": "4",
        "libPeriode": "Enseignement du quatrième semestre",
        "nbHeureCM": "0",
        "nbHeureTD": "0",
        "nbHeureTP": "40",
        "nbHeureCMTD": "0",
        "nbGroupeCM": "1",
        "nbGroupeTD": "1",
        "nbGroupeTP": "2",
        "nbGroupeCMTD": "0",
        "nbEtuInscritElpEtape": "6",
        "nbEtuInscritElpTotal": "30",
        "volumeHoraireElpPondereEtape": "16",
        "volumeHoraireElpTotal": "80",
        "nbEtuInscritPrevisionnelElpEtape": "26",
        "nbEtuInscritPrevisionnelElpTotal": "7",
        "nbEtape": "2"
    },
    {
        "annee": "2024",
        "codeStructureEtape": "AES",
        "libStructureEtape": "Faculté des Sciences",
        "codeEtape": "TM2IA1",
        "libEtape": "M2 Informatique / Intelligence Artificielle",
        "noElement": "TIN536C",
        "libElement": "Métaheuristiques",
        "codeNatureElp": "MATI",
        "libNatureElp": "Matière",
        "codeCNU": "27",
        "libCNU": "Informatique",
        "codePeriode": "3",
        "libPeriode": "Enseignement du troisième semestre",
        "nbHeureCM": "15",
        "nbHeureTD": "15",
        "nbHeureTP": "0",
        "nbHeureCMTD": "0",
        "nbGroupeCM": "1",
        "nbGroupeTD": "1",
        "nbGroupeTP": "1",
        "nbGroupeCMTD": "0",
        "nbEtuInscritElpEtape": "6",
        "nbEtuInscritElpTotal": "6",
        "volumeHoraireElpPondereEtape": "37.5",
        "volumeHoraireElpTotal": "37.5",
        "nbEtuInscritPrevisionnelElpEtape": "7",
        "nbEtuInscritPrevisionnelElpTotal": "7",
        "nbEtape": "1"
    },
    {
        "annee": "2024",
        "codeStructureEtape": "AES",
        "libStructureEtape": "Faculté des Sciences",
        "codeEtape": "TM2IA1",
        "libEtape": "M2 Informatique / Intelligence Artificielle",
        "noElement": "TIN537B",
        "libElement": "Algorithmes intelligents pour l'aide à la décision",
        "codeNatureElp": "MATI",
        "libNatureElp": "Matière",
        "codeCNU": "27",
        "libCNU": "Informatique",
        "codePeriode": "3",
        "libPeriode": "Enseignement du troisième semestre",
        "nbHeureCM": "15",
        "nbHeureTD": "15",
        "nbHeureTP": "0",
        "nbHeureCMTD": "0",
        "nbGroupeCM": "1",
        "nbGroupeTD": "1",
        "nbGroupeTP": "1",
        "nbGroupeCMTD": "0",
        "nbEtuInscritElpEtape": "6",
        "nbEtuInscritElpTotal": "6",
        "volumeHoraireElpPondereEtape": "37.5",
        "volumeHoraireElpTotal": "37.5",
        "nbEtuInscritPrevisionnelElpEtape": "8",
        "nbEtuInscritPrevisionnelElpTotal": "8",
        "nbEtape": "1"
    },
    {
        "annee": "2024",
        "codeStructureEtape": "AES",
        "libStructureEtape": "Faculté des Sciences",
        "codeEtape": "TM2IA1",
        "libEtape": "M2 Informatique / Intelligence Artificielle",
        "noElement": "TIN541A",
        "libElement": "Anglais",
        "codeNatureElp": "MATI",
        "libNatureElp": "Matière",
        "codeCNU": "11",
        "libCNU": "Langues et littératures anglaises et anglo-saxonnes",
        "codePeriode": "4",
        "libPeriode": "Enseignement du quatrième semestre",
        "nbHeureCM": "0",
        "nbHeureTD": "0",
        "nbHeureTP": "20",
        "nbHeureCMTD": "0",
        "nbGroupeCM": "1",
        "nbGroupeTD": "1",
        "nbGroupeTP": "2",
        "nbGroupeCMTD": "0",
        "nbEtuInscritElpEtape": "5",
        "nbEtuInscritElpTotal": "29",
        "volumeHoraireElpPondereEtape": "6.9",
        "volumeHoraireElpTotal": "40",
        "nbEtuInscritPrevisionnelElpEtape": "26",
        "nbEtuInscritPrevisionnelElpTotal": "7",
        "nbEtape": "2"
    }
]