[
    {
        "annee": "2024",
        "codeStructureEtape": "AES",
        "libStructureEtape": "Faculté des Sciences",
        "codeEtape": "TL2MA13",
        "libEtape": "L2 Mathématiques",
        "noElement": "T2MD32A",
        "libElement": "Analyse 1",
        "codeNatureElp": "MATI",
        "libNatureElp": "Matière",
        "codeCNU": "25",
        "libCNU": "Mathématiques",
        "codePeriode": "3",
        "libPeriode": "Enseignement du troisième semestre",
        "nbHeureCM": "26",
        "nbHeureTD": "40",
        "nbHeureTP": "0",
        "nbHeureCMTD": "0",
        "nbGroupeCM": "1",
        "nbGroupeTD": "1",
        "nbGroupeTP": "0",
        "nbGroupeCMTD": "0",
        "nbEtuInscritElpEtape": "26",
        "nbEtuInscritElpTotal": "26",
        "volumeHoraireElpPondereEtape": "79",
        "volumeHoraireElpTotal": "79",
        "nbEtuInscritPrevisionnelElpEtape": "0",
        "nbEtuInscritPrevisionnelElpTotal": "0",
        "nbEtape": "1"
    },
    {
        "annee": "2024",
        "codeStructureEtape": "AES",
        "libStructureEtape": "Faculté des Sciences",
        "codeEtape": "TL2MA13",
        "libEtape": "L2 Mathématiques",
        "noElement": "T2MD41A",
        "libElement": "Algèbre linéaire 2",
        "codeNatureElp": "MATI",
        "libNatureElp": "Matière",
        "codeCNU": "25",
        "libCNU": "Mathématiques",
        "codePeriode": "4",
        "libPeriode": "Enseignement du quatrième semestre",
        "nbHeureCM": "24",
        "nbHeureTD": "40",
        "nbHeureTP": "0",
        "nbHeureCMTD": "0",
        "nbGroupeCM": "1",
        "nbGroupeTD": "1",
        "nbGroupeTP": "0",
        "nbGroupeCMTD": "0",
        "nbEtuInscritElpEtape": "26",
        "nbEtuInscritElpTotal": "26",
        "volumeHoraireElpPondereEtape": "76",
        "volumeHoraireElpTotal": "76",
        "nbEtuInscritPrevisionnelElpEtape": "0",
        "nbEtuInscritPrevisionnelElpTotal": "0",
        "nbEtape": "1"
    },
    {
        "annee": "2024",
        "codeStructureEtape": "AES",
        "libStructureEtape": "Faculté des Sciences",
        "codeEtape": "TL2MA13",
        "libEtape": "L2 Mathématiques",
        "noElement": "T2MD44A",
        "libElement": "Calcul scientifique et programmation",
        "codeNatureElp": "MATI",
        "libNatureElp": "Matière",
        "codeCNU": "27",
        "libCNU": "Informatique",
        "codePeriode": "4",
        "libPeriode": "Enseignement du quatrième semestre",
        "nbHeureCM": "0",
        "nbHeureTD": "0",
        "nbHeureTP": "58",
        "nbHeureCMTD": "0",
        "nbGroupeCM": "0",
        "nbGroupeTD": "0",
        "nbGroupeTP": "2",
        "nbGroupeCMTD": "0",
        "nbEtuInscritElpEtape": "24",
        "nbEtuInscritElpTotal": "24",
        "volumeHoraireElpPondereEtape": "116",
        "volumeHoraireElpTotal": "116",
        "nbEtuInscritPrevisionnelElpEtape": "0",
        "nbEtuInscritPrevisionnelElpTotal": "0",
        "nbEtape": "1"
    },
    {
        "annee": "2024",
        "codeStructureEtape": "AES",
        "libStructureEtape": "Faculté des Sciences",
        "codeEtape": "TL2MA13",
        "libEtape": "L2 Mathématiques",
        "noElement": "T2MD42A",
        "libElement": "Analyse 2",
        "codeNatureElp": "MATI",
        "libNatureElp": "Matière",
        "codeCNU": "25",
        "libCNU": "Mathématiques",
        "codePeriode": "4",
        "libPeriode": "Enseignement du quatrième semestre",
        "nbHeureCM": "24",
        "nbHeureTD": "40",
        "nbHeureTP": "0",
        "nbHeureCMTD": "0",
        "nbGroupeCM": "1",
        "nbGroupeTD": "1",
        "nbGroupeTP": "0",
        "nbGroupeCMTD": "0",
        "nbEtuInscritElpEtape": "27",
        "nbEtuInscritElpTotal": "27",
        "volumeHoraireElpPondereEtape": "76",
        "volumeHoraireElpTotal": "76",
        "nbEtuInscritPrevisionnelElpEtape": "0",
        "nbEtuInscritPrevisionnelElpTotal": "0",
        "nbEtape": "1"
    },
    {
        "annee": "2024",
        "codeStructureEtape": "AES",
        "libStructureEtape": "Faculté des Sciences",
        "codeEtape": "TL2MA13",
        "libEtape": "L2 Mathématiques",
        "noElement": "T2MD31A",
        "libElement": "Algèbre linéaire 1",
        "codeNatureElp": "MATI",
        "libNatureElp": "Matière",
        "codeCNU": "25",
        "libCNU": "Mathématiques",
        "codePeriode": "3",
        "libPeriode": "Enseignement du troisième semestre",
        "nbHeureCM": "20",
        "nbHeureTD": "30",
        "nbHeureTP": "0",
        "nbHeureCMTD": "0",
        "nbGroupeCM": "1",
        "nbGroupeTD": "1",
        "nbGroupeTP": "0",
        "nbGroupeCMTD": "0",
        "nbEtuInscritElpEtape": "24",
        "nbEtuInscritElpTotal": "24",
        "volumeHoraireElpPondereEtape": "60",
        "volumeHoraireElpTotal": "60",
        "nbEtuInscritPrevisionnelElpEtape": "0",
        "nbEtuInscritPrevisionnelElpTotal": "0",
        "nbEtape": "1"
    },
    {
        "annee": "2024",
        "codeStructureEtape": "AES",
        "libStructureEtape": "Faculté des Sciences",
        "codeEtape": "TL2MA13",
        "libEtape": "L2 Mathématiques",
        "noElement": "T2MD43A",
        "libElement": "Analyse approfondie",
        "codeNatureElp": "MATI",
        "libNatureElp": "Matière",
        "codeCNU": "25",
        "libCNU": "Mathématiques",
        "codePeriode": "4",
        "libPeriode": "Enseignement du quatrième semestre",
        "nbHeureCM": "22",
        "nbHeureTD": "33",
        "nbHeureTP": "0",
        "nbHeureCMTD": "0",
        "nbGroupeCM": "1",
        "nbGroupeTD": "1",
        "nbGroupeTP": "0",
        "nbGroupeCMTD": "0",
        "nbEtuInscritElpEtape": "27",
        "nbEtuInscritElpTotal": "27",
        "volumeHoraireElpPondereEtape": "66",
        "volumeHoraireElpTotal": "66",
        "nbEtuInscritPrevisionnelElpEtape": "0",
        "nbEtuInscritPrevisionnelElpTotal": "0",
        "nbEtape": "1"
    }
]