[
    {
        "annee": "2024",
        "codeStructureEtape": "AES",
        "libStructureEtape": "Faculté des Sciences",
        "codeEtape": "TL1MPS11",
        "libEtape": "L1 Sc, techno, santé / Portail MPC - Accès Santé",
        "noElement": "EO019P",
        "libElement": "Musculation",
        "codeNatureElp": "EO",
        "libNatureElp": "E2O",
        "codeCNU": null,
        "libCNU": null,
        "codePeriode": "SP",
        "libPeriode": "Semestre Pair",
        "nbHeureCM": "0",
        "nbHeureTD": "12",
        "nbHeureTP": "0",
        "nbHeureCMTD": "0",
        "nbGroupeCM": "0",
        "nbGroupeTD": "1",
        "nbGroupeTP": "0",
        "nbGroupeCMTD": "0",
        "nbEtuInscritElpEtape": "0",
        "nbEtuInscritElpTotal": "23",
        "volumeHoraireElpPondereEtape": "0",
        "volumeHoraireElpTotal": "12",
        "nbEtuInscritPrevisionnelElpEtape": "23",
        "nbEtuInscritPrevisionnelElpTotal": "0",
        "nbEtape": "169"
    },
    {
        "annee": "2024",
        "codeStructureEtape": "AES",
        "libStructureEtape": "Faculté des Sciences",
        "codeEtape": "TL1MPS11",
        "libEtape": "L1 Sc, techno, santé / Portail MPC - Accès Santé",
        "noElement": "EO024P",
        "libElement": "Tennis de table",
        "codeNatureElp": "EO",
        "libNatureElp": "E2O",
        "codeCNU": null,
        "libCNU": null,
        "codePeriode": "SP",
        "libPeriode": "Semestre Pair",
        "nbHeureCM": "0",
        "nbHeureTD": "12",
        "nbHeureTP": "0",
        "nbHeureCMTD": "0",
        "nbGroupeCM": "0",
        "nbGroupeTD": "1",
        "nbGroupeTP": "0",
        "nbGroupeCMTD": "0",
        "nbEtuInscritElpEtape": "0",
        "nbEtuInscritElpTotal": "2",
        "volumeHoraireElpPondereEtape": "0",
        "volumeHoraireElpTotal": "12",
        "nbEtuInscritPrevisionnelElpEtape": "8",
        "nbEtuInscritPrevisionnelElpTotal": "0",
        "nbEtape": "169"
    },
    {
        "annee": "2024",
        "codeStructureEtape": "AES",
        "libStructureEtape": "Faculté des Sciences",
        "codeEtape": "TL1MPS11",
        "libEtape": "L1 Sc, techno, santé / Portail MPC - Accès Santé",
        "noElement": "UE66",
        "libElement": "Physiologie et biophysique",
        "codeNatureElp": "MODU",
        "libNatureElp": "Module",
        "codeCNU": null,
        "libCNU": null,
        "codePeriode": "AN",
        "libPeriode": "Enseignement toute l'année",
        "nbHeureCM": "16",
        "nbHeureTD": "0",
        "nbHeureTP": "0",
        "nbHeureCMTD": "0",
        "nbGroupeCM": "0",
        "nbGroupeTD": "0",
        "nbGroupeTP": "0",
        "nbGroupeCMTD": "0",
        "nbEtuInscritElpEtape": "17",
        "nbEtuInscritElpTotal": "858",
        "volumeHoraireElpPondereEtape": ".48",
        "volumeHoraireElpTotal": "24",
        "nbEtuInscritPrevisionnelElpEtape": "811",
        "nbEtuInscritPrevisionnelElpTotal": "10",
        "nbEtape": "95"
    },
    {
        "annee": "2024",
        "codeStructureEtape": "AES",
        "libStructureEtape": "Faculté des Sciences",
        "codeEtape": "TL1MPS11",
        "libEtape": "L1 Sc, techno, santé / Portail MPC - Accès Santé",
        "noElement": "EO005P",
        "libElement": "Basket",
        "codeNatureElp": "EO",
        "libNatureElp": "E2O",
        "codeCNU": null,
        "libCNU": null,
        "codePeriode": "SP",
        "libPeriode": "Semestre Pair",
        "nbHeureCM": "0",
        "nbHeureTD": "12",
        "nbHeureTP": "0",
        "nbHeureCMTD": "0",
        "nbGroupeCM": "0",
        "nbGroupeTD": "1",
        "nbGroupeTP": "0",
        "nbGroupeCMTD": "0",
        "nbEtuInscritElpEtape": "0",
        "nbEtuInscritElpTotal": "12",
        "volumeHoraireElpPondereEtape": "0",
        "volumeHoraireElpTotal": "12",
        "nbEtuInscritPrevisionnelElpEtape": "18",
        "nbEtuInscritPrevisionnelElpTotal": "0",
        "nbEtape": "168"
    },
    {
        "annee": "2024",
        "codeStructureEtape": "AES",
        "libStructureEtape": "Faculté des Sciences",
        "codeEtape": "TL1MPS11",
        "libEtape": "L1 Sc, techno, santé / Portail MPC - Accès Santé",
        "noElement": "EO001P",
        "libElement": "Aïkido",
        "codeNatureElp": "EO",
        "libNatureElp": "E2O",
        "codeCNU": null,
        "libCNU": null,
        "codePeriode": "SP",
        "libPeriode": "Semestre Pair",
        "nbHeureCM": "0",
        "nbHeureTD": "12",
        "nbHeureTP": "0",
        "nbHeureCMTD": "0",
        "nbGroupeCM": "0",
        "nbGroupeTD": "1",
        "nbGroupeTP": "0",
        "nbGroupeCMTD": "0",
        "nbEtuInscritElpEtape": "0",
        "nbEtuInscritElpTotal": "0",
        "volumeHoraireElpPondereEtape": "0",
        "volumeHoraireElpTotal": "12",
        "nbEtuInscritPrevisionnelElpEtape": "3",
        "nbEtuInscritPrevisionnelElpTotal": "0",
        "nbEtape": "169"
    },
    {
        "annee": "2024",
        "codeStructureEtape": "AES",
        "libStructureEtape": "Faculté des Sciences",
        "codeEtape": "TL1MPS11",
        "libEtape": "L1 Sc, techno, santé / Portail MPC - Accès Santé",
        "noElement": "EO030P",
        "libElement": "Gymnastique",
        "codeNatureElp": "EO",
        "libNatureElp": "E2O",
        "codeCNU": null,
        "libCNU": null,
        "codePeriode": "SP",
        "libPeriode": "Semestre Pair",
        "nbHeureCM": "0",
        "nbHeureTD": "12",
        "nbHeureTP": "0",
        "nbHeureCMTD": "0",
        "nbGroupeCM": "0",
        "nbGroupeTD": "1",
        "nbGroupeTP": "0",
        "nbGroupeCMTD": "0",
        "nbEtuInscritElpEtape": "0",
        "nbEtuInscritElpTotal": "4",
        "volumeHoraireElpPondereEtape": "0",
        "volumeHoraireElpTotal": "12",
        "nbEtuInscritPrevisionnelElpEtape": "6",
        "nbEtuInscritPrevisionnelElpTotal": "0",
        "nbEtape": "168"
    },
    {
        "annee": "2024",
        "codeStructureEtape": "AES",
        "libStructureEtape": "Faculté des Sciences",
        "codeEtape": "TL1MPS11",
        "libEtape": "L1 Sc, techno, santé / Portail MPC - Accès Santé",
        "noElement": "EO111P",
        "libElement": "Création d'entreprise : aspects commercial et financier",
        "codeNatureElp": "EO",
        "libNatureElp": "E2O",
        "codeCNU": null,
        "libCNU": null,
        "codePeriode": "SP",
        "libPeriode": "Semestre Pair",
        "nbHeureCM": "0",
        "nbHeureTD": "16",
        "nbHeureTP": "0",
        "nbHeureCMTD": "0",
        "nbGroupeCM": "0",
        "nbGroupeTD": "1",
        "nbGroupeTP": "0",
        "nbGroupeCMTD": "0",
        "nbEtuInscritElpEtape": "0",
        "nbEtuInscritElpTotal": "24",
        "volumeHoraireElpPondereEtape": "0",
        "volumeHoraireElpTotal": "16",
        "nbEtuInscritPrevisionnelElpEtape": "19",
        "nbEtuInscritPrevisionnelElpTotal": "0",
        "nbEtape": "163"
    },
    {
        "annee": "2024",
        "codeStructureEtape": "AES",
        "libStructureEtape": "Faculté des Sciences",
        "codeEtape": "TL1MPS11",
        "libEtape": "L1 Sc, techno, santé / Portail MPC - Accès Santé",
        "noElement": "TMX1222U",
        "libElement": "Atomistique - P2",
        "codeNatureElp": "CHAR",
        "libNatureElp": "Charges d'Enseignement",
        "codeCNU": "32",
        "libCNU": "Chimie organique, minérale, industrielle",
        "codePeriode": "02",
        "libPeriode": "Période 2",
        "nbHeureCM": "0",
        "nbHeureTD": "0",
        "nbHeureTP": "0",
        "nbHeureCMTD": "20",
        "nbGroupeCM": "1",
        "nbGroupeTD": "4",
        "nbGroupeTP": "7",
        "nbGroupeCMTD": "4",
        "nbEtuInscritElpEtape": "17",
        "nbEtuInscritElpTotal": "124",
        "volumeHoraireElpPondereEtape": "13.71",
        "volumeHoraireElpTotal": "100",
        "nbEtuInscritPrevisionnelElpEtape": "116",
        "nbEtuInscritPrevisionnelElpTotal": "10",
        "nbEtape": "2"
    },
    {
        "annee": "2024",
        "codeStructureEtape": "AES",
        "libStructureEtape": "Faculté des Sciences",
        "codeEtape": "TL1MPS11",
        "libEtape": "L1 Sc, techno, santé / Portail MPC - Accès Santé",
        "noElement": "EO017P",
        "libElement": "Judo",
        "codeNatureElp": "EO",
        "libNatureElp": "E2O",
        "codeCNU": null,
        "libCNU": null,
        "codePeriode": "SP",
        "libPeriode": "Semestre Pair",
        "nbHeureCM": "0",
        "nbHeureTD": "12",
        "nbHeureTP": "0",
        "nbHeureCMTD": "0",
        "nbGroupeCM": "0",
        "nbGroupeTD": "1",
        "nbGroupeTP": "0",
        "nbGroupeCMTD": "0",
        "nbEtuInscritElpEtape": "0",
        "nbEtuInscritElpTotal": "6",
        "volumeHoraireElpPondereEtape": "0",
        "volumeHoraireElpTotal": "12",
        "nbEtuInscritPrevisionnelElpEtape": "6",
        "nbEtuInscritPrevisionnelElpTotal": "0",
        "nbEtape": "169"
    },
    {
        "annee": "2024",
        "codeStructureEtape": "AES",
        "libStructureEtape": "Faculté des Sciences",
        "codeEtape": "TL1MPS11",
        "libEtape": "L1 Sc, techno, santé / Portail MPC - Accès Santé",
        "noElement": "TMX1503U",
        "libElement": "Electrostatique 2 - P5",
        "codeNatureElp": "CHAR",
        "libNatureElp": "Charges d'Enseignement",
        "codeCNU": "30",
        "libCNU": "Milieux dilués et optique",
        "codePeriode": "5",
        "libPeriode": "Enseignement du cinquième semestre",
        "nbHeureCM": "1.33",
        "nbHeureTD": "9.33",
        "nbHeureTP": "0",
        "nbHeureCMTD": "0",
        "nbGroupeCM": "1",
        "nbGroupeTD": "2",
        "nbGroupeTP": "0",
        "nbGroupeCMTD": "0",
        "nbEtuInscritElpEtape": "8",
        "nbEtuInscritElpTotal": "78",
        "volumeHoraireElpPondereEtape": "2.12",
        "volumeHoraireElpTotal": "20.66",
        "nbEtuInscritPrevisionnelElpEtape": "73",
        "nbEtuInscritPrevisionnelElpTotal": "5",
        "nbEtape": "2"
    },
    {
        "annee": "2024",
        "codeStructureEtape": "AES",
        "libStructureEtape": "Faculté des Sciences",
        "codeEtape": "TL1MPS11",
        "libEtape": "L1 Sc, techno, santé / Portail MPC - Accès Santé",
        "noElement": "TMX1120U",
        "libElement": "Analyse élémentaire - P1",
        "codeNatureElp": "CHAR",
        "libNatureElp": "Charges d'Enseignement",
        "codeCNU": "25",
        "libCNU": "Mathématiques",
        "codePeriode": "01",
        "libPeriode": "Période 1",
        "nbHeureCM": "0",
        "nbHeureTD": "0",
        "nbHeureTP": "0",
        "nbHeureCMTD": "24",
        "nbGroupeCM": "2",
        "nbGroupeTD": "9",
        "nbGroupeTP": "18",
        "nbGroupeCMTD": "9",
        "nbEtuInscritElpEtape": "17",
        "nbEtuInscritElpTotal": "343",
        "volumeHoraireElpPondereEtape": "13.38",
        "volumeHoraireElpTotal": "270",
        "nbEtuInscritPrevisionnelElpEtape": "353",
        "nbEtuInscritPrevisionnelElpTotal": "10",
        "nbEtape": "6"
    },
    {
        "annee": "2024",
        "codeStructureEtape": "AES",
        "libStructureEtape": "Faculté des Sciences",
        "codeEtape": "TL1MPS11",
        "libEtape": "L1 Sc, techno, santé / Portail MPC - Accès Santé",
        "noElement": "TMX1509U",
        "libElement": "Analyse et dosages - P5",
        "codeNatureElp": "CHAR",
        "libNatureElp": "Charges d'Enseignement",
        "codeCNU": "32",
        "libCNU": "Chimie organique, minérale, industrielle",
        "codePeriode": "05",
        "libPeriode": "Période 5",
        "nbHeureCM": "4",
        "nbHeureTD": "6.67",
        "nbHeureTP": "12",
        "nbHeureCMTD": "0",
        "nbGroupeCM": "1",
        "nbGroupeTD": "2",
        "nbGroupeTP": "4",
        "nbGroupeCMTD": "2",
        "nbEtuInscritElpEtape": "8",
        "nbEtuInscritElpTotal": "79",
        "volumeHoraireElpPondereEtape": "6.82",
        "volumeHoraireElpTotal": "67.34",
        "nbEtuInscritPrevisionnelElpEtape": "77",
        "nbEtuInscritPrevisionnelElpTotal": "5",
        "nbEtape": "2"
    },
    {
        "annee": "2024",
        "codeStructureEtape": "AES",
        "libStructureEtape": "Faculté des Sciences",
        "codeEtape": "TL1MPS11",
        "libEtape": "L1 Sc, techno, santé / Portail MPC - Accès Santé",
        "noElement": "EO113P",
        "libElement": "Journalisme : interviews et portraits d'entreprises",
        "codeNatureElp": "EO",
        "libNatureElp": "E2O",
        "codeCNU": null,
        "libCNU": null,
        "codePeriode": "SP",
        "libPeriode": "Semestre Pair",
        "nbHeureCM": "0",
        "nbHeureTD": "16",
        "nbHeureTP": "0",
        "nbHeureCMTD": "0",
        "nbGroupeCM": "0",
        "nbGroupeTD": "0",
        "nbGroupeTP": "0",
        "nbGroupeCMTD": "0",
        "nbEtuInscritElpEtape": "0",
        "nbEtuInscritElpTotal": "0",
        "volumeHoraireElpPondereEtape": "0",
        "volumeHoraireElpTotal": "16",
        "nbEtuInscritPrevisionnelElpEtape": "0",
        "nbEtuInscritPrevisionnelElpTotal": "0",
        "nbEtape": "88"
    },
    {
        "annee": "2024",
        "codeStructureEtape": "AES",
        "libStructureEtape": "Faculté des Sciences",
        "codeEtape": "TL1MPS11",
        "libEtape": "L1 Sc, techno, santé / Portail MPC - Accès Santé",
        "noElement": "UE64",
        "libElement": "Biochimie, génétique et bio-informatique",
        "codeNatureElp": "MODU",
        "libNatureElp": "Module",
        "codeCNU": null,
        "libCNU": null,
        "codePeriode": "AN",
        "libPeriode": "Enseignement toute l'année",
        "nbHeureCM": "16",
        "nbHeureTD": "0",
        "nbHeureTP": "0",
        "nbHeureCMTD": "0",
        "nbGroupeCM": "0",
        "nbGroupeTD": "0",
        "nbGroupeTP": "0",
        "nbGroupeCMTD": "0",
        "nbEtuInscritElpEtape": "17",
        "nbEtuInscritElpTotal": "858",
        "volumeHoraireElpPondereEtape": ".48",
        "volumeHoraireElpTotal": "24",
        "nbEtuInscritPrevisionnelElpEtape": "811",
        "nbEtuInscritPrevisionnelElpTotal": "10",
        "nbEtape": "95"
    },
    {
        "annee": "2024",
        "codeStructureEtape": "AES",
        "libStructureEtape": "Faculté des Sciences",
        "codeEtape": "TL1MPS11",
        "libEtape": "L1 Sc, techno, santé / Portail MPC - Accès Santé",
        "noElement": "EO109P",
        "libElement": "Consolider son projet d'avenir",
        "codeNatureElp": "EO",
        "libNatureElp": "E2O",
        "codeCNU": null,
        "libCNU": null,
        "codePeriode": "SP",
        "libPeriode": "Semestre Pair",
        "nbHeureCM": "0",
        "nbHeureTD": "16",
        "nbHeureTP": "0",
        "nbHeureCMTD": "0",
        "nbGroupeCM": "0",
        "nbGroupeTD": "0",
        "nbGroupeTP": "0",
        "nbGroupeCMTD": "0",
        "nbEtuInscritElpEtape": "0",
        "nbEtuInscritElpTotal": "0",
        "volumeHoraireElpPondereEtape": "0",
        "volumeHoraireElpTotal": "16",
        "nbEtuInscritPrevisionnelElpEtape": "0",
        "nbEtuInscritPrevisionnelElpTotal": "0",
        "nbEtape": "164"
    },
    {
        "annee": "2024",
        "codeStructureEtape": "AES",
        "libStructureEtape": "Faculté des Sciences",
        "codeEtape": "TL1MPS11",
        "libEtape": "L1 Sc, techno, santé / Portail MPC - Accès Santé",
        "noElement": "TMX1403U",
        "libElement": "Arithmétique des polynômes - P4",
        "codeNatureElp": "CHAR",
        "libNatureElp": "Charges d'Enseignement",
        "codeCNU": "25",
        "libCNU": "Mathématiques",
        "codePeriode": "4",
        "libPeriode": "Enseignement du quatrième semestre",
        "nbHeureCM": "10.67",
        "nbHeureTD": "26.67",
        "nbHeureTP": "0",
        "nbHeureCMTD": "0",
        "nbGroupeCM": "1",
        "nbGroupeTD": "4",
        "nbGroupeTP": "0",
        "nbGroupeCMTD": "0",
        "nbEtuInscritElpEtape": "8",
        "nbEtuInscritElpTotal": "133",
        "volumeHoraireElpPondereEtape": "7.38",
        "volumeHoraireElpTotal": "122.69",
        "nbEtuInscritPrevisionnelElpEtape": "126",
        "nbEtuInscritPrevisionnelElpTotal": "5",
        "nbEtape": "5"
    },
    {
        "annee": "2024",
        "codeStructureEtape": "AES",
        "libStructureEtape": "Faculté des Sciences",
        "codeEtape": "TL1MPS11",
        "libEtape": "L1 Sc, techno, santé / Portail MPC - Accès Santé",
        "noElement": "TMX1301U",
        "libElement": "Fondements d'analyse - P3",
        "codeNatureElp": "CHAR",
        "libNatureElp": "Charges d'Enseignement",
        "codeCNU": "25",
        "libCNU": "Mathématiques",
        "codePeriode": "3",
        "libPeriode": "Enseignement du troisième semestre",
        "nbHeureCM": "0",
        "nbHeureTD": "0",
        "nbHeureTP": "0",
        "nbHeureCMTD": "28",
        "nbGroupeCM": "0",
        "nbGroupeTD": "0",
        "nbGroupeTP": "0",
        "nbGroupeCMTD": "5",
        "nbEtuInscritElpEtape": "8",
        "nbEtuInscritElpTotal": "164",
        "volumeHoraireElpPondereEtape": "8.54",
        "volumeHoraireElpTotal": "175",
        "nbEtuInscritPrevisionnelElpEtape": "160",
        "nbEtuInscritPrevisionnelElpTotal": "5",
        "nbEtape": "6"
    },
    {
        "annee": "2024",
        "codeStructureEtape": "AES",
        "libStructureEtape": "Faculté des Sciences",
        "codeEtape": "TL1MPS11",
        "libEtape": "L1 Sc, techno, santé / Portail MPC - Accès Santé",
        "noElement": "TMX1259U",
        "libElement": "Expression écrite et orale - P2",
        "codeNatureElp": "CHAR",
        "libNatureElp": "Charges d'Enseignement",
        "codeCNU": "09",
        "libCNU": "Langue et littérature françaises",
        "codePeriode": "2",
        "libPeriode": "Enseignement du second semestre",
        "nbHeureCM": "0",
        "nbHeureTD": "0",
        "nbHeureTP": "2.67",
        "nbHeureCMTD": "2.67",
        "nbGroupeCM": "0",
        "nbGroupeTD": "0",
        "nbGroupeTP": "13",
        "nbGroupeCMTD": "7",
        "nbEtuInscritElpEtape": "17",
        "nbEtuInscritElpTotal": "259",
        "volumeHoraireElpPondereEtape": "3.81",
        "volumeHoraireElpTotal": "58.07",
        "nbEtuInscritPrevisionnelElpEtape": "249",
        "nbEtuInscritPrevisionnelElpTotal": "10",
        "nbEtape": "3"
    },
    {
        "annee": "2024",
        "codeStructureEtape": "AES",
        "libStructureEtape": "Faculté des Sciences",
        "codeEtape": "TL1MPS11",
        "libEtape": "L1 Sc, techno, santé / Portail MPC - Accès Santé",
        "noElement": "TMX1409U",
        "libElement": "Instruments d'optique - P4",
        "codeNatureElp": "CHAR",
        "libNatureElp": "Charges d'Enseignement",
        "codeCNU": "30",
        "libCNU": "Milieux dilués et optique",
        "codePeriode": "4",
        "libPeriode": "Enseignement du quatrième semestre",
        "nbHeureCM": "6.67",
        "nbHeureTD": "13.33",
        "nbHeureTP": "0",
        "nbHeureCMTD": "0",
        "nbGroupeCM": "1",
        "nbGroupeTD": "2",
        "nbGroupeTP": "0",
        "nbGroupeCMTD": "0",
        "nbEtuInscritElpEtape": "8",
        "nbEtuInscritElpTotal": "76",
        "volumeHoraireElpPondereEtape": "3.86",
        "volumeHoraireElpTotal": "36.67",
        "nbEtuInscritPrevisionnelElpEtape": "74",
        "nbEtuInscritPrevisionnelElpTotal": "5",
        "nbEtape": "2"
    },
    {
        "annee": "2024",
        "codeStructureEtape": "AES",
        "libStructureEtape": "Faculté des Sciences",
        "codeEtape": "TL1MPS11",
        "libEtape": "L1 Sc, techno, santé / Portail MPC - Accès Santé",
        "noElement": "EO090P",
        "libElement": "Buddy system",
        "codeNatureElp": "EO",
        "libNatureElp": "E2O",
        "codeCNU": null,
        "libCNU": null,
        "codePeriode": "SP",
        "libPeriode": "Semestre Pair",
        "nbHeureCM": "0",
        "nbHeureTD": "16",
        "nbHeureTP": "0",
        "nbHeureCMTD": "0",
        "nbGroupeCM": "0",
        "nbGroupeTD": "1",
        "nbGroupeTP": "0",
        "nbGroupeCMTD": "0",
        "nbEtuInscritElpEtape": "0",
        "nbEtuInscritElpTotal": "1",
        "volumeHoraireElpPondereEtape": "0",
        "volumeHoraireElpTotal": "16",
        "nbEtuInscritPrevisionnelElpEtape": "13",
        "nbEtuInscritPrevisionnelElpTotal": "0",
        "nbEtape": "163"
    },
    {
        "annee": "2024",
        "codeStructureEtape": "AES",
        "libStructureEtape": "Faculté des Sciences",
        "codeEtape": "TL1MPS11",
        "libEtape": "L1 Sc, techno, santé / Portail MPC - Accès Santé",
        "noElement": "EO114P",
        "libElement": "Du CV à l'entretien, maximiser vos chances d'être retenu",
        "codeNatureElp": "EO",
        "libNatureElp": "E2O",
        "codeCNU": null,
        "libCNU": null,
        "codePeriode": "SP",
        "libPeriode": "Semestre Pair",
        "nbHeureCM": "0",
        "nbHeureTD": "16",
        "nbHeureTP": "0",
        "nbHeureCMTD": "0",
        "nbGroupeCM": "0",
        "nbGroupeTD": "1",
        "nbGroupeTP": "0",
        "nbGroupeCMTD": "0",
        "nbEtuInscritElpEtape": "0",
        "nbEtuInscritElpTotal": "21",
        "volumeHoraireElpPondereEtape": "0",
        "volumeHoraireElpTotal": "16",
        "nbEtuInscritPrevisionnelElpEtape": "0",
        "nbEtuInscritPrevisionnelElpTotal": "0",
        "nbEtape": "164"
    },
    {
        "annee": "2024",
        "codeStructureEtape": "AES",
        "libStructureEtape": "Faculté des Sciences",
        "codeEtape": "TL1MPS11",
        "libEtape": "L1 Sc, techno, santé / Portail MPC - Accès Santé",
        "noElement": "EO072P",
        "libElement": "Initiation à la langue des signes",
        "codeNatureElp": "EO",
        "libNatureElp": "E2O",
        "codeCNU": null,
        "libCNU": null,
        "codePeriode": "SP",
        "libPeriode": "Semestre Pair",
        "nbHeureCM": "0",
        "nbHeureTD": "16",
        "nbHeureTP": "0",
        "nbHeureCMTD": "0",
        "nbGroupeCM": "0",
        "nbGroupeTD": "0",
        "nbGroupeTP": "0",
        "nbGroupeCMTD": "0",
        "nbEtuInscritElpEtape": "0",
        "nbEtuInscritElpTotal": "0",
        "volumeHoraireElpPondereEtape": "0",
        "volumeHoraireElpTotal": "16",
        "nbEtuInscritPrevisionnelElpEtape": "0",
        "nbEtuInscritPrevisionnelElpTotal": "0",
        "nbEtape": "163"
    },
    {
        "annee": "2024",
        "codeStructureEtape": "AES",
        "libStructureEtape": "Faculté des Sciences",
        "codeEtape": "TL1MPS11",
        "libEtape": "L1 Sc, techno, santé / Portail MPC - Accès Santé",
        "noElement": "EO135P",
        "libElement": "Valorisation de l'engagement étudiant",
        "codeNatureElp": "EO",
        "libNatureElp": "E2O",
        "codeCNU": null,
        "libCNU": null,
        "codePeriode": "SP",
        "libPeriode": "Semestre Pair",
        "nbHeureCM": "0",
        "nbHeureTD": "16",
        "nbHeureTP": "0",
        "nbHeureCMTD": "0",
        "nbGroupeCM": "0",
        "nbGroupeTD": "1",
        "nbGroupeTP": "0",
        "nbGroupeCMTD": "0",
        "nbEtuInscritElpEtape": "0",
        "nbEtuInscritElpTotal": "18",
        "volumeHoraireElpPondereEtape": "0",
        "volumeHoraireElpTotal": "16",
        "nbEtuInscritPrevisionnelElpEtape": "0",
        "nbEtuInscritPrevisionnelElpTotal": "0",
        "nbEtape": "163"
    },
    {
        "annee": "2024",
        "codeStructureEtape": "AES",
        "libStructureEtape": "Faculté des Sciences",
        "codeEtape": "TL1MPS11",
        "libEtape": "L1 Sc, techno, santé / Portail MPC - Accès Santé",
        "noElement": "TMX1453U",
        "libElement": "Anglais - P4",
        "codeNatureElp": "CHAR",
        "libNatureElp": "Charges d'Enseignement",
        "codeCNU": "11",
        "libCNU": "Langues et littératures anglaises et anglo-saxonnes",
        "codePeriode": "04",
        "libPeriode": "Période 4",
        "nbHeureCM": "0",
        "nbHeureTD": "1.33",
        "nbHeureTP": "6.67",
        "nbHeureCMTD": "0",
        "nbGroupeCM": "2",
        "nbGroupeTD": "7",
        "nbGroupeTP": "14",
        "nbGroupeCMTD": "7",
        "nbEtuInscritElpEtape": "16",
        "nbEtuInscritElpTotal": "276",
        "volumeHoraireElpPondereEtape": "5.95",
        "volumeHoraireElpTotal": "102.69",
        "nbEtuInscritPrevisionnelElpEtape": "277",
        "nbEtuInscritPrevisionnelElpTotal": "10",
        "nbEtape": "4"
    },
    {
        "annee": "2024",
        "codeStructureEtape": "AES",
        "libStructureEtape": "Faculté des Sciences",
        "codeEtape": "TL1MPS11",
        "libEtape": "L1 Sc, techno, santé / Portail MPC - Accès Santé",
        "noElement": "TMX1309V",
        "libElement": "Equilibres acido-basiques - P3",
        "codeNatureElp": "CHAR",
        "libNatureElp": "Charges d'Enseignement",
        "codeCNU": "32",
        "libCNU": "Chimie organique, minérale, industrielle",
        "codePeriode": "03",
        "libPeriode": "Période 3",
        "nbHeureCM": "0",
        "nbHeureTD": "0",
        "nbHeureTP": "0",
        "nbHeureCMTD": "20",
        "nbGroupeCM": "0",
        "nbGroupeTD": "0",
        "nbGroupeTP": "0",
        "nbGroupeCMTD": "2",
        "nbEtuInscritElpEtape": "8",
        "nbEtuInscritElpTotal": "79",
        "volumeHoraireElpPondereEtape": "5.06",
        "volumeHoraireElpTotal": "50",
        "nbEtuInscritPrevisionnelElpEtape": "77",
        "nbEtuInscritPrevisionnelElpTotal": "5",
        "nbEtape": "2"
    },
    {
        "annee": "2024",
        "codeStructureEtape": "AES",
        "libStructureEtape": "Faculté des Sciences",
        "codeEtape": "TL1MPS11",
        "libEtape": "L1 Sc, techno, santé / Portail MPC - Accès Santé",
        "noElement": "TMX1159U",
        "libElement": "Expression écrite et orale - P1",
        "codeNatureElp": "CHAR",
        "libNatureElp": "Charges d'Enseignement",
        "codeCNU": "09",
        "libCNU": "Langue et littérature françaises",
        "codePeriode": "1",
        "libPeriode": "Enseignement du premier semestre",
        "nbHeureCM": "0",
        "nbHeureTD": "0",
        "nbHeureTP": "0",
        "nbHeureCMTD": "6.67",
        "nbGroupeCM": "0",
        "nbGroupeTD": "0",
        "nbGroupeTP": "0",
        "nbGroupeCMTD": "7",
        "nbEtuInscritElpEtape": "17",
        "nbEtuInscritElpTotal": "259",
        "volumeHoraireElpPondereEtape": "3.83",
        "volumeHoraireElpTotal": "58.36",
        "nbEtuInscritPrevisionnelElpEtape": "249",
        "nbEtuInscritPrevisionnelElpTotal": "10",
        "nbEtape": "3"
    },
    {
        "annee": "2024",
        "codeStructureEtape": "AES",
        "libStructureEtape": "Faculté des Sciences",
        "codeEtape": "TL1MPS11",
        "libEtape": "L1 Sc, techno, santé / Portail MPC - Accès Santé",
        "noElement": "TMX1413U",
        "libElement": "Fondements d'analyse - P4",
        "codeNatureElp": "CHAR",
        "libNatureElp": "Charges d'Enseignement",
        "codeCNU": "25",
        "libCNU": "Mathématiques",
        "codePeriode": "4",
        "libPeriode": "Enseignement du quatrième semestre",
        "nbHeureCM": "0",
        "nbHeureTD": "0",
        "nbHeureTP": "0",
        "nbHeureCMTD": "29.33",
        "nbGroupeCM": "0",
        "nbGroupeTD": "0",
        "nbGroupeTP": "0",
        "nbGroupeCMTD": "5",
        "nbEtuInscritElpEtape": "8",
        "nbEtuInscritElpTotal": "164",
        "volumeHoraireElpPondereEtape": "8.94",
        "volumeHoraireElpTotal": "183.31",
        "nbEtuInscritPrevisionnelElpEtape": "160",
        "nbEtuInscritPrevisionnelElpTotal": "5",
        "nbEtape": "6"
    },
    {
        "annee": "2024",
        "codeStructureEtape": "AES",
        "libStructureEtape": "Faculté des Sciences",
        "codeEtape": "TL1MPS11",
        "libEtape": "L1 Sc, techno, santé / Portail MPC - Accès Santé",
        "noElement": "EO074P",
        "libElement": "Sensibilisation à la diversité",
        "codeNatureElp": "EO",
        "libNatureElp": "E2O",
        "codeCNU": null,
        "libCNU": null,
        "codePeriode": "SP",
        "libPeriode": "Semestre Pair",
        "nbHeureCM": "0",
        "nbHeureTD": "16",
        "nbHeureTP": "0",
        "nbHeureCMTD": "0",
        "nbGroupeCM": "0",
        "nbGroupeTD": "1",
        "nbGroupeTP": "0",
        "nbGroupeCMTD": "0",
        "nbEtuInscritElpEtape": "0",
        "nbEtuInscritElpTotal": "0",
        "volumeHoraireElpPondereEtape": "0",
        "volumeHoraireElpTotal": "16",
        "nbEtuInscritPrevisionnelElpEtape": "13",
        "nbEtuInscritPrevisionnelElpTotal": "0",
        "nbEtape": "164"
    },
    {
        "annee": "2024",
        "codeStructureEtape": "AES",
        "libStructureEtape": "Faculté des Sciences",
        "codeEtape": "TL1MPS11",
        "libEtape": "L1 Sc, techno, santé / Portail MPC - Accès Santé",
        "noElement": "TMX1418U",
        "libElement": "Electrostatique 1 - P4",
        "codeNatureElp": "CHAR",
        "libNatureElp": "Charges d'Enseignement",
        "codeCNU": "30",
        "libCNU": "Milieux dilués et optique",
        "codePeriode": "4",
        "libPeriode": "Enseignement du quatrième semestre",
        "nbHeureCM": "5.33",
        "nbHeureTD": "10.67",
        "nbHeureTP": "0",
        "nbHeureCMTD": "0",
        "nbGroupeCM": "1",
        "nbGroupeTD": "2",
        "nbGroupeTP": "0",
        "nbGroupeCMTD": "0",
        "nbEtuInscritElpEtape": "8",
        "nbEtuInscritElpTotal": "77",
        "volumeHoraireElpPondereEtape": "3.05",
        "volumeHoraireElpTotal": "29.34",
        "nbEtuInscritPrevisionnelElpEtape": "75",
        "nbEtuInscritPrevisionnelElpTotal": "5",
        "nbEtape": "2"
    },
    {
        "annee": "2024",
        "codeStructureEtape": "AES",
        "libStructureEtape": "Faculté des Sciences",
        "codeEtape": "TL1MPS11",
        "libEtape": "L1 Sc, techno, santé / Portail MPC - Accès Santé",
        "noElement": "TMX1211V",
        "libElement": "Cinétique - G4",
        "codeNatureElp": "CHAR",
        "libNatureElp": "Charges d'Enseignement",
        "codeCNU": "32",
        "libCNU": "Chimie organique, minérale, industrielle",
        "codePeriode": "02",
        "libPeriode": "Période 2",
        "nbHeureCM": "0",
        "nbHeureTD": "0",
        "nbHeureTP": "4",
        "nbHeureCMTD": "0",
        "nbGroupeCM": "0",
        "nbGroupeTD": "0",
        "nbGroupeTP": "1",
        "nbGroupeCMTD": "0",
        "nbEtuInscritElpEtape": "17",
        "nbEtuInscritElpTotal": "124",
        "volumeHoraireElpPondereEtape": ".55",
        "volumeHoraireElpTotal": "4",
        "nbEtuInscritPrevisionnelElpEtape": "114",
        "nbEtuInscritPrevisionnelElpTotal": "10",
        "nbEtape": "2"
    },
    {
        "annee": "2024",
        "codeStructureEtape": "AES",
        "libStructureEtape": "Faculté des Sciences",
        "codeEtape": "TL1MPS11",
        "libEtape": "L1 Sc, techno, santé / Portail MPC - Accès Santé",
        "noElement": "TMX1211U",
        "libElement": "Cinétique - P2",
        "codeNatureElp": "CHAR",
        "libNatureElp": "Charges d'Enseignement",
        "codeCNU": "32",
        "libCNU": "Chimie organique, minérale, industrielle",
        "codePeriode": "1",
        "libPeriode": "Enseignement du premier semestre",
        "nbHeureCM": "0",
        "nbHeureTD": "0",
        "nbHeureTP": "13.33",
        "nbHeureCMTD": "0",
        "nbGroupeCM": "0",
        "nbGroupeTD": "0",
        "nbGroupeTP": "7",
        "nbGroupeCMTD": "0",
        "nbEtuInscritElpEtape": "17",
        "nbEtuInscritElpTotal": "125",
        "volumeHoraireElpPondereEtape": "12.69",
        "volumeHoraireElpTotal": "93.31",
        "nbEtuInscritPrevisionnelElpEtape": "114",
        "nbEtuInscritPrevisionnelElpTotal": "10",
        "nbEtape": "2"
    },
    {
        "annee": "2024",
        "codeStructureEtape": "AES",
        "libStructureEtape": "Faculté des Sciences",
        "codeEtape": "TL1MPS11",
        "libEtape": "L1 Sc, techno, santé / Portail MPC - Accès Santé",
        "noElement": "TMX1114U",
        "libElement": "Mécanique - G4",
        "codeNatureElp": "CHAR",
        "libNatureElp": "Charges d'Enseignement",
        "codeCNU": "30",
        "libCNU": "Milieux dilués et optique",
        "codePeriode": "01",
        "libPeriode": "Période 1",
        "nbHeureCM": "0",
        "nbHeureTD": "4",
        "nbHeureTP": "0",
        "nbHeureCMTD": "0",
        "nbGroupeCM": "1",
        "nbGroupeTD": "1",
        "nbGroupeTP": "7",
        "nbGroupeCMTD": "4",
        "nbEtuInscritElpEtape": "17",
        "nbEtuInscritElpTotal": "128",
        "volumeHoraireElpPondereEtape": ".53",
        "volumeHoraireElpTotal": "4",
        "nbEtuInscritPrevisionnelElpEtape": "118",
        "nbEtuInscritPrevisionnelElpTotal": "10",
        "nbEtape": "2"
    },
    {
        "annee": "2024",
        "codeStructureEtape": "AES",
        "libStructureEtape": "Faculté des Sciences",
        "codeEtape": "TL1MPS11",
        "libEtape": "L1 Sc, techno, santé / Portail MPC - Accès Santé",
        "noElement": "EO013P",
        "libElement": "Football féminin",
        "codeNatureElp": "EO",
        "libNatureElp": "E2O",
        "codeCNU": null,
        "libCNU": null,
        "codePeriode": "SP",
        "libPeriode": "Semestre Pair",
        "nbHeureCM": "0",
        "nbHeureTD": "12",
        "nbHeureTP": "0",
        "nbHeureCMTD": "0",
        "nbGroupeCM": "0",
        "nbGroupeTD": "1",
        "nbGroupeTP": "0",
        "nbGroupeCMTD": "0",
        "nbEtuInscritElpEtape": "0",
        "nbEtuInscritElpTotal": "6",
        "volumeHoraireElpPondereEtape": "0",
        "volumeHoraireElpTotal": "12",
        "nbEtuInscritPrevisionnelElpEtape": "10",
        "nbEtuInscritPrevisionnelElpTotal": "0",
        "nbEtape": "169"
    },
    {
        "annee": "2024",
        "codeStructureEtape": "AES",
        "libStructureEtape": "Faculté des Sciences",
        "codeEtape": "TL1MPS11",
        "libEtape": "L1 Sc, techno, santé / Portail MPC - Accès Santé",
        "noElement": "UE62",
        "libElement": "Mathématiques",
        "codeNatureElp": "MODU",
        "libNatureElp": "Module",
        "codeCNU": null,
        "libCNU": null,
        "codePeriode": "AN",
        "libPeriode": "Enseignement toute l'année",
        "nbHeureCM": "16",
        "nbHeureTD": "0",
        "nbHeureTP": "0",
        "nbHeureCMTD": "0",
        "nbGroupeCM": "0",
        "nbGroupeTD": "0",
        "nbGroupeTP": "0",
        "nbGroupeCMTD": "0",
        "nbEtuInscritElpEtape": "17",
        "nbEtuInscritElpTotal": "858",
        "volumeHoraireElpPondereEtape": ".48",
        "volumeHoraireElpTotal": "24",
        "nbEtuInscritPrevisionnelElpEtape": "811",
        "nbEtuInscritPrevisionnelElpTotal": "10",
        "nbEtape": "95"
    },
    {
        "annee": "2024",
        "codeStructureEtape": "AES",
        "libStructureEtape": "Faculté des Sciences",
        "codeEtape": "TL1MPS11",
        "libEtape": "L1 Sc, techno, santé / Portail MPC - Accès Santé",
        "noElement": "UE68",
        "libElement": "Droit et Sciences sociales",
        "codeNatureElp": "MODU",
        "libNatureElp": "Module",
        "codeCNU": null,
        "libCNU": null,
        "codePeriode": "AN",
        "libPeriode": "Enseignement toute l'année",
        "nbHeureCM": "16",
        "nbHeureTD": "0",
        "nbHeureTP": "0",
        "nbHeureCMTD": "0",
        "nbGroupeCM": "0",
        "nbGroupeTD": "0",
        "nbGroupeTP": "0",
        "nbGroupeCMTD": "0",
        "nbEtuInscritElpEtape": "17",
        "nbEtuInscritElpTotal": "858",
        "volumeHoraireElpPondereEtape": ".48",
        "volumeHoraireElpTotal": "24",
        "nbEtuInscritPrevisionnelElpEtape": "811",
        "nbEtuInscritPrevisionnelElpTotal": "10",
        "nbEtape": "95"
    },
    {
        "annee": "2024",
        "codeStructureEtape": "AES",
        "libStructureEtape": "Faculté des Sciences",
        "codeEtape": "TL1MPS11",
        "libEtape": "L1 Sc, techno, santé / Portail MPC - Accès Santé",
        "noElement": "TMX1502U",
        "libElement": "Algorithmique Python + Projet pour PC - P5",
        "codeNatureElp": "CHAR",
        "libNatureElp": "Charges d'Enseignement",
        "codeCNU": null,
        "libCNU": null,
        "codePeriode": "4",
        "libPeriode": "Enseignement du quatrième semestre",
        "nbHeureCM": "6.67",
        "nbHeureTD": "0",
        "nbHeureTP": "10",
        "nbHeureCMTD": "0",
        "nbGroupeCM": "1",
        "nbGroupeTD": "0",
        "nbGroupeTP": "6",
        "nbGroupeCMTD": "0",
        "nbEtuInscritElpEtape": "16",
        "nbEtuInscritElpTotal": "120",
        "volumeHoraireElpPondereEtape": "9.33",
        "volumeHoraireElpTotal": "70.01",
        "nbEtuInscritPrevisionnelElpEtape": "109",
        "nbEtuInscritPrevisionnelElpTotal": "10",
        "nbEtape": "2"
    },
    {
        "annee": "2024",
        "codeStructureEtape": "AES",
        "libStructureEtape": "Faculté des Sciences",
        "codeEtape": "TL1MPS11",
        "libEtape": "L1 Sc, techno, santé / Portail MPC - Accès Santé",
        "noElement": "EO025P",
        "libElement": "Tir à l'arc",
        "codeNatureElp": "EO",
        "libNatureElp": "E2O",
        "codeCNU": null,
        "libCNU": null,
        "codePeriode": "SP",
        "libPeriode": "Semestre Pair",
        "nbHeureCM": "0",
        "nbHeureTD": "12",
        "nbHeureTP": "0",
        "nbHeureCMTD": "0",
        "nbGroupeCM": "0",
        "nbGroupeTD": "1",
        "nbGroupeTP": "0",
        "nbGroupeCMTD": "0",
        "nbEtuInscritElpEtape": "0",
        "nbEtuInscritElpTotal": "8",
        "volumeHoraireElpPondereEtape": "0",
        "volumeHoraireElpTotal": "12",
        "nbEtuInscritPrevisionnelElpEtape": "6",
        "nbEtuInscritPrevisionnelElpTotal": "0",
        "nbEtape": "169"
    },
    {
        "annee": "2024",
        "codeStructureEtape": "AES",
        "libStructureEtape": "Faculté des Sciences",
        "codeEtape": "TL1MPS11",
        "libEtape": "L1 Sc, techno, santé / Portail MPC - Accès Santé",
        "noElement": "EO004P",
        "libElement": "Badminton",
        "codeNatureElp": "EO",
        "libNatureElp": "E2O",
        "codeCNU": null,
        "libCNU": null,
        "codePeriode": "SP",
        "libPeriode": "Semestre Pair",
        "nbHeureCM": "0",
        "nbHeureTD": "12",
        "nbHeureTP": "0",
        "nbHeureCMTD": "0",
        "nbGroupeCM": "0",
        "nbGroupeTD": "2",
        "nbGroupeTP": "0",
        "nbGroupeCMTD": "0",
        "nbEtuInscritElpEtape": "0",
        "nbEtuInscritElpTotal": "52",
        "volumeHoraireElpPondereEtape": "0",
        "volumeHoraireElpTotal": "24",
        "nbEtuInscritPrevisionnelElpEtape": "12",
        "nbEtuInscritPrevisionnelElpTotal": "0",
        "nbEtape": "169"
    },
    {
        "annee": "2024",
        "codeStructureEtape": "AES",
        "libStructureEtape": "Faculté des Sciences",
        "codeEtape": "TL1MPS11",
        "libEtape": "L1 Sc, techno, santé / Portail MPC - Accès Santé",
        "noElement": "EO011P",
        "libElement": "Escalade",
        "codeNatureElp": "EO",
        "libNatureElp": "E2O",
        "codeCNU": null,
        "libCNU": null,
        "codePeriode": "SP",
        "libPeriode": "Semestre Pair",
        "nbHeureCM": "0",
        "nbHeureTD": "12",
        "nbHeureTP": "0",
        "nbHeureCMTD": "0",
        "nbGroupeCM": "0",
        "nbGroupeTD": "1",
        "nbGroupeTP": "0",
        "nbGroupeCMTD": "0",
        "nbEtuInscritElpEtape": "0",
        "nbEtuInscritElpTotal": "26",
        "volumeHoraireElpPondereEtape": "0",
        "volumeHoraireElpTotal": "12",
        "nbEtuInscritPrevisionnelElpEtape": "18",
        "nbEtuInscritPrevisionnelElpTotal": "0",
        "nbEtape": "169"
    },
    {
        "annee": "2024",
        "codeStructureEtape": "AES",
        "libStructureEtape": "Faculté des Sciences",
        "codeEtape": "TL1MPS11",
        "libEtape": "L1 Sc, techno, santé / Portail MPC - Accès Santé",
        "noElement": "TMX1410U",
        "libElement": "Chimie organique - P4",
        "codeNatureElp": "CHAR",
        "libNatureElp": "Charges d'Enseignement",
        "codeCNU": "32",
        "libCNU": "Chimie organique, minérale, industrielle",
        "codePeriode": "04",
        "libPeriode": "Période 4",
        "nbHeureCM": "6",
        "nbHeureTD": "6.67",
        "nbHeureTP": "9",
        "nbHeureCMTD": "0",
        "nbGroupeCM": "1",
        "nbGroupeTD": "2",
        "nbGroupeTP": "3",
        "nbGroupeCMTD": "2",
        "nbEtuInscritElpEtape": "8",
        "nbEtuInscritElpTotal": "60",
        "volumeHoraireElpPondereEtape": "6.58",
        "volumeHoraireElpTotal": "49.34",
        "nbEtuInscritPrevisionnelElpEtape": "60",
        "nbEtuInscritPrevisionnelElpTotal": "5",
        "nbEtape": "2"
    },
    {
        "annee": "2024",
        "codeStructureEtape": "AES",
        "libStructureEtape": "Faculté des Sciences",
        "codeEtape": "TL1MPS11",
        "libEtape": "L1 Sc, techno, santé / Portail MPC - Accès Santé",
        "noElement": "TMX1415U",
        "libElement": "Fondements d'analyse pour PC - P4",
        "codeNatureElp": "CHAR",
        "libNatureElp": "Charges d'Enseignement",
        "codeCNU": "25",
        "libCNU": "Mathématiques",
        "codePeriode": "4",
        "libPeriode": "Enseignement du quatrième semestre",
        "nbHeureCM": "0",
        "nbHeureTD": "0",
        "nbHeureTP": "0",
        "nbHeureCMTD": "16",
        "nbGroupeCM": "0",
        "nbGroupeTD": "0",
        "nbGroupeTP": "0",
        "nbGroupeCMTD": "2",
        "nbEtuInscritElpEtape": "8",
        "nbEtuInscritElpTotal": "78",
        "volumeHoraireElpPondereEtape": "4.1",
        "volumeHoraireElpTotal": "40",
        "nbEtuInscritPrevisionnelElpEtape": "75",
        "nbEtuInscritPrevisionnelElpTotal": "5",
        "nbEtape": "2"
    },
    {
        "annee": "2024",
        "codeStructureEtape": "AES",
        "libStructureEtape": "Faculté des Sciences",
        "codeEtape": "TL1MPS11",
        "libEtape": "L1 Sc, techno, santé / Portail MPC - Accès Santé",
        "noElement": "TMX1207U",
        "libElement": "Mécanique - P2",
        "codeNatureElp": "CHAR",
        "libNatureElp": "Charges d'Enseignement",
        "codeCNU": "30",
        "libCNU": "Milieux dilués et optique",
        "codePeriode": "2",
        "libPeriode": "Enseignement du second semestre",
        "nbHeureCM": "0",
        "nbHeureTD": "0",
        "nbHeureTP": "0",
        "nbHeureCMTD": "20",
        "nbGroupeCM": "0",
        "nbGroupeTD": "0",
        "nbGroupeTP": "0",
        "nbGroupeCMTD": "4",
        "nbEtuInscritElpEtape": "17",
        "nbEtuInscritElpTotal": "129",
        "volumeHoraireElpPondereEtape": "13.18",
        "volumeHoraireElpTotal": "100",
        "nbEtuInscritPrevisionnelElpEtape": "118",
        "nbEtuInscritPrevisionnelElpTotal": "10",
        "nbEtape": "2"
    },
    {
        "annee": "2024",
        "codeStructureEtape": "AES",
        "libStructureEtape": "Faculté des Sciences",
        "codeEtape": "TL1MPS11",
        "libEtape": "L1 Sc, techno, santé / Portail MPC - Accès Santé",
        "noElement": "EO016P",
        "libElement": "Handball",
        "codeNatureElp": "EO",
        "libNatureElp": "E2O",
        "codeCNU": null,
        "libCNU": null,
        "codePeriode": "SP",
        "libPeriode": "Semestre Pair",
        "nbHeureCM": "0",
        "nbHeureTD": "12",
        "nbHeureTP": "0",
        "nbHeureCMTD": "0",
        "nbGroupeCM": "0",
        "nbGroupeTD": "1",
        "nbGroupeTP": "0",
        "nbGroupeCMTD": "0",
        "nbEtuInscritElpEtape": "0",
        "nbEtuInscritElpTotal": "6",
        "volumeHoraireElpPondereEtape": "0",
        "volumeHoraireElpTotal": "12",
        "nbEtuInscritPrevisionnelElpEtape": "5",
        "nbEtuInscritPrevisionnelElpTotal": "0",
        "nbEtape": "168"
    },
    {
        "annee": "2024",
        "codeStructureEtape": "AES",
        "libStructureEtape": "Faculté des Sciences",
        "codeEtape": "TL1MPS11",
        "libEtape": "L1 Sc, techno, santé / Portail MPC - Accès Santé",
        "noElement": "TMX1358U",
        "libElement": "Projet personnel et professionnel - P3 - MPC MI",
        "codeNatureElp": "CHAR",
        "libNatureElp": "Charges d'Enseignement",
        "codeCNU": null,
        "libCNU": null,
        "codePeriode": "3",
        "libPeriode": "Enseignement du troisième semestre",
        "nbHeureCM": "0",
        "nbHeureTD": "2.67",
        "nbHeureTP": "0",
        "nbHeureCMTD": "0",
        "nbGroupeCM": "0",
        "nbGroupeTD": "7",
        "nbGroupeTP": "0",
        "nbGroupeCMTD": "0",
        "nbEtuInscritElpEtape": "16",
        "nbEtuInscritElpTotal": "257",
        "volumeHoraireElpPondereEtape": "1.16",
        "volumeHoraireElpTotal": "18.69",
        "nbEtuInscritPrevisionnelElpEtape": "258",
        "nbEtuInscritPrevisionnelElpTotal": "10",
        "nbEtape": "3"
    },
    {
        "annee": "2024",
        "codeStructureEtape": "AES",
        "libStructureEtape": "Faculté des Sciences",
        "codeEtape": "TL1MPS11",
        "libEtape": "L1 Sc, techno, santé / Portail MPC - Accès Santé",
        "noElement": "TMX1310V",
        "libElement": "Chimie organique - P3",
        "codeNatureElp": "CHAR",
        "libNatureElp": "Charges d'Enseignement",
        "codeCNU": "32",
        "libCNU": "Chimie organique, minérale, industrielle",
        "codePeriode": "03",
        "libPeriode": "Période 3",
        "nbHeureCM": "0",
        "nbHeureTD": "0",
        "nbHeureTP": "0",
        "nbHeureCMTD": "12",
        "nbGroupeCM": "1",
        "nbGroupeTD": "2",
        "nbGroupeTP": "3",
        "nbGroupeCMTD": "2",
        "nbEtuInscritElpEtape": "8",
        "nbEtuInscritElpTotal": "60",
        "volumeHoraireElpPondereEtape": "4",
        "volumeHoraireElpTotal": "30",
        "nbEtuInscritPrevisionnelElpEtape": "60",
        "nbEtuInscritPrevisionnelElpTotal": "5",
        "nbEtape": "2"
    },
    {
        "annee": "2024",
        "codeStructureEtape": "AES",
        "libStructureEtape": "Faculté des Sciences",
        "codeEtape": "TL1MPS11",
        "libEtape": "L1 Sc, techno, santé / Portail MPC - Accès Santé",
        "noElement": "EO032P",
        "libElement": "Boxe anglaise",
        "codeNatureElp": "EO",
        "libNatureElp": "E2O",
        "codeCNU": null,
        "libCNU": null,
        "codePeriode": "SP",
        "libPeriode": "Semestre Pair",
        "nbHeureCM": "0",
        "nbHeureTD": "12",
        "nbHeureTP": "0",
        "nbHeureCMTD": "0",
        "nbGroupeCM": "0",
        "nbGroupeTD": "1",
        "nbGroupeTP": "0",
        "nbGroupeCMTD": "0",
        "nbEtuInscritElpEtape": "0",
        "nbEtuInscritElpTotal": "6",
        "volumeHoraireElpPondereEtape": "0",
        "volumeHoraireElpTotal": "12",
        "nbEtuInscritPrevisionnelElpEtape": "6",
        "nbEtuInscritPrevisionnelElpTotal": "0",
        "nbEtape": "168"
    },
    {
        "annee": "2024",
        "codeStructureEtape": "AES",
        "libStructureEtape": "Faculté des Sciences",
        "codeEtape": "TL1MPS11",
        "libEtape": "L1 Sc, techno, santé / Portail MPC - Accès Santé",
        "noElement": "EO023P",
        "libElement": "Tennis (confirmé)",
        "codeNatureElp": "EO",
        "libNatureElp": "E2O",
        "codeCNU": null,
        "libCNU": null,
        "codePeriode": "SP",
        "libPeriode": "Semestre Pair",
        "nbHeureCM": "0",
        "nbHeureTD": "12",
        "nbHeureTP": "0",
        "nbHeureCMTD": "0",
        "nbGroupeCM": "0",
        "nbGroupeTD": "1",
        "nbGroupeTP": "0",
        "nbGroupeCMTD": "0",
        "nbEtuInscritElpEtape": "0",
        "nbEtuInscritElpTotal": "2",
        "volumeHoraireElpPondereEtape": "0",
        "volumeHoraireElpTotal": "12",
        "nbEtuInscritPrevisionnelElpEtape": "0",
        "nbEtuInscritPrevisionnelElpTotal": "0",
        "nbEtape": "169"
    },
    {
        "annee": "2024",
        "codeStructureEtape": "AES",
        "libStructureEtape": "Faculté des Sciences",
        "codeEtape": "TL1MPS11",
        "libEtape": "L1 Sc, techno, santé / Portail MPC - Accès Santé",
        "noElement": "TMX1314U",
        "libElement": "Mécanique - P3",
        "codeNatureElp": "CHAR",
        "libNatureElp": "Charges d'Enseignement",
        "codeCNU": "30",
        "libCNU": "Milieux dilués et optique",
        "codePeriode": "3",
        "libPeriode": "Enseignement du troisième semestre",
        "nbHeureCM": "0",
        "nbHeureTD": "0",
        "nbHeureTP": "0",
        "nbHeureCMTD": "13.33",
        "nbGroupeCM": "0",
        "nbGroupeTD": "0",
        "nbGroupeTP": "0",
        "nbGroupeCMTD": "4",
        "nbEtuInscritElpEtape": "16",
        "nbEtuInscritElpTotal": "126",
        "volumeHoraireElpPondereEtape": "8.46",
        "volumeHoraireElpTotal": "66.65",
        "nbEtuInscritPrevisionnelElpEtape": "118",
        "nbEtuInscritPrevisionnelElpTotal": "10",
        "nbEtape": "2"
    },
    {
        "annee": "2024",
        "codeStructureEtape": "AES",
        "libStructureEtape": "Faculté des Sciences",
        "codeEtape": "TL1MPS11",
        "libEtape": "L1 Sc, techno, santé / Portail MPC - Accès Santé",
        "noElement": "TMX1256U",
        "libElement": "BienvenUA - M, PC et I",
        "codeNatureElp": "CHAR",
        "libNatureElp": "Charges d'Enseignement",
        "codeCNU": null,
        "libCNU": null,
        "codePeriode": "02",
        "libPeriode": "Période 2",
        "nbHeureCM": "0",
        "nbHeureTD": "0",
        "nbHeureTP": "0",
        "nbHeureCMTD": "0",
        "nbGroupeCM": "0",
        "nbGroupeTD": "0",
        "nbGroupeTP": "0",
        "nbGroupeCMTD": "0",
        "nbEtuInscritElpEtape": "17",
        "nbEtuInscritElpTotal": "282",
        "volumeHoraireElpPondereEtape": "0",
        "volumeHoraireElpTotal": "0",
        "nbEtuInscritPrevisionnelElpEtape": "281",
        "nbEtuInscritPrevisionnelElpTotal": "10",
        "nbEtape": "3"
    },
    {
        "annee": "2024",
        "codeStructureEtape": "AES",
        "libStructureEtape": "Faculté des Sciences",
        "codeEtape": "TL1MPS11",
        "libEtape": "L1 Sc, techno, santé / Portail MPC - Accès Santé",
        "noElement": "TMX1304U",
        "libElement": "Fondements d'analyse pour PC - P3",
        "codeNatureElp": "CHAR",
        "libNatureElp": "Charges d'Enseignement",
        "codeCNU": "25",
        "libCNU": "Mathématiques",
        "codePeriode": "3",
        "libPeriode": "Enseignement du troisième semestre",
        "nbHeureCM": "0",
        "nbHeureTD": "0",
        "nbHeureTP": "0",
        "nbHeureCMTD": "16",
        "nbGroupeCM": "0",
        "nbGroupeTD": "0",
        "nbGroupeTP": "0",
        "nbGroupeCMTD": "2",
        "nbEtuInscritElpEtape": "8",
        "nbEtuInscritElpTotal": "78",
        "volumeHoraireElpPondereEtape": "4.1",
        "volumeHoraireElpTotal": "40",
        "nbEtuInscritPrevisionnelElpEtape": "75",
        "nbEtuInscritPrevisionnelElpTotal": "5",
        "nbEtape": "2"
    },
    {
        "annee": "2024",
        "codeStructureEtape": "AES",
        "libStructureEtape": "Faculté des Sciences",
        "codeEtape": "TL1MPS11",
        "libEtape": "L1 Sc, techno, santé / Portail MPC - Accès Santé",
        "noElement": "EO021P",
        "libElement": "Rugby",
        "codeNatureElp": "EO",
        "libNatureElp": "E2O",
        "codeCNU": null,
        "libCNU": null,
        "codePeriode": "SP",
        "libPeriode": "Semestre Pair",
        "nbHeureCM": "0",
        "nbHeureTD": "12",
        "nbHeureTP": "0",
        "nbHeureCMTD": "0",
        "nbGroupeCM": "0",
        "nbGroupeTD": "1",
        "nbGroupeTP": "0",
        "nbGroupeCMTD": "0",
        "nbEtuInscritElpEtape": "0",
        "nbEtuInscritElpTotal": "0",
        "volumeHoraireElpPondereEtape": "0",
        "volumeHoraireElpTotal": "12",
        "nbEtuInscritPrevisionnelElpEtape": "3",
        "nbEtuInscritPrevisionnelElpTotal": "0",
        "nbEtape": "168"
    },
    {
        "annee": "2024",
        "codeStructureEtape": "AES",
        "libStructureEtape": "Faculté des Sciences",
        "codeEtape": "TL1MPS11",
        "libEtape": "L1 Sc, techno, santé / Portail MPC - Accès Santé",
        "noElement": "TMX1208U",
        "libElement": "Electrocinétique - P2",
        "codeNatureElp": "CHAR",
        "libNatureElp": "Charges d'Enseignement",
        "codeCNU": "30",
        "libCNU": "Milieux dilués et optique",
        "codePeriode": "2",
        "libPeriode": "Enseignement du second semestre",
        "nbHeureCM": "0",
        "nbHeureTD": "0",
        "nbHeureTP": "0",
        "nbHeureCMTD": "13.33",
        "nbGroupeCM": "0",
        "nbGroupeTD": "0",
        "nbGroupeTP": "0",
        "nbGroupeCMTD": "4",
        "nbEtuInscritElpEtape": "17",
        "nbEtuInscritElpTotal": "127",
        "volumeHoraireElpPondereEtape": "8.92",
        "volumeHoraireElpTotal": "66.65",
        "nbEtuInscritPrevisionnelElpEtape": "114",
        "nbEtuInscritPrevisionnelElpTotal": "10",
        "nbEtape": "2"
    },
    {
        "annee": "2024",
        "codeStructureEtape": "AES",
        "libStructureEtape": "Faculté des Sciences",
        "codeEtape": "TL1MPS11",
        "libEtape": "L1 Sc, techno, santé / Portail MPC - Accès Santé",
        "noElement": "EO018P",
        "libElement": "Karaté",
        "codeNatureElp": "EO",
        "libNatureElp": "E2O",
        "codeCNU": null,
        "libCNU": null,
        "codePeriode": "SP",
        "libPeriode": "Semestre Pair",
        "nbHeureCM": "0",
        "nbHeureTD": "12",
        "nbHeureTP": "0",
        "nbHeureCMTD": "0",
        "nbGroupeCM": "0",
        "nbGroupeTD": "1",
        "nbGroupeTP": "0",
        "nbGroupeCMTD": "0",
        "nbEtuInscritElpEtape": "0",
        "nbEtuInscritElpTotal": "4",
        "volumeHoraireElpPondereEtape": "0",
        "volumeHoraireElpTotal": "12",
        "nbEtuInscritPrevisionnelElpEtape": "0",
        "nbEtuInscritPrevisionnelElpTotal": "0",
        "nbEtape": "169"
    },
    {
        "annee": "2024",
        "codeStructureEtape": "AES",
        "libStructureEtape": "Faculté des Sciences",
        "codeEtape": "TL1MPS11",
        "libEtape": "L1 Sc, techno, santé / Portail MPC - Accès Santé",
        "noElement": "EO006P",
        "libElement": "Savate boxe française",
        "codeNatureElp": "EO",
        "libNatureElp": "E2O",
        "codeCNU": null,
        "libCNU": null,
        "codePeriode": "SP",
        "libPeriode": "Semestre Pair",
        "nbHeureCM": "0",
        "nbHeureTD": "12",
        "nbHeureTP": "0",
        "nbHeureCMTD": "0",
        "nbGroupeCM": "0",
        "nbGroupeTD": "1",
        "nbGroupeTP": "0",
        "nbGroupeCMTD": "0",
        "nbEtuInscritElpEtape": "0",
        "nbEtuInscritElpTotal": "0",
        "volumeHoraireElpPondereEtape": "0",
        "volumeHoraireElpTotal": "12",
        "nbEtuInscritPrevisionnelElpEtape": "6",
        "nbEtuInscritPrevisionnelElpTotal": "0",
        "nbEtape": "169"
    },
    {
        "annee": "2024",
        "codeStructureEtape": "AES",
        "libStructureEtape": "Faculté des Sciences",
        "codeEtape": "TL1MPS11",
        "libEtape": "L1 Sc, techno, santé / Portail MPC - Accès Santé",
        "noElement": "TMX1254U",
        "libElement": "Culture numérique - P2 - pour MPC",
        "codeNatureElp": "CHAR",
        "libNatureElp": "Charges d'Enseignement",
        "codeCNU": "27",
        "libCNU": "Informatique",
        "codePeriode": "02",
        "libPeriode": "Période 2",
        "nbHeureCM": "0",
        "nbHeureTD": "0",
        "nbHeureTP": "8",
        "nbHeureCMTD": "0",
        "nbGroupeCM": "1",
        "nbGroupeTD": "4",
        "nbGroupeTP": "7",
        "nbGroupeCMTD": "4",
        "nbEtuInscritElpEtape": "17",
        "nbEtuInscritElpTotal": "124",
        "volumeHoraireElpPondereEtape": "7.68",
        "volumeHoraireElpTotal": "56",
        "nbEtuInscritPrevisionnelElpEtape": "115",
        "nbEtuInscritPrevisionnelElpTotal": "10",
        "nbEtape": "2"
    },
    {
        "annee": "2024",
        "codeStructureEtape": "AES",
        "libStructureEtape": "Faculté des Sciences",
        "codeEtape": "TL1MPS11",
        "libEtape": "L1 Sc, techno, santé / Portail MPC - Accès Santé",
        "noElement": "TMX1302U",
        "libElement": "Géométrie - P3",
        "codeNatureElp": "CHAR",
        "libNatureElp": "Charges d'Enseignement",
        "codeCNU": "25",
        "libCNU": "Mathématiques",
        "codePeriode": "3",
        "libPeriode": "Enseignement du troisième semestre",
        "nbHeureCM": "8",
        "nbHeureTD": "20",
        "nbHeureTP": "0",
        "nbHeureCMTD": "0",
        "nbGroupeCM": "1",
        "nbGroupeTD": "5",
        "nbGroupeTP": "0",
        "nbGroupeCMTD": "0",
        "nbEtuInscritElpEtape": "8",
        "nbEtuInscritElpTotal": "192",
        "volumeHoraireElpPondereEtape": "4.67",
        "volumeHoraireElpTotal": "112",
        "nbEtuInscritPrevisionnelElpEtape": "184",
        "nbEtuInscritPrevisionnelElpTotal": "5",
        "nbEtape": "6"
    },
    {
        "annee": "2024",
        "codeStructureEtape": "AES",
        "libStructureEtape": "Faculté des Sciences",
        "codeEtape": "TL1MPS11",
        "libEtape": "L1 Sc, techno, santé / Portail MPC - Accès Santé",
        "noElement": "EO084P",
        "libElement": "Eduquer aux sciences de façon ludique",
        "codeNatureElp": "EO",
        "libNatureElp": "E2O",
        "codeCNU": null,
        "libCNU": null,
        "codePeriode": "SP",
        "libPeriode": "Semestre Pair",
        "nbHeureCM": "0",
        "nbHeureTD": "16",
        "nbHeureTP": "0",
        "nbHeureCMTD": "0",
        "nbGroupeCM": "0",
        "nbGroupeTD": "1",
        "nbGroupeTP": "0",
        "nbGroupeCMTD": "0",
        "nbEtuInscritElpEtape": "0",
        "nbEtuInscritElpTotal": "12",
        "volumeHoraireElpPondereEtape": "0",
        "volumeHoraireElpTotal": "16",
        "nbEtuInscritPrevisionnelElpEtape": "12",
        "nbEtuInscritPrevisionnelElpTotal": "0",
        "nbEtape": "164"
    },
    {
        "annee": "2024",
        "codeStructureEtape": "AES",
        "libStructureEtape": "Faculté des Sciences",
        "codeEtape": "TL1MPS11",
        "libEtape": "L1 Sc, techno, santé / Portail MPC - Accès Santé",
        "noElement": "EO034P",
        "libElement": "Football masculin",
        "codeNatureElp": "EO",
        "libNatureElp": "E2O",
        "codeCNU": null,
        "libCNU": null,
        "codePeriode": "SP",
        "libPeriode": "Semestre Pair",
        "nbHeureCM": "0",
        "nbHeureTD": "12",
        "nbHeureTP": "0",
        "nbHeureCMTD": "0",
        "nbGroupeCM": "0",
        "nbGroupeTD": "1",
        "nbGroupeTP": "0",
        "nbGroupeCMTD": "0",
        "nbEtuInscritElpEtape": "0",
        "nbEtuInscritElpTotal": "8",
        "volumeHoraireElpPondereEtape": "0",
        "volumeHoraireElpTotal": "12",
        "nbEtuInscritPrevisionnelElpEtape": "8",
        "nbEtuInscritPrevisionnelElpTotal": "0",
        "nbEtape": "168"
    },
    {
        "annee": "2024",
        "codeStructureEtape": "AES",
        "libStructureEtape": "Faculté des Sciences",
        "codeEtape": "TL1MPS11",
        "libEtape": "L1 Sc, techno, santé / Portail MPC - Accès Santé",
        "noElement": "UE65",
        "libElement": "Biologie cellulaire, histologie et embryologie",
        "codeNatureElp": "MODU",
        "libNatureElp": "Module",
        "codeCNU": null,
        "libCNU": null,
        "codePeriode": "AN",
        "libPeriode": "Enseignement toute l'année",
        "nbHeureCM": "16",
        "nbHeureTD": "0",
        "nbHeureTP": "0",
        "nbHeureCMTD": "0",
        "nbGroupeCM": "0",
        "nbGroupeTD": "0",
        "nbGroupeTP": "0",
        "nbGroupeCMTD": "0",
        "nbEtuInscritElpEtape": "17",
        "nbEtuInscritElpTotal": "858",
        "volumeHoraireElpPondereEtape": ".48",
        "volumeHoraireElpTotal": "24",
        "nbEtuInscritPrevisionnelElpEtape": "811",
        "nbEtuInscritPrevisionnelElpTotal": "10",
        "nbEtape": "95"
    },
    {
        "annee": "2024",
        "codeStructureEtape": "AES",
        "libStructureEtape": "Faculté des Sciences",
        "codeEtape": "TL1MPS11",
        "libEtape": "L1 Sc, techno, santé / Portail MPC - Accès Santé",
        "noElement": "TMX1108U",
        "libElement": "Mécanique - P1",
        "codeNatureElp": "CHAR",
        "libNatureElp": "Charges d'Enseignement",
        "codeCNU": "30",
        "libCNU": "Milieux dilués et optique",
        "codePeriode": "1",
        "libPeriode": "Enseignement du premier semestre",
        "nbHeureCM": "0",
        "nbHeureTD": "0",
        "nbHeureTP": "0",
        "nbHeureCMTD": "20",
        "nbGroupeCM": "0",
        "nbGroupeTD": "0",
        "nbGroupeTP": "0",
        "nbGroupeCMTD": "4",
        "nbEtuInscritElpEtape": "17",
        "nbEtuInscritElpTotal": "129",
        "volumeHoraireElpPondereEtape": "13.18",
        "volumeHoraireElpTotal": "100",
        "nbEtuInscritPrevisionnelElpEtape": "118",
        "nbEtuInscritPrevisionnelElpTotal": "10",
        "nbEtape": "2"
    },
    {
        "annee": "2024",
        "codeStructureEtape": "AES",
        "libStructureEtape": "Faculté des Sciences",
        "codeEtape": "TL1MPS11",
        "libEtape": "L1 Sc, techno, santé / Portail MPC - Accès Santé",
        "noElement": "TMX1220U",
        "libElement": "Analyse élémentaire - P2",
        "codeNatureElp": "CHAR",
        "libNatureElp": "Charges d'Enseignement",
        "codeCNU": "25",
        "libCNU": "Mathématiques",
        "codePeriode": "02",
        "libPeriode": "Période 2",
        "nbHeureCM": "0",
        "nbHeureTD": "0",
        "nbHeureTP": "0",
        "nbHeureCMTD": "25.33",
        "nbGroupeCM": "2",
        "nbGroupeTD": "9",
        "nbGroupeTP": "18",
        "nbGroupeCMTD": "9",
        "nbEtuInscritElpEtape": "17",
        "nbEtuInscritElpTotal": "343",
        "volumeHoraireElpPondereEtape": "14.12",
        "volumeHoraireElpTotal": "284.96",
        "nbEtuInscritPrevisionnelElpEtape": "353",
        "nbEtuInscritPrevisionnelElpTotal": "10",
        "nbEtape": "6"
    },
    {
        "annee": "2024",
        "codeStructureEtape": "AES",
        "libStructureEtape": "Faculté des Sciences",
        "codeEtape": "TL1MPS11",
        "libEtape": "L1 Sc, techno, santé / Portail MPC - Accès Santé",
        "noElement": "3PE",
        "libElement": "3PE",
        "codeNatureElp": "MODU",
        "libNatureElp": "Module",
        "codeCNU": null,
        "libCNU": null,
        "codePeriode": null,
        "libPeriode": null,
        "nbHeureCM": "0",
        "nbHeureTD": "0",
        "nbHeureTP": "0",
        "nbHeureCMTD": "0",
        "nbGroupeCM": "0",
        "nbGroupeTD": "0",
        "nbGroupeTP": "0",
        "nbGroupeCMTD": "0",
        "nbEtuInscritElpEtape": "17",
        "nbEtuInscritElpTotal": "856",
        "volumeHoraireElpPondereEtape": "0",
        "volumeHoraireElpTotal": "0",
        "nbEtuInscritPrevisionnelElpEtape": "799",
        "nbEtuInscritPrevisionnelElpTotal": "10",
        "nbEtape": "95"
    },
    {
        "annee": "2024",
        "codeStructureEtape": "AES",
        "libStructureEtape": "Faculté des Sciences",
        "codeEtape": "TL1MPS11",
        "libEtape": "L1 Sc, techno, santé / Portail MPC - Accès Santé",
        "noElement": "TMX1300U",
        "libElement": "Oraux de mathématiques - P3",
        "codeNatureElp": "CHAR",
        "libNatureElp": "Charges d'Enseignement",
        "codeCNU": "25",
        "libCNU": "Mathématiques",
        "codePeriode": "03",
        "libPeriode": "Période 3",
        "nbHeureCM": "0",
        "nbHeureTD": "1",
        "nbHeureTP": "0",
        "nbHeureCMTD": "0",
        "nbGroupeCM": "0",
        "nbGroupeTD": "64",
        "nbGroupeTP": "0",
        "nbGroupeCMTD": "0",
        "nbEtuInscritElpEtape": "8",
        "nbEtuInscritElpTotal": "192",
        "volumeHoraireElpPondereEtape": "2.67",
        "volumeHoraireElpTotal": "64",
        "nbEtuInscritPrevisionnelElpEtape": "184",
        "nbEtuInscritPrevisionnelElpTotal": "5",
        "nbEtape": "6"
    },
    {
        "annee": "2024",
        "codeStructureEtape": "AES",
        "libStructureEtape": "Faculté des Sciences",
        "codeEtape": "TL1MPS11",
        "libEtape": "L1 Sc, techno, santé / Portail MPC - Accès Santé",
        "noElement": "TMX1313U",
        "libElement": "Electrocinétique - P3",
        "codeNatureElp": "CHAR",
        "libNatureElp": "Charges d'Enseignement",
        "codeCNU": "30",
        "libCNU": "Milieux dilués et optique",
        "codePeriode": "3",
        "libPeriode": "Enseignement du troisième semestre",
        "nbHeureCM": "0",
        "nbHeureTD": "0",
        "nbHeureTP": "0",
        "nbHeureCMTD": "6.67",
        "nbGroupeCM": "0",
        "nbGroupeTD": "0",
        "nbGroupeTP": "0",
        "nbGroupeCMTD": "4",
        "nbEtuInscritElpEtape": "16",
        "nbEtuInscritElpTotal": "125",
        "volumeHoraireElpPondereEtape": "4.27",
        "volumeHoraireElpTotal": "33.35",
        "nbEtuInscritPrevisionnelElpEtape": "114",
        "nbEtuInscritPrevisionnelElpTotal": "10",
        "nbEtape": "2"
    },
    {
        "annee": "2024",
        "codeStructureEtape": "AES",
        "libStructureEtape": "Faculté des Sciences",
        "codeEtape": "TL1MPS11",
        "libEtape": "L1 Sc, techno, santé / Portail MPC - Accès Santé",
        "noElement": "TMX1303U",
        "libElement": "Arithmétique dans Z - P3",
        "codeNatureElp": "CHAR",
        "libNatureElp": "Charges d'Enseignement",
        "codeCNU": "25",
        "libCNU": "Mathématiques",
        "codePeriode": "3",
        "libPeriode": "Enseignement du troisième semestre",
        "nbHeureCM": "8",
        "nbHeureTD": "20",
        "nbHeureTP": "0",
        "nbHeureCMTD": "0",
        "nbGroupeCM": "2",
        "nbGroupeTD": "7",
        "nbGroupeTP": "0",
        "nbGroupeCMTD": "0",
        "nbEtuInscritElpEtape": "8",
        "nbEtuInscritElpTotal": "265",
        "volumeHoraireElpPondereEtape": "4.95",
        "volumeHoraireElpTotal": "164",
        "nbEtuInscritPrevisionnelElpEtape": "277",
        "nbEtuInscritPrevisionnelElpTotal": "5",
        "nbEtape": "6"
    },
    {
        "annee": "2024",
        "codeStructureEtape": "AES",
        "libStructureEtape": "Faculté des Sciences",
        "codeEtape": "TL1MPS11",
        "libEtape": "L1 Sc, techno, santé / Portail MPC - Accès Santé",
        "noElement": "EO028P",
        "libElement": "Volley",
        "codeNatureElp": "EO",
        "libNatureElp": "E2O",
        "codeCNU": null,
        "libCNU": null,
        "codePeriode": "SP",
        "libPeriode": "Semestre Pair",
        "nbHeureCM": "0",
        "nbHeureTD": "12",
        "nbHeureTP": "0",
        "nbHeureCMTD": "0",
        "nbGroupeCM": "0",
        "nbGroupeTD": "1",
        "nbGroupeTP": "0",
        "nbGroupeCMTD": "0",
        "nbEtuInscritElpEtape": "0",
        "nbEtuInscritElpTotal": "20",
        "volumeHoraireElpPondereEtape": "0",
        "volumeHoraireElpTotal": "12",
        "nbEtuInscritPrevisionnelElpEtape": "19",
        "nbEtuInscritPrevisionnelElpTotal": "0",
        "nbEtape": "169"
    },
    {
        "annee": "2024",
        "codeStructureEtape": "AES",
        "libStructureEtape": "Faculté des Sciences",
        "codeEtape": "TL1MPS11",
        "libEtape": "L1 Sc, techno, santé / Portail MPC - Accès Santé",
        "noElement": "TMX1409V",
        "libElement": "Equilibres précipitation-complexation - P4",
        "codeNatureElp": "CHAR",
        "libNatureElp": "Charges d'Enseignement",
        "codeCNU": "32",
        "libCNU": "Chimie organique, minérale, industrielle",
        "codePeriode": "04",
        "libPeriode": "Période 4",
        "nbHeureCM": "5.33",
        "nbHeureTD": "8",
        "nbHeureTP": "0",
        "nbHeureCMTD": "0",
        "nbGroupeCM": "1",
        "nbGroupeTD": "2",
        "nbGroupeTP": "4",
        "nbGroupeCMTD": "2",
        "nbEtuInscritElpEtape": "8",
        "nbEtuInscritElpTotal": "79",
        "volumeHoraireElpPondereEtape": "2.43",
        "volumeHoraireElpTotal": "24",
        "nbEtuInscritPrevisionnelElpEtape": "77",
        "nbEtuInscritPrevisionnelElpTotal": "5",
        "nbEtape": "2"
    },
    {
        "annee": "2024",
        "codeStructureEtape": "AES",
        "libStructureEtape": "Faculté des Sciences",
        "codeEtape": "TL1MPS11",
        "libEtape": "L1 Sc, techno, santé / Portail MPC - Accès Santé",
        "noElement": "TMX1122U",
        "libElement": "Atomistique - P1",
        "codeNatureElp": "CHAR",
        "libNatureElp": "Charges d'Enseignement",
        "codeCNU": "32",
        "libCNU": "Chimie organique, minérale, industrielle",
        "codePeriode": "01",
        "libPeriode": "Période 1",
        "nbHeureCM": "0",
        "nbHeureTD": "0",
        "nbHeureTP": "0",
        "nbHeureCMTD": "10.67",
        "nbGroupeCM": "1",
        "nbGroupeTD": "4",
        "nbGroupeTP": "7",
        "nbGroupeCMTD": "4",
        "nbEtuInscritElpEtape": "17",
        "nbEtuInscritElpTotal": "124",
        "volumeHoraireElpPondereEtape": "7.31",
        "volumeHoraireElpTotal": "53.35",
        "nbEtuInscritPrevisionnelElpEtape": "116",
        "nbEtuInscritPrevisionnelElpTotal": "10",
        "nbEtape": "2"
    },
    {
        "annee": "2024",
        "codeStructureEtape": "AES",
        "libStructureEtape": "Faculté des Sciences",
        "codeEtape": "TL1MPS11",
        "libEtape": "L1 Sc, techno, santé / Portail MPC - Accès Santé",
        "noElement": "EO012P",
        "libElement": "Escrime",
        "codeNatureElp": "EO",
        "libNatureElp": "E2O",
        "codeCNU": null,
        "libCNU": null,
        "codePeriode": "SP",
        "libPeriode": "Semestre Pair",
        "nbHeureCM": "0",
        "nbHeureTD": "12",
        "nbHeureTP": "0",
        "nbHeureCMTD": "0",
        "nbGroupeCM": "0",
        "nbGroupeTD": "1",
        "nbGroupeTP": "0",
        "nbGroupeCMTD": "0",
        "nbEtuInscritElpEtape": "0",
        "nbEtuInscritElpTotal": "6",
        "volumeHoraireElpPondereEtape": "0",
        "volumeHoraireElpTotal": "12",
        "nbEtuInscritPrevisionnelElpEtape": "6",
        "nbEtuInscritPrevisionnelElpTotal": "0",
        "nbEtape": "169"
    },
    {
        "annee": "2024",
        "codeStructureEtape": "AES",
        "libStructureEtape": "Faculté des Sciences",
        "codeEtape": "TL1MPS11",
        "libEtape": "L1 Sc, techno, santé / Portail MPC - Accès Santé",
        "noElement": "EO003P",
        "libElement": "Athlétisme",
        "codeNatureElp": "EO",
        "libNatureElp": "E2O",
        "codeCNU": null,
        "libCNU": null,
        "codePeriode": "SP",
        "libPeriode": "Semestre Pair",
        "nbHeureCM": "0",
        "nbHeureTD": "12",
        "nbHeureTP": "0",
        "nbHeureCMTD": "0",
        "nbGroupeCM": "0",
        "nbGroupeTD": "1",
        "nbGroupeTP": "0",
        "nbGroupeCMTD": "0",
        "nbEtuInscritElpEtape": "0",
        "nbEtuInscritElpTotal": "6",
        "volumeHoraireElpPondereEtape": "0",
        "volumeHoraireElpTotal": "12",
        "nbEtuInscritPrevisionnelElpEtape": "9",
        "nbEtuInscritPrevisionnelElpTotal": "0",
        "nbEtape": "168"
    },
    {
        "annee": "2024",
        "codeStructureEtape": "AES",
        "libStructureEtape": "Faculté des Sciences",
        "codeEtape": "TL1MPS11",
        "libEtape": "L1 Sc, techno, santé / Portail MPC - Accès Santé",
        "noElement": "UE61",
        "libElement": "Chimie",
        "codeNatureElp": "MODU",
        "libNatureElp": "Module",
        "codeCNU": null,
        "libCNU": null,
        "codePeriode": "AN",
        "libPeriode": "Enseignement toute l'année",
        "nbHeureCM": "16",
        "nbHeureTD": "0",
        "nbHeureTP": "0",
        "nbHeureCMTD": "0",
        "nbGroupeCM": "0",
        "nbGroupeTD": "0",
        "nbGroupeTP": "0",
        "nbGroupeCMTD": "0",
        "nbEtuInscritElpEtape": "17",
        "nbEtuInscritElpTotal": "858",
        "volumeHoraireElpPondereEtape": ".48",
        "volumeHoraireElpTotal": "24",
        "nbEtuInscritPrevisionnelElpEtape": "811",
        "nbEtuInscritPrevisionnelElpTotal": "10",
        "nbEtape": "95"
    },
    {
        "annee": "2024",
        "codeStructureEtape": "AES",
        "libStructureEtape": "Faculté des Sciences",
        "codeEtape": "TL1MPS11",
        "libEtape": "L1 Sc, techno, santé / Portail MPC - Accès Santé",
        "noElement": "UE60",
        "libElement": "Sciences thérapeutiques",
        "codeNatureElp": "MODU",
        "libNatureElp": "Module",
        "codeCNU": null,
        "libCNU": null,
        "codePeriode": "AN",
        "libPeriode": "Enseignement toute l'année",
        "nbHeureCM": "16",
        "nbHeureTD": "0",
        "nbHeureTP": "0",
        "nbHeureCMTD": "0",
        "nbGroupeCM": "0",
        "nbGroupeTD": "0",
        "nbGroupeTP": "0",
        "nbGroupeCMTD": "0",
        "nbEtuInscritElpEtape": "17",
        "nbEtuInscritElpTotal": "858",
        "volumeHoraireElpPondereEtape": ".48",
        "volumeHoraireElpTotal": "24",
        "nbEtuInscritPrevisionnelElpEtape": "811",
        "nbEtuInscritPrevisionnelElpTotal": "10",
        "nbEtape": "95"
    },
    {
        "annee": "2024",
        "codeStructureEtape": "AES",
        "libStructureEtape": "Faculté des Sciences",
        "codeEtape": "TL1MPS11",
        "libEtape": "L1 Sc, techno, santé / Portail MPC - Accès Santé",
        "noElement": "TMX1505U",
        "libElement": "Découverte expérimentale de la physique - P5",
        "codeNatureElp": "CHAR",
        "libNatureElp": "Charges d'Enseignement",
        "codeCNU": "30",
        "libCNU": "Milieux dilués et optique",
        "codePeriode": "5",
        "libPeriode": "Enseignement du cinquième semestre",
        "nbHeureCM": "0",
        "nbHeureTD": "0",
        "nbHeureTP": "15",
        "nbHeureCMTD": "0",
        "nbGroupeCM": "0",
        "nbGroupeTD": "0",
        "nbGroupeTP": "4",
        "nbGroupeCMTD": "0",
        "nbEtuInscritElpEtape": "8",
        "nbEtuInscritElpTotal": "77",
        "volumeHoraireElpPondereEtape": "6.23",
        "volumeHoraireElpTotal": "60",
        "nbEtuInscritPrevisionnelElpEtape": "69",
        "nbEtuInscritPrevisionnelElpTotal": "5",
        "nbEtape": "2"
    },
    {
        "annee": "2024",
        "codeStructureEtape": "AES",
        "libStructureEtape": "Faculté des Sciences",
        "codeEtape": "TL1MPS11",
        "libEtape": "L1 Sc, techno, santé / Portail MPC - Accès Santé",
        "noElement": "EO115P",
        "libElement": "Ouvrir son cabinet ou lancer son activité libérale",
        "codeNatureElp": "EO",
        "libNatureElp": "E2O",
        "codeCNU": null,
        "libCNU": null,
        "codePeriode": "SP",
        "libPeriode": "Semestre Pair",
        "nbHeureCM": "0",
        "nbHeureTD": "16",
        "nbHeureTP": "0",
        "nbHeureCMTD": "0",
        "nbGroupeCM": "0",
        "nbGroupeTD": "1",
        "nbGroupeTP": "0",
        "nbGroupeCMTD": "0",
        "nbEtuInscritElpEtape": "0",
        "nbEtuInscritElpTotal": "8",
        "volumeHoraireElpPondereEtape": "0",
        "volumeHoraireElpTotal": "16",
        "nbEtuInscritPrevisionnelElpEtape": "0",
        "nbEtuInscritPrevisionnelElpTotal": "0",
        "nbEtape": "163"
    },
    {
        "annee": "2024",
        "codeStructureEtape": "AES",
        "libStructureEtape": "Faculté des Sciences",
        "codeEtape": "TL1MPS11",
        "libEtape": "L1 Sc, techno, santé / Portail MPC - Accès Santé",
        "noElement": "EO022P",
        "libElement": "Self défense",
        "codeNatureElp": "EO",
        "libNatureElp": "E2O",
        "codeCNU": null,
        "libCNU": null,
        "codePeriode": "SP",
        "libPeriode": "Semestre Pair",
        "nbHeureCM": "0",
        "nbHeureTD": "12",
        "nbHeureTP": "0",
        "nbHeureCMTD": "0",
        "nbGroupeCM": "0",
        "nbGroupeTD": "1",
        "nbGroupeTP": "0",
        "nbGroupeCMTD": "0",
        "nbEtuInscritElpEtape": "0",
        "nbEtuInscritElpTotal": "10",
        "volumeHoraireElpPondereEtape": "0",
        "volumeHoraireElpTotal": "12",
        "nbEtuInscritPrevisionnelElpEtape": "6",
        "nbEtuInscritPrevisionnelElpTotal": "0",
        "nbEtape": "169"
    },
    {
        "annee": "2024",
        "codeStructureEtape": "AES",
        "libStructureEtape": "Faculté des Sciences",
        "codeEtape": "TL1MPS11",
        "libEtape": "L1 Sc, techno, santé / Portail MPC - Accès Santé",
        "noElement": "UE69",
        "libElement": "Psychologie",
        "codeNatureElp": "MODU",
        "libNatureElp": "Module",
        "codeCNU": null,
        "libCNU": null,
        "codePeriode": "AN",
        "libPeriode": "Enseignement toute l'année",
        "nbHeureCM": "16",
        "nbHeureTD": "0",
        "nbHeureTP": "0",
        "nbHeureCMTD": "0",
        "nbGroupeCM": "0",
        "nbGroupeTD": "0",
        "nbGroupeTP": "0",
        "nbGroupeCMTD": "0",
        "nbEtuInscritElpEtape": "17",
        "nbEtuInscritElpTotal": "858",
        "volumeHoraireElpPondereEtape": ".48",
        "volumeHoraireElpTotal": "24",
        "nbEtuInscritPrevisionnelElpEtape": "811",
        "nbEtuInscritPrevisionnelElpTotal": "10",
        "nbEtape": "95"
    },
    {
        "annee": "2024",
        "codeStructureEtape": "AES",
        "libStructureEtape": "Faculté des Sciences",
        "codeEtape": "TL1MPS11",
        "libEtape": "L1 Sc, techno, santé / Portail MPC - Accès Santé",
        "noElement": "EO104P",
        "libElement": "Créer son CV vidéo pour se démarquer : écrire un script, ...",
        "codeNatureElp": "EO",
        "libNatureElp": "E2O",
        "codeCNU": null,
        "libCNU": null,
        "codePeriode": "SP",
        "libPeriode": "Semestre Pair",
        "nbHeureCM": "0",
        "nbHeureTD": "16",
        "nbHeureTP": "0",
        "nbHeureCMTD": "0",
        "nbGroupeCM": "0",
        "nbGroupeTD": "1",
        "nbGroupeTP": "0",
        "nbGroupeCMTD": "0",
        "nbEtuInscritElpEtape": "0",
        "nbEtuInscritElpTotal": "0",
        "volumeHoraireElpPondereEtape": "0",
        "volumeHoraireElpTotal": "16",
        "nbEtuInscritPrevisionnelElpEtape": "7",
        "nbEtuInscritPrevisionnelElpTotal": "0",
        "nbEtape": "164"
    },
    {
        "annee": "2024",
        "codeStructureEtape": "AES",
        "libStructureEtape": "Faculté des Sciences",
        "codeEtape": "TL1MPS11",
        "libEtape": "L1 Sc, techno, santé / Portail MPC - Accès Santé",
        "noElement": "TMX1510U",
        "libElement": "Chimie organique - P5",
        "codeNatureElp": "CHAR",
        "libNatureElp": "Charges d'Enseignement",
        "codeCNU": "32",
        "libCNU": "Chimie organique, minérale, industrielle",
        "codePeriode": "05",
        "libPeriode": "Période 5",
        "nbHeureCM": "5.33",
        "nbHeureTD": "6.67",
        "nbHeureTP": "0",
        "nbHeureCMTD": "0",
        "nbGroupeCM": "1",
        "nbGroupeTD": "2",
        "nbGroupeTP": "3",
        "nbGroupeCMTD": "2",
        "nbEtuInscritElpEtape": "8",
        "nbEtuInscritElpTotal": "60",
        "volumeHoraireElpPondereEtape": "2.85",
        "volumeHoraireElpTotal": "21.34",
        "nbEtuInscritPrevisionnelElpEtape": "60",
        "nbEtuInscritPrevisionnelElpTotal": "5",
        "nbEtape": "2"
    },
    {
        "annee": "2024",
        "codeStructureEtape": "AES",
        "libStructureEtape": "Faculté des Sciences",
        "codeEtape": "TL1MPS11",
        "libEtape": "L1 Sc, techno, santé / Portail MPC - Accès Santé",
        "noElement": "EO027P",
        "libElement": "Tir sportif",
        "codeNatureElp": "EO",
        "libNatureElp": "E2O",
        "codeCNU": null,
        "libCNU": null,
        "codePeriode": "SP",
        "libPeriode": "Semestre Pair",
        "nbHeureCM": "0",
        "nbHeureTD": "12",
        "nbHeureTP": "0",
        "nbHeureCMTD": "0",
        "nbGroupeCM": "0",
        "nbGroupeTD": "1",
        "nbGroupeTP": "0",
        "nbGroupeCMTD": "0",
        "nbEtuInscritElpEtape": "0",
        "nbEtuInscritElpTotal": "6",
        "volumeHoraireElpPondereEtape": "0",
        "volumeHoraireElpTotal": "12",
        "nbEtuInscritPrevisionnelElpEtape": "5",
        "nbEtuInscritPrevisionnelElpTotal": "0",
        "nbEtape": "168"
    },
    {
        "annee": "2024",
        "codeStructureEtape": "AES",
        "libStructureEtape": "Faculté des Sciences",
        "codeEtape": "TL1MPS11",
        "libEtape": "L1 Sc, techno, santé / Portail MPC - Accès Santé",
        "noElement": "TMX1309U",
        "libElement": "Fondements de l'optique - P3",
        "codeNatureElp": "CHAR",
        "libNatureElp": "Charges d'Enseignement",
        "codeCNU": "30",
        "libCNU": "Milieux dilués et optique",
        "codePeriode": "3",
        "libPeriode": "Enseignement du troisième semestre",
        "nbHeureCM": "0",
        "nbHeureTD": "0",
        "nbHeureTP": "0",
        "nbHeureCMTD": "13.33",
        "nbGroupeCM": "0",
        "nbGroupeTD": "0",
        "nbGroupeTP": "0",
        "nbGroupeCMTD": "2",
        "nbEtuInscritElpEtape": "8",
        "nbEtuInscritElpTotal": "74",
        "volumeHoraireElpPondereEtape": "3.6",
        "volumeHoraireElpTotal": "33.33",
        "nbEtuInscritPrevisionnelElpEtape": "72",
        "nbEtuInscritPrevisionnelElpTotal": "5",
        "nbEtape": "2"
    },
    {
        "annee": "2024",
        "codeStructureEtape": "AES",
        "libStructureEtape": "Faculté des Sciences",
        "codeEtape": "TL1MPS11",
        "libEtape": "L1 Sc, techno, santé / Portail MPC - Accès Santé",
        "noElement": "UE63",
        "libElement": "Odontologie",
        "codeNatureElp": "MODU",
        "libNatureElp": "Module",
        "codeCNU": null,
        "libCNU": null,
        "codePeriode": "AN",
        "libPeriode": "Enseignement toute l'année",
        "nbHeureCM": "16",
        "nbHeureTD": "0",
        "nbHeureTP": "0",
        "nbHeureCMTD": "0",
        "nbGroupeCM": "0",
        "nbGroupeTD": "0",
        "nbGroupeTP": "0",
        "nbGroupeCMTD": "0",
        "nbEtuInscritElpEtape": "17",
        "nbEtuInscritElpTotal": "858",
        "volumeHoraireElpPondereEtape": ".48",
        "volumeHoraireElpTotal": "24",
        "nbEtuInscritPrevisionnelElpEtape": "811",
        "nbEtuInscritPrevisionnelElpTotal": "10",
        "nbEtape": "95"
    },
    {
        "annee": "2024",
        "codeStructureEtape": "AES",
        "libStructureEtape": "Faculté des Sciences",
        "codeEtape": "TL1MPS11",
        "libEtape": "L1 Sc, techno, santé / Portail MPC - Accès Santé",
        "noElement": "EO102P",
        "libElement": "Graine d'entrepreneur",
        "codeNatureElp": "EO",
        "libNatureElp": "E2O",
        "codeCNU": null,
        "libCNU": null,
        "codePeriode": "SP",
        "libPeriode": "Semestre Pair",
        "nbHeureCM": "0",
        "nbHeureTD": "16",
        "nbHeureTP": "0",
        "nbHeureCMTD": "0",
        "nbGroupeCM": "0",
        "nbGroupeTD": "1",
        "nbGroupeTP": "0",
        "nbGroupeCMTD": "0",
        "nbEtuInscritElpEtape": "0",
        "nbEtuInscritElpTotal": "0",
        "volumeHoraireElpPondereEtape": "0",
        "volumeHoraireElpTotal": "16",
        "nbEtuInscritPrevisionnelElpEtape": "9",
        "nbEtuInscritPrevisionnelElpTotal": "0",
        "nbEtape": "164"
    },
    {
        "annee": "2024",
        "codeStructureEtape": "AES",
        "libStructureEtape": "Faculté des Sciences",
        "codeEtape": "TL1MPS11",
        "libEtape": "L1 Sc, techno, santé / Portail MPC - Accès Santé",
        "noElement": "TMX1353U",
        "libElement": "Anglais - P3",
        "codeNatureElp": "CHAR",
        "libNatureElp": "Charges d'Enseignement",
        "codeCNU": "11",
        "libCNU": "Langues et littératures anglaises et anglo-saxonnes",
        "codePeriode": "03",
        "libPeriode": "Période 3",
        "nbHeureCM": "0",
        "nbHeureTD": "1.33",
        "nbHeureTP": "6.67",
        "nbHeureCMTD": "0",
        "nbGroupeCM": "2",
        "nbGroupeTD": "7",
        "nbGroupeTP": "14",
        "nbGroupeCMTD": "7",
        "nbEtuInscritElpEtape": "16",
        "nbEtuInscritElpTotal": "276",
        "volumeHoraireElpPondereEtape": "5.95",
        "volumeHoraireElpTotal": "102.69",
        "nbEtuInscritPrevisionnelElpEtape": "277",
        "nbEtuInscritPrevisionnelElpTotal": "10",
        "nbEtape": "4"
    },
    {
        "annee": "2024",
        "codeStructureEtape": "AES",
        "libStructureEtape": "Faculté des Sciences",
        "codeEtape": "TL1MPS11",
        "libEtape": "L1 Sc, techno, santé / Portail MPC - Accès Santé",
        "noElement": "TMX1107U",
        "libElement": "Physique des ondes - P1",
        "codeNatureElp": "CHAR",
        "libNatureElp": "Charges d'Enseignement",
        "codeCNU": "30",
        "libCNU": "Milieux dilués et optique",
        "codePeriode": "1",
        "libPeriode": "Enseignement du premier semestre",
        "nbHeureCM": "0",
        "nbHeureTD": "0",
        "nbHeureTP": "0",
        "nbHeureCMTD": "13.33",
        "nbGroupeCM": "0",
        "nbGroupeTD": "0",
        "nbGroupeTP": "0",
        "nbGroupeCMTD": "4",
        "nbEtuInscritElpEtape": "17",
        "nbEtuInscritElpTotal": "124",
        "volumeHoraireElpPondereEtape": "9.14",
        "volumeHoraireElpTotal": "66.65",
        "nbEtuInscritPrevisionnelElpEtape": "117",
        "nbEtuInscritPrevisionnelElpTotal": "10",
        "nbEtape": "2"
    },
    {
        "annee": "2024",
        "codeStructureEtape": "AES",
        "libStructureEtape": "Faculté des Sciences",
        "codeEtape": "TL1MPS11",
        "libEtape": "L1 Sc, techno, santé / Portail MPC - Accès Santé",
        "noElement": "TMX1112U",
        "libElement": "Transformation de la matière - P1",
        "codeNatureElp": "CHAR",
        "libNatureElp": "Charges d'Enseignement",
        "codeCNU": "32",
        "libCNU": "Chimie organique, minérale, industrielle",
        "codePeriode": "01",
        "libPeriode": "Période 1",
        "nbHeureCM": "0",
        "nbHeureTD": "0",
        "nbHeureTP": "2.67",
        "nbHeureCMTD": "13.33",
        "nbGroupeCM": "0",
        "nbGroupeTD": "0",
        "nbGroupeTP": "7",
        "nbGroupeCMTD": "4",
        "nbEtuInscritElpEtape": "17",
        "nbEtuInscritElpTotal": "125",
        "volumeHoraireElpPondereEtape": "11.61",
        "volumeHoraireElpTotal": "85.34",
        "nbEtuInscritPrevisionnelElpEtape": "116",
        "nbEtuInscritPrevisionnelElpTotal": "10",
        "nbEtape": "2"
    },
    {
        "annee": "2024",
        "codeStructureEtape": "AES",
        "libStructureEtape": "Faculté des Sciences",
        "codeEtape": "TL1MPS11",
        "libEtape": "L1 Sc, techno, santé / Portail MPC - Accès Santé",
        "noElement": "UE67",
        "libElement": "Anatomie",
        "codeNatureElp": "MODU",
        "libNatureElp": "Module",
        "codeCNU": null,
        "libCNU": null,
        "codePeriode": "AN",
        "libPeriode": "Enseignement toute l'année",
        "nbHeureCM": "16",
        "nbHeureTD": "0",
        "nbHeureTP": "0",
        "nbHeureCMTD": "0",
        "nbGroupeCM": "0",
        "nbGroupeTD": "0",
        "nbGroupeTP": "0",
        "nbGroupeCMTD": "0",
        "nbEtuInscritElpEtape": "17",
        "nbEtuInscritElpTotal": "858",
        "volumeHoraireElpPondereEtape": ".48",
        "volumeHoraireElpTotal": "24",
        "nbEtuInscritPrevisionnelElpEtape": "811",
        "nbEtuInscritPrevisionnelElpTotal": "10",
        "nbEtape": "95"
    },
    {
        "annee": "2024",
        "codeStructureEtape": "AES",
        "libStructureEtape": "Faculté des Sciences",
        "codeEtape": "TL1MPS11",
        "libEtape": "L1 Sc, techno, santé / Portail MPC - Accès Santé",
        "noElement": "EO095P",
        "libElement": "BD du réel : composer un récit graphique",
        "codeNatureElp": "EO",
        "libNatureElp": "E2O",
        "codeCNU": null,
        "libCNU": null,
        "codePeriode": "SP",
        "libPeriode": "Semestre Pair",
        "nbHeureCM": "0",
        "nbHeureTD": "16",
        "nbHeureTP": "0",
        "nbHeureCMTD": "0",
        "nbGroupeCM": "0",
        "nbGroupeTD": "1",
        "nbGroupeTP": "0",
        "nbGroupeCMTD": "0",
        "nbEtuInscritElpEtape": "0",
        "nbEtuInscritElpTotal": "0",
        "volumeHoraireElpPondereEtape": "0",
        "volumeHoraireElpTotal": "16",
        "nbEtuInscritPrevisionnelElpEtape": "8",
        "nbEtuInscritPrevisionnelElpTotal": "0",
        "nbEtape": "163"
    },
    {
        "annee": "2024",
        "codeStructureEtape": "AES",
        "libStructureEtape": "Faculté des Sciences",
        "codeEtape": "TL1MPS11",
        "libEtape": "L1 Sc, techno, santé / Portail MPC - Accès Santé",
        "noElement": "TMX1414U",
        "libElement": "Géométrie - P4",
        "codeNatureElp": "CHAR",
        "libNatureElp": "Charges d'Enseignement",
        "codeCNU": "25",
        "libCNU": "Mathématiques",
        "codePeriode": "4",
        "libPeriode": "Enseignement du quatrième semestre",
        "nbHeureCM": "8",
        "nbHeureTD": "21.33",
        "nbHeureTP": "0",
        "nbHeureCMTD": "0",
        "nbGroupeCM": "1",
        "nbGroupeTD": "5",
        "nbGroupeTP": "0",
        "nbGroupeCMTD": "0",
        "nbEtuInscritElpEtape": "8",
        "nbEtuInscritElpTotal": "192",
        "volumeHoraireElpPondereEtape": "4.94",
        "volumeHoraireElpTotal": "118.65",
        "nbEtuInscritPrevisionnelElpEtape": "184",
        "nbEtuInscritPrevisionnelElpTotal": "5",
        "nbEtape": "6"
    },
    {
        "annee": "2024",
        "codeStructureEtape": "AES",
        "libStructureEtape": "Faculté des Sciences",
        "codeEtape": "TL1MPS11",
        "libEtape": "L1 Sc, techno, santé / Portail MPC - Accès Santé",
        "noElement": "TMX1458U",
        "libElement": "Projet personnel et professionnel - P4 - MPC MI",
        "codeNatureElp": "CHAR",
        "libNatureElp": "Charges d'Enseignement",
        "codeCNU": null,
        "libCNU": null,
        "codePeriode": "4",
        "libPeriode": "Enseignement du quatrième semestre",
        "nbHeureCM": "0",
        "nbHeureTD": "2.67",
        "nbHeureTP": "1.33",
        "nbHeureCMTD": "0",
        "nbGroupeCM": "0",
        "nbGroupeTD": "7",
        "nbGroupeTP": "13",
        "nbGroupeCMTD": "0",
        "nbEtuInscritElpEtape": "16",
        "nbEtuInscritElpTotal": "257",
        "volumeHoraireElpPondereEtape": "2.24",
        "volumeHoraireElpTotal": "35.98",
        "nbEtuInscritPrevisionnelElpEtape": "258",
        "nbEtuInscritPrevisionnelElpTotal": "10",
        "nbEtape": "3"
    },
    {
        "annee": "2024",
        "codeStructureEtape": "AES",
        "libStructureEtape": "Faculté des Sciences",
        "codeEtape": "TL1MPS11",
        "libEtape": "L1 Sc, techno, santé / Portail MPC - Accès Santé",
        "noElement": "TMX1121U",
        "libElement": "Algèbre élémentaire - P1",
        "codeNatureElp": "CHAR",
        "libNatureElp": "Charges d'Enseignement",
        "codeCNU": "25",
        "libCNU": "Mathématiques",
        "codePeriode": "01",
        "libPeriode": "Période 1",
        "nbHeureCM": "0",
        "nbHeureTD": "0",
        "nbHeureTP": "0",
        "nbHeureCMTD": "14.67",
        "nbGroupeCM": "2",
        "nbGroupeTD": "9",
        "nbGroupeTP": "18",
        "nbGroupeCMTD": "9",
        "nbEtuInscritElpEtape": "17",
        "nbEtuInscritElpTotal": "360",
        "volumeHoraireElpPondereEtape": "7.79",
        "volumeHoraireElpTotal": "165.04",
        "nbEtuInscritPrevisionnelElpEtape": "364",
        "nbEtuInscritPrevisionnelElpTotal": "10",
        "nbEtape": "6"
    },
    {
        "annee": "2024",
        "codeStructureEtape": "AES",
        "libStructureEtape": "Faculté des Sciences",
        "codeEtape": "TL1MPS11",
        "libEtape": "L1 Sc, techno, santé / Portail MPC - Accès Santé",
        "noElement": "TMX1221U",
        "libElement": "Algèbre élémentaire - P2",
        "codeNatureElp": "CHAR",
        "libNatureElp": "Charges d'Enseignement",
        "codeCNU": "25",
        "libCNU": "Mathématiques",
        "codePeriode": "02",
        "libPeriode": "Période 2",
        "nbHeureCM": "0",
        "nbHeureTD": "0",
        "nbHeureTP": "0",
        "nbHeureCMTD": "16",
        "nbGroupeCM": "2",
        "nbGroupeTD": "9",
        "nbGroupeTP": "18",
        "nbGroupeCMTD": "9",
        "nbEtuInscritElpEtape": "17",
        "nbEtuInscritElpTotal": "360",
        "volumeHoraireElpPondereEtape": "8.5",
        "volumeHoraireElpTotal": "180",
        "nbEtuInscritPrevisionnelElpEtape": "364",
        "nbEtuInscritPrevisionnelElpTotal": "10",
        "nbEtape": "6"
    },
    {
        "annee": "2024",
        "codeStructureEtape": "AES",
        "libStructureEtape": "Faculté des Sciences",
        "codeEtape": "TL1MPS11",
        "libEtape": "L1 Sc, techno, santé / Portail MPC - Accès Santé",
        "noElement": "TMX1400U",
        "libElement": "Oraux de mathématiques - P4",
        "codeNatureElp": "CHAR",
        "libNatureElp": "Charges d'Enseignement",
        "codeCNU": "25",
        "libCNU": "Mathématiques",
        "codePeriode": "04",
        "libPeriode": "Période 4",
        "nbHeureCM": "0",
        "nbHeureTD": "1",
        "nbHeureTP": "0",
        "nbHeureCMTD": "0",
        "nbGroupeCM": "0",
        "nbGroupeTD": "45",
        "nbGroupeTP": "0",
        "nbGroupeCMTD": "0",
        "nbEtuInscritElpEtape": "8",
        "nbEtuInscritElpTotal": "133",
        "volumeHoraireElpPondereEtape": "2.71",
        "volumeHoraireElpTotal": "45",
        "nbEtuInscritPrevisionnelElpEtape": "126",
        "nbEtuInscritPrevisionnelElpTotal": "5",
        "nbEtape": "5"
    }
]