[
    {
        "annee": "2024",
        "codeStructureEtape": "AES",
        "libStructureEtape": "Faculté des Sciences",
        "codeEtape": "TM1CE3",
        "libEtape": "M1 Chimie / Chimie-environnement",
        "noElement": "TCC424",
        "libElement": "Supplément stage en entreprise",
        "codeNatureElp": "STAG",
        "libNatureElp": "Stage",
        "codeCNU": null,
        "libCNU": null,
        "codePeriode": "2",
        "libPeriode": "Enseignement du second semestre",
        "nbHeureCM": "0",
        "nbHeureTD": "0",
        "nbHeureTP": "0",
        "nbHeureCMTD": "0",
        "nbGroupeCM": "0",
        "nbGroupeTD": "0",
        "nbGroupeTP": "0",
        "nbGroupeCMTD": "0",
        "nbEtuInscritElpEtape": "0",
        "nbEtuInscritElpTotal": "0",
        "volumeHoraireElpPondereEtape": "0",
        "volumeHoraireElpTotal": "0",
        "nbEtuInscritPrevisionnelElpEtape": "8",
        "nbEtuInscritPrevisionnelElpTotal": "8",
        "nbEtape": "1"
    },
    {
        "annee": "2024",
        "codeStructureEtape": "AES",
        "libStructureEtape": "Faculté des Sciences",
        "codeEtape": "TM1CE3",
        "libEtape": "M1 Chimie / Chimie-environnement",
        "noElement": "TCC423",
        "libElement": "Anglais renforcé 5",
        "codeNatureElp": "MATI",
        "libNatureElp": "Matière",
        "codeCNU": null,
        "libCNU": null,
        "codePeriode": "2",
        "libPeriode": "Enseignement du second semestre",
        "nbHeureCM": "0",
        "nbHeureTD": "0",
        "nbHeureTP": "10",
        "nbHeureCMTD": "0",
        "nbGroupeCM": "0",
        "nbGroupeTD": "0",
        "nbGroupeTP": "1",
        "nbGroupeCMTD": "0",
        "nbEtuInscritElpEtape": "0",
        "nbEtuInscritElpTotal": "0",
        "volumeHoraireElpPondereEtape": "0",
        "volumeHoraireElpTotal": "10",
        "nbEtuInscritPrevisionnelElpEtape": "8",
        "nbEtuInscritPrevisionnelElpTotal": "8",
        "nbEtape": "1"
    },
    {
        "annee": "2024",
        "codeStructureEtape": "AES",
        "libStructureEtape": "Faculté des Sciences",
        "codeEtape": "TM1CE3",
        "libEtape": "M1 Chimie / Chimie-environnement",
        "noElement": "TCC422",
        "libElement": "Modélisation hydraulique par EPANET des réseaux de distrib.",
        "codeNatureElp": "MATI",
        "libNatureElp": "Matière",
        "codeCNU": null,
        "libCNU": null,
        "codePeriode": "2",
        "libPeriode": "Enseignement du second semestre",
        "nbHeureCM": "0",
        "nbHeureTD": "18",
        "nbHeureTP": "0",
        "nbHeureCMTD": "0",
        "nbGroupeCM": "0",
        "nbGroupeTD": "1",
        "nbGroupeTP": "0",
        "nbGroupeCMTD": "0",
        "nbEtuInscritElpEtape": "0",
        "nbEtuInscritElpTotal": "0",
        "volumeHoraireElpPondereEtape": "0",
        "volumeHoraireElpTotal": "18",
        "nbEtuInscritPrevisionnelElpEtape": "8",
        "nbEtuInscritPrevisionnelElpTotal": "8",
        "nbEtape": "1"
    },
    {
        "annee": "2024",
        "codeStructureEtape": "AES",
        "libStructureEtape": "Faculté des Sciences",
        "codeEtape": "TM1CE3",
        "libEtape": "M1 Chimie / Chimie-environnement",
        "noElement": "TCC412",
        "libElement": "Management des ressources humaines",
        "codeNatureElp": "MATI",
        "libNatureElp": "Matière",
        "codeCNU": null,
        "libCNU": null,
        "codePeriode": "1",
        "libPeriode": "Enseignement du premier semestre",
        "nbHeureCM": "0",
        "nbHeureTD": "0",
        "nbHeureTP": "19",
        "nbHeureCMTD": "0",
        "nbGroupeCM": "0",
        "nbGroupeTD": "0",
        "nbGroupeTP": "1",
        "nbGroupeCMTD": "0",
        "nbEtuInscritElpEtape": "0",
        "nbEtuInscritElpTotal": "0",
        "volumeHoraireElpPondereEtape": "0",
        "volumeHoraireElpTotal": "19",
        "nbEtuInscritPrevisionnelElpEtape": "8",
        "nbEtuInscritPrevisionnelElpTotal": "8",
        "nbEtape": "1"
    },
    {
        "annee": "2024",
        "codeStructureEtape": "AES",
        "libStructureEtape": "Faculté des Sciences",
        "codeEtape": "TM1CE3",
        "libEtape": "M1 Chimie / Chimie-environnement",
        "noElement": "TCC425",
        "libElement": "Initiation au dessin assisté par ordinateur sur Autocad",
        "codeNatureElp": "MATI",
        "libNatureElp": "Matière",
        "codeCNU": null,
        "libCNU": null,
        "codePeriode": "2",
        "libPeriode": "Enseignement du second semestre",
        "nbHeureCM": "0",
        "nbHeureTD": "0",
        "nbHeureTP": "12",
        "nbHeureCMTD": "0",
        "nbGroupeCM": "0",
        "nbGroupeTD": "0",
        "nbGroupeTP": "1",
        "nbGroupeCMTD": "0",
        "nbEtuInscritElpEtape": "0",
        "nbEtuInscritElpTotal": "0",
        "volumeHoraireElpPondereEtape": "0",
        "volumeHoraireElpTotal": "12",
        "nbEtuInscritPrevisionnelElpEtape": "8",
        "nbEtuInscritPrevisionnelElpTotal": "8",
        "nbEtape": "1"
    },
    {
        "annee": "2024",
        "codeStructureEtape": "AES",
        "libStructureEtape": "Faculté des Sciences",
        "codeEtape": "TM1CE3",
        "libEtape": "M1 Chimie / Chimie-environnement",
        "noElement": "TCC413",
        "libElement": "Anglais renforcé 4",
        "codeNatureElp": "MATI",
        "libNatureElp": "Matière",
        "codeCNU": null,
        "libCNU": null,
        "codePeriode": "1",
        "libPeriode": "Enseignement du premier semestre",
        "nbHeureCM": "0",
        "nbHeureTD": "0",
        "nbHeureTP": "10",
        "nbHeureCMTD": "0",
        "nbGroupeCM": "0",
        "nbGroupeTD": "0",
        "nbGroupeTP": "1",
        "nbGroupeCMTD": "0",
        "nbEtuInscritElpEtape": "0",
        "nbEtuInscritElpTotal": "0",
        "volumeHoraireElpPondereEtape": "0",
        "volumeHoraireElpTotal": "10",
        "nbEtuInscritPrevisionnelElpEtape": "8",
        "nbEtuInscritPrevisionnelElpTotal": "8",
        "nbEtape": "1"
    },
    {
        "annee": "2024",
        "codeStructureEtape": "AES",
        "libStructureEtape": "Faculté des Sciences",
        "codeEtape": "TM1CE3",
        "libEtape": "M1 Chimie / Chimie-environnement",
        "noElement": "TCC411",
        "libElement": "Electricité durable",
        "codeNatureElp": "MATI",
        "libNatureElp": "Matière",
        "codeCNU": null,
        "libCNU": null,
        "codePeriode": "1",
        "libPeriode": "Enseignement du premier semestre",
        "nbHeureCM": "0",
        "nbHeureTD": "0",
        "nbHeureTP": "20",
        "nbHeureCMTD": "0",
        "nbGroupeCM": "0",
        "nbGroupeTD": "0",
        "nbGroupeTP": "1",
        "nbGroupeCMTD": "0",
        "nbEtuInscritElpEtape": "0",
        "nbEtuInscritElpTotal": "0",
        "volumeHoraireElpPondereEtape": "0",
        "volumeHoraireElpTotal": "20",
        "nbEtuInscritPrevisionnelElpEtape": "8",
        "nbEtuInscritPrevisionnelElpTotal": "8",
        "nbEtape": "1"
    }
]