[
    {
        "annee": "2024",
        "codeStructureEtape": "AES",
        "libStructureEtape": "Faculté des Sciences",
        "codeEtape": "TM2LUM3",
        "libEtape": "M2 Chimie / Lumière Molécule Matière (LUMOMAT)",
        "noElement": "TLU533A",
        "libElement": "Ingénierie moléculaire des systèmes pi-conjugués",
        "codeNatureElp": "MATI",
        "libNatureElp": "Matière",
        "codeCNU": "32",
        "libCNU": "Chimie organique, minérale, industrielle",
        "codePeriode": "3",
        "libPeriode": "Enseignement du troisième semestre",
        "nbHeureCM": "24",
        "nbHeureTD": "16",
        "nbHeureTP": "0",
        "nbHeureCMTD": "0",
        "nbGroupeCM": "1",
        "nbGroupeTD": "1",
        "nbGroupeTP": "1",
        "nbGroupeCMTD": "0",
        "nbEtuInscritElpEtape": "17",
        "nbEtuInscritElpTotal": "17",
        "volumeHoraireElpPondereEtape": "52",
        "volumeHoraireElpTotal": "52",
        "nbEtuInscritPrevisionnelElpEtape": "15",
        "nbEtuInscritPrevisionnelElpTotal": "15",
        "nbEtape": "1"
    },
    {
        "annee": "2024",
        "codeStructureEtape": "AES",
        "libStructureEtape": "Faculté des Sciences",
        "codeEtape": "TM2LUM3",
        "libEtape": "M2 Chimie / Lumière Molécule Matière (LUMOMAT)",
        "noElement": "TLU535A",
        "libElement": "Matériaux moléculaires et hybrides, nanomatériaux",
        "codeNatureElp": "MATI",
        "libNatureElp": "Matière",
        "codeCNU": "33",
        "libCNU": "Chimie des matériaux",
        "codePeriode": "3",
        "libPeriode": "Enseignement du troisième semestre",
        "nbHeureCM": "30",
        "nbHeureTD": "4",
        "nbHeureTP": "16",
        "nbHeureCMTD": "0",
        "nbGroupeCM": "1",
        "nbGroupeTD": "1",
        "nbGroupeTP": "2",
        "nbGroupeCMTD": "0",
        "nbEtuInscritElpEtape": "17",
        "nbEtuInscritElpTotal": "17",
        "volumeHoraireElpPondereEtape": "81",
        "volumeHoraireElpTotal": "81",
        "nbEtuInscritPrevisionnelElpEtape": "15",
        "nbEtuInscritPrevisionnelElpTotal": "15",
        "nbEtape": "1"
    },
    {
        "annee": "2024",
        "codeStructureEtape": "AES",
        "libStructureEtape": "Faculté des Sciences",
        "codeEtape": "TM2LUM3",
        "libEtape": "M2 Chimie / Lumière Molécule Matière (LUMOMAT)",
        "noElement": "TLU534A",
        "libElement": "Photophysique et photochimie",
        "codeNatureElp": "MATI",
        "libNatureElp": "Matière",
        "codeCNU": "31",
        "libCNU": "Chimie théorique, physique, analytique",
        "codePeriode": "3",
        "libPeriode": "Enseignement du troisième semestre",
        "nbHeureCM": "17",
        "nbHeureTD": "5",
        "nbHeureTP": "8",
        "nbHeureCMTD": "0",
        "nbGroupeCM": "1",
        "nbGroupeTD": "1",
        "nbGroupeTP": "2",
        "nbGroupeCMTD": "0",
        "nbEtuInscritElpEtape": "17",
        "nbEtuInscritElpTotal": "17",
        "volumeHoraireElpPondereEtape": "46.5",
        "volumeHoraireElpTotal": "46.5",
        "nbEtuInscritPrevisionnelElpEtape": "15",
        "nbEtuInscritPrevisionnelElpTotal": "15",
        "nbEtape": "1"
    },
    {
        "annee": "2024",
        "codeStructureEtape": "AES",
        "libStructureEtape": "Faculté des Sciences",
        "codeEtape": "TM2LUM3",
        "libEtape": "M2 Chimie / Lumière Molécule Matière (LUMOMAT)",
        "noElement": "TLU541A",
        "libElement": "Stage",
        "codeNatureElp": "STAG",
        "libNatureElp": "Stage",
        "codeCNU": null,
        "libCNU": null,
        "codePeriode": "4",
        "libPeriode": "Enseignement du quatrième semestre",
        "nbHeureCM": "0",
        "nbHeureTD": "4",
        "nbHeureTP": "0",
        "nbHeureCMTD": "0",
        "nbGroupeCM": "17",
        "nbGroupeTD": "17",
        "nbGroupeTP": "17",
        "nbGroupeCMTD": "0",
        "nbEtuInscritElpEtape": "17",
        "nbEtuInscritElpTotal": "17",
        "volumeHoraireElpPondereEtape": "68",
        "volumeHoraireElpTotal": "68",
        "nbEtuInscritPrevisionnelElpEtape": "15",
        "nbEtuInscritPrevisionnelElpTotal": "15",
        "nbEtape": "1"
    },
    {
        "annee": "2024",
        "codeStructureEtape": "AES",
        "libStructureEtape": "Faculté des Sciences",
        "codeEtape": "TM2LUM3",
        "libEtape": "M2 Chimie / Lumière Molécule Matière (LUMOMAT)",
        "noElement": "TLU532C",
        "libElement": "Formulation",
        "codeNatureElp": "MATI",
        "libNatureElp": "Matière",
        "codeCNU": "33",
        "libCNU": "Chimie des matériaux",
        "codePeriode": "3",
        "libPeriode": "Enseignement du troisième semestre",
        "nbHeureCM": "18",
        "nbHeureTD": "4",
        "nbHeureTP": "8",
        "nbHeureCMTD": "0",
        "nbGroupeCM": "1",
        "nbGroupeTD": "1",
        "nbGroupeTP": "2",
        "nbGroupeCMTD": "0",
        "nbEtuInscritElpEtape": "16",
        "nbEtuInscritElpTotal": "16",
        "volumeHoraireElpPondereEtape": "47",
        "volumeHoraireElpTotal": "47",
        "nbEtuInscritPrevisionnelElpEtape": "15",
        "nbEtuInscritPrevisionnelElpTotal": "15",
        "nbEtape": "1"
    },
    {
        "annee": "2024",
        "codeStructureEtape": "AES",
        "libStructureEtape": "Faculté des Sciences",
        "codeEtape": "TM2LUM3",
        "libEtape": "M2 Chimie / Lumière Molécule Matière (LUMOMAT)",
        "noElement": "TLU531B",
        "libElement": "Formation professionnelle",
        "codeNatureElp": "MATI",
        "libNatureElp": "Matière",
        "codeCNU": null,
        "libCNU": null,
        "codePeriode": "3",
        "libPeriode": "Enseignement du troisième semestre",
        "nbHeureCM": "0",
        "nbHeureTD": "0",
        "nbHeureTP": "15",
        "nbHeureCMTD": "0",
        "nbGroupeCM": "1",
        "nbGroupeTD": "1",
        "nbGroupeTP": "1",
        "nbGroupeCMTD": "0",
        "nbEtuInscritElpEtape": "16",
        "nbEtuInscritElpTotal": "16",
        "volumeHoraireElpPondereEtape": "15",
        "volumeHoraireElpTotal": "15",
        "nbEtuInscritPrevisionnelElpEtape": "15",
        "nbEtuInscritPrevisionnelElpTotal": "15",
        "nbEtape": "1"
    },
    {
        "annee": "2024",
        "codeStructureEtape": "AES",
        "libStructureEtape": "Faculté des Sciences",
        "codeEtape": "TM2LUM3",
        "libEtape": "M2 Chimie / Lumière Molécule Matière (LUMOMAT)",
        "noElement": "TLU535B",
        "libElement": "Electronique organique",
        "codeNatureElp": "MATI",
        "libNatureElp": "Matière",
        "codeCNU": "32",
        "libCNU": "Chimie organique, minérale, industrielle",
        "codePeriode": "3",
        "libPeriode": "Enseignement du troisième semestre",
        "nbHeureCM": "35",
        "nbHeureTD": "5",
        "nbHeureTP": "20",
        "nbHeureCMTD": "0",
        "nbGroupeCM": "1",
        "nbGroupeTD": "1",
        "nbGroupeTP": "2",
        "nbGroupeCMTD": "0",
        "nbEtuInscritElpEtape": "17",
        "nbEtuInscritElpTotal": "17",
        "volumeHoraireElpPondereEtape": "97.5",
        "volumeHoraireElpTotal": "97.5",
        "nbEtuInscritPrevisionnelElpEtape": "15",
        "nbEtuInscritPrevisionnelElpTotal": "15",
        "nbEtape": "1"
    },
    {
        "annee": "2024",
        "codeStructureEtape": "AES",
        "libStructureEtape": "Faculté des Sciences",
        "codeEtape": "TM2LUM3",
        "libEtape": "M2 Chimie / Lumière Molécule Matière (LUMOMAT)",
        "noElement": "TLU533B",
        "libElement": "Chimie supramoléculaire",
        "codeNatureElp": "MATI",
        "libNatureElp": "Matière",
        "codeCNU": "32",
        "libCNU": "Chimie organique, minérale, industrielle",
        "codePeriode": "3",
        "libPeriode": "Enseignement du troisième semestre",
        "nbHeureCM": "25",
        "nbHeureTD": "0",
        "nbHeureTP": "10",
        "nbHeureCMTD": "0",
        "nbGroupeCM": "1",
        "nbGroupeTD": "1",
        "nbGroupeTP": "2",
        "nbGroupeCMTD": "0",
        "nbEtuInscritElpEtape": "17",
        "nbEtuInscritElpTotal": "17",
        "volumeHoraireElpPondereEtape": "57.5",
        "volumeHoraireElpTotal": "57.5",
        "nbEtuInscritPrevisionnelElpEtape": "15",
        "nbEtuInscritPrevisionnelElpTotal": "15",
        "nbEtape": "1"
    },
    {
        "annee": "2024",
        "codeStructureEtape": "AES",
        "libStructureEtape": "Faculté des Sciences",
        "codeEtape": "TM2LUM3",
        "libEtape": "M2 Chimie / Lumière Molécule Matière (LUMOMAT)",
        "noElement": "TLU531A",
        "libElement": "Anglais",
        "codeNatureElp": "MATI",
        "libNatureElp": "Matière",
        "codeCNU": "11",
        "libCNU": "Langues et littératures anglaises et anglo-saxonnes",
        "codePeriode": "3",
        "libPeriode": "Enseignement du troisième semestre",
        "nbHeureCM": "0",
        "nbHeureTD": "0",
        "nbHeureTP": "10",
        "nbHeureCMTD": "0",
        "nbGroupeCM": "1",
        "nbGroupeTD": "1",
        "nbGroupeTP": "1",
        "nbGroupeCMTD": "0",
        "nbEtuInscritElpEtape": "17",
        "nbEtuInscritElpTotal": "17",
        "volumeHoraireElpPondereEtape": "10",
        "volumeHoraireElpTotal": "10",
        "nbEtuInscritPrevisionnelElpEtape": "15",
        "nbEtuInscritPrevisionnelElpTotal": "15",
        "nbEtape": "1"
    },
    {
        "annee": "2024",
        "codeStructureEtape": "AES",
        "libStructureEtape": "Faculté des Sciences",
        "codeEtape": "TM2LUM3",
        "libEtape": "M2 Chimie / Lumière Molécule Matière (LUMOMAT)",
        "noElement": "TLU532B",
        "libElement": "Modélisation moléculaire",
        "codeNatureElp": "MATI",
        "libNatureElp": "Matière",
        "codeCNU": "31",
        "libCNU": "Chimie théorique, physique, analytique",
        "codePeriode": "3",
        "libPeriode": "Enseignement du troisième semestre",
        "nbHeureCM": "15",
        "nbHeureTD": "0",
        "nbHeureTP": "10",
        "nbHeureCMTD": "0",
        "nbGroupeCM": "1",
        "nbGroupeTD": "1",
        "nbGroupeTP": "1",
        "nbGroupeCMTD": "0",
        "nbEtuInscritElpEtape": "17",
        "nbEtuInscritElpTotal": "17",
        "volumeHoraireElpPondereEtape": "32.5",
        "volumeHoraireElpTotal": "32.5",
        "nbEtuInscritPrevisionnelElpEtape": "15",
        "nbEtuInscritPrevisionnelElpTotal": "15",
        "nbEtape": "1"
    },
    {
        "annee": "2024",
        "codeStructureEtape": "AES",
        "libStructureEtape": "Faculté des Sciences",
        "codeEtape": "TM2LUM3",
        "libEtape": "M2 Chimie / Lumière Molécule Matière (LUMOMAT)",
        "noElement": "TLU531C",
        "libElement": "Projet expérimental étudiant",
        "codeNatureElp": "PRJ",
        "libNatureElp": "Projet",
        "codeCNU": null,
        "libCNU": null,
        "codePeriode": "3",
        "libPeriode": "Enseignement du troisième semestre",
        "nbHeureCM": "0",
        "nbHeureTD": "0",
        "nbHeureTP": "30",
        "nbHeureCMTD": "0",
        "nbGroupeCM": "1",
        "nbGroupeTD": "1",
        "nbGroupeTP": "1",
        "nbGroupeCMTD": "0",
        "nbEtuInscritElpEtape": "16",
        "nbEtuInscritElpTotal": "16",
        "volumeHoraireElpPondereEtape": "30",
        "volumeHoraireElpTotal": "30",
        "nbEtuInscritPrevisionnelElpEtape": "15",
        "nbEtuInscritPrevisionnelElpTotal": "15",
        "nbEtape": "1"
    },
    {
        "annee": "2024",
        "codeStructureEtape": "AES",
        "libStructureEtape": "Faculté des Sciences",
        "codeEtape": "TM2LUM3",
        "libEtape": "M2 Chimie / Lumière Molécule Matière (LUMOMAT)",
        "noElement": "TLU534B",
        "libElement": "Techniques de spectroscopies et microscopies",
        "codeNatureElp": "MATI",
        "libNatureElp": "Matière",
        "codeCNU": "31",
        "libCNU": "Chimie théorique, physique, analytique",
        "codePeriode": "3",
        "libPeriode": "Enseignement du troisième semestre",
        "nbHeureCM": "12",
        "nbHeureTD": "0",
        "nbHeureTP": "0",
        "nbHeureCMTD": "0",
        "nbGroupeCM": "1",
        "nbGroupeTD": "1",
        "nbGroupeTP": "1",
        "nbGroupeCMTD": "0",
        "nbEtuInscritElpEtape": "17",
        "nbEtuInscritElpTotal": "17",
        "volumeHoraireElpPondereEtape": "18",
        "volumeHoraireElpTotal": "18",
        "nbEtuInscritPrevisionnelElpEtape": "15",
        "nbEtuInscritPrevisionnelElpTotal": "15",
        "nbEtape": "1"
    },
    {
        "annee": "2024",
        "codeStructureEtape": "AES",
        "libStructureEtape": "Faculté des Sciences",
        "codeEtape": "TM2LUM3",
        "libEtape": "M2 Chimie / Lumière Molécule Matière (LUMOMAT)",
        "noElement": "TLU534C",
        "libElement": "Interaction lumière-matière pour la biologie",
        "codeNatureElp": "MATI",
        "libNatureElp": "Matière",
        "codeCNU": "32",
        "libCNU": "Chimie organique, minérale, industrielle",
        "codePeriode": "3",
        "libPeriode": "Enseignement du troisième semestre",
        "nbHeureCM": "13",
        "nbHeureTD": "0",
        "nbHeureTP": "0",
        "nbHeureCMTD": "0",
        "nbGroupeCM": "1",
        "nbGroupeTD": "1",
        "nbGroupeTP": "1",
        "nbGroupeCMTD": "0",
        "nbEtuInscritElpEtape": "17",
        "nbEtuInscritElpTotal": "17",
        "volumeHoraireElpPondereEtape": "19.5",
        "volumeHoraireElpTotal": "19.5",
        "nbEtuInscritPrevisionnelElpEtape": "15",
        "nbEtuInscritPrevisionnelElpTotal": "15",
        "nbEtape": "1"
    },
    {
        "annee": "2024",
        "codeStructureEtape": "AES",
        "libStructureEtape": "Faculté des Sciences",
        "codeEtape": "TM2LUM3",
        "libEtape": "M2 Chimie / Lumière Molécule Matière (LUMOMAT)",
        "noElement": "TLU532A",
        "libElement": "Introduction à la planification d'expériences",
        "codeNatureElp": "MATI",
        "libNatureElp": "Matière",
        "codeCNU": "31",
        "libCNU": "Chimie théorique, physique, analytique",
        "codePeriode": "3",
        "libPeriode": "Enseignement du troisième semestre",
        "nbHeureCM": "11",
        "nbHeureTD": "0",
        "nbHeureTP": "4",
        "nbHeureCMTD": "0",
        "nbGroupeCM": "1",
        "nbGroupeTD": "1",
        "nbGroupeTP": "3",
        "nbGroupeCMTD": "0",
        "nbEtuInscritElpEtape": "17",
        "nbEtuInscritElpTotal": "17",
        "volumeHoraireElpPondereEtape": "28.5",
        "volumeHoraireElpTotal": "28.5",
        "nbEtuInscritPrevisionnelElpEtape": "15",
        "nbEtuInscritPrevisionnelElpTotal": "15",
        "nbEtape": "1"
    },
    {
        "annee": "2024",
        "codeStructureEtape": "AES",
        "libStructureEtape": "Faculté des Sciences",
        "codeEtape": "TM2LUM3",
        "libEtape": "M2 Chimie / Lumière Molécule Matière (LUMOMAT)",
        "noElement": "TLU541B",
        "libElement": "Stage d'alternance",
        "codeNatureElp": "STAG",
        "libNatureElp": "Stage",
        "codeCNU": null,
        "libCNU": null,
        "codePeriode": "4",
        "libPeriode": "Enseignement du quatrième semestre",
        "nbHeureCM": "0",
        "nbHeureTD": "12",
        "nbHeureTP": "0",
        "nbHeureCMTD": "0",
        "nbGroupeCM": "0",
        "nbGroupeTD": "0",
        "nbGroupeTP": "0",
        "nbGroupeCMTD": "0",
        "nbEtuInscritElpEtape": "0",
        "nbEtuInscritElpTotal": "0",
        "volumeHoraireElpPondereEtape": "0",
        "volumeHoraireElpTotal": "12",
        "nbEtuInscritPrevisionnelElpEtape": "0",
        "nbEtuInscritPrevisionnelElpTotal": "0",
        "nbEtape": "1"
    },
    {
        "annee": "2024",
        "codeStructureEtape": "AES",
        "libStructureEtape": "Faculté des Sciences",
        "codeEtape": "TM2LUM3",
        "libEtape": "M2 Chimie / Lumière Molécule Matière (LUMOMAT)",
        "noElement": "TLU534D",
        "libElement": "Electrochimie des surfaces modifiées",
        "codeNatureElp": "MATI",
        "libNatureElp": "Matière",
        "codeCNU": "31",
        "libCNU": "Chimie théorique, physique, analytique",
        "codePeriode": "3",
        "libPeriode": "Enseignement du troisième semestre",
        "nbHeureCM": "16",
        "nbHeureTD": "11",
        "nbHeureTP": "8",
        "nbHeureCMTD": "0",
        "nbGroupeCM": "1",
        "nbGroupeTD": "1",
        "nbGroupeTP": "2",
        "nbGroupeCMTD": "0",
        "nbEtuInscritElpEtape": "17",
        "nbEtuInscritElpTotal": "17",
        "volumeHoraireElpPondereEtape": "51",
        "volumeHoraireElpTotal": "51",
        "nbEtuInscritPrevisionnelElpEtape": "15",
        "nbEtuInscritPrevisionnelElpTotal": "15",
        "nbEtape": "1"
    }
]