[
    {
        "annee": "2024",
        "codeStructureEtape": "AES",
        "libStructureEtape": "Faculté des Sciences",
        "codeEtape": "TL0SV11",
        "libEtape": "Mise à niveau Scientifique - SVTC",
        "noElement": "TMN014A",
        "libElement": "Chimie - semestre 1",
        "codeNatureElp": "MATI",
        "libNatureElp": "Matière",
        "codeCNU": "32",
        "libCNU": "Chimie organique, minérale, industrielle",
        "codePeriode": "1",
        "libPeriode": "Enseignement du premier semestre",
        "nbHeureCM": "0",
        "nbHeureTD": "40",
        "nbHeureTP": "0",
        "nbHeureCMTD": "0",
        "nbGroupeCM": "0",
        "nbGroupeTD": "2",
        "nbGroupeTP": "0",
        "nbGroupeCMTD": "0",
        "nbEtuInscritElpEtape": "34",
        "nbEtuInscritElpTotal": "49",
        "volumeHoraireElpPondereEtape": "55.51",
        "volumeHoraireElpTotal": "80",
        "nbEtuInscritPrevisionnelElpEtape": "41",
        "nbEtuInscritPrevisionnelElpTotal": "29",
        "nbEtape": "2"
    },
    {
        "annee": "2024",
        "codeStructureEtape": "AES",
        "libStructureEtape": "Faculté des Sciences",
        "codeEtape": "TL0SV11",
        "libEtape": "Mise à niveau Scientifique - SVTC",
        "noElement": "TMN012A",
        "libElement": "Mathématiques - semestre 1",
        "codeNatureElp": "MATI",
        "libNatureElp": "Matière",
        "codeCNU": "25",
        "libCNU": "Mathématiques",
        "codePeriode": "1",
        "libPeriode": "Enseignement du premier semestre",
        "nbHeureCM": "0",
        "nbHeureTD": "56",
        "nbHeureTP": "0",
        "nbHeureCMTD": "0",
        "nbGroupeCM": "0",
        "nbGroupeTD": "2",
        "nbGroupeTP": "0",
        "nbGroupeCMTD": "0",
        "nbEtuInscritElpEtape": "34",
        "nbEtuInscritElpTotal": "49",
        "volumeHoraireElpPondereEtape": "77.71",
        "volumeHoraireElpTotal": "112",
        "nbEtuInscritPrevisionnelElpEtape": "41",
        "nbEtuInscritPrevisionnelElpTotal": "29",
        "nbEtape": "2"
    },
    {
        "annee": "2024",
        "codeStructureEtape": "AES",
        "libStructureEtape": "Faculté des Sciences",
        "codeEtape": "TL0SV11",
        "libEtape": "Mise à niveau Scientifique - SVTC",
        "noElement": "TMN015B1",
        "libElement": "Sciences de la vie et de la terre - semestre 1",
        "codeNatureElp": "MATI",
        "libNatureElp": "Matière",
        "codeCNU": "64",
        "libCNU": "Biochimie, biologie moléculaire",
        "codePeriode": "1",
        "libPeriode": "Enseignement du premier semestre",
        "nbHeureCM": "0",
        "nbHeureTD": "52",
        "nbHeureTP": "0",
        "nbHeureCMTD": "0",
        "nbGroupeCM": "0",
        "nbGroupeTD": "1",
        "nbGroupeTP": "0",
        "nbGroupeCMTD": "0",
        "nbEtuInscritElpEtape": "34",
        "nbEtuInscritElpTotal": "34",
        "volumeHoraireElpPondereEtape": "52",
        "volumeHoraireElpTotal": "52",
        "nbEtuInscritPrevisionnelElpEtape": "29",
        "nbEtuInscritPrevisionnelElpTotal": "29",
        "nbEtape": "1"
    },
    {
        "annee": "2024",
        "codeStructureEtape": "AES",
        "libStructureEtape": "Faculté des Sciences",
        "codeEtape": "TL0SV11",
        "libEtape": "Mise à niveau Scientifique - SVTC",
        "noElement": "TMN011A",
        "libElement": "Expression écrite et orale - semestre 1",
        "codeNatureElp": "MATI",
        "libNatureElp": "Matière",
        "codeCNU": "09",
        "libCNU": "Langue et littérature françaises",
        "codePeriode": "1",
        "libPeriode": "Enseignement du premier semestre",
        "nbHeureCM": "0",
        "nbHeureTD": "10",
        "nbHeureTP": "0",
        "nbHeureCMTD": "0",
        "nbGroupeCM": "0",
        "nbGroupeTD": "2",
        "nbGroupeTP": "0",
        "nbGroupeCMTD": "0",
        "nbEtuInscritElpEtape": "34",
        "nbEtuInscritElpTotal": "49",
        "volumeHoraireElpPondereEtape": "13.88",
        "volumeHoraireElpTotal": "20",
        "nbEtuInscritPrevisionnelElpEtape": "41",
        "nbEtuInscritPrevisionnelElpTotal": "29",
        "nbEtape": "2"
    },
    {
        "annee": "2024",
        "codeStructureEtape": "AES",
        "libStructureEtape": "Faculté des Sciences",
        "codeEtape": "TL0SV11",
        "libEtape": "Mise à niveau Scientifique - SVTC",
        "noElement": "TMN021B",
        "libElement": "Anglais - semestre 2",
        "codeNatureElp": "MATI",
        "libNatureElp": "Matière",
        "codeCNU": "11",
        "libCNU": "Langues et littératures anglaises et anglo-saxonnes",
        "codePeriode": "2",
        "libPeriode": "Enseignement du second semestre",
        "nbHeureCM": "0",
        "nbHeureTD": "0",
        "nbHeureTP": "18",
        "nbHeureCMTD": "0",
        "nbGroupeCM": "0",
        "nbGroupeTD": "0",
        "nbGroupeTP": "3",
        "nbGroupeCMTD": "0",
        "nbEtuInscritElpEtape": "34",
        "nbEtuInscritElpTotal": "49",
        "volumeHoraireElpPondereEtape": "37.47",
        "volumeHoraireElpTotal": "54",
        "nbEtuInscritPrevisionnelElpEtape": "41",
        "nbEtuInscritPrevisionnelElpTotal": "29",
        "nbEtape": "2"
    },
    {
        "annee": "2024",
        "codeStructureEtape": "AES",
        "libStructureEtape": "Faculté des Sciences",
        "codeEtape": "TL0SV11",
        "libEtape": "Mise à niveau Scientifique - SVTC",
        "noElement": "TMN023A",
        "libElement": "Physique - semestre 2",
        "codeNatureElp": "MATI",
        "libNatureElp": "Matière",
        "codeCNU": "28",
        "libCNU": "Milieux denses et matériaux",
        "codePeriode": "2",
        "libPeriode": "Enseignement du second semestre",
        "nbHeureCM": "0",
        "nbHeureTD": "40",
        "nbHeureTP": "0",
        "nbHeureCMTD": "0",
        "nbGroupeCM": "0",
        "nbGroupeTD": "2",
        "nbGroupeTP": "0",
        "nbGroupeCMTD": "0",
        "nbEtuInscritElpEtape": "34",
        "nbEtuInscritElpTotal": "49",
        "volumeHoraireElpPondereEtape": "55.51",
        "volumeHoraireElpTotal": "80",
        "nbEtuInscritPrevisionnelElpEtape": "41",
        "nbEtuInscritPrevisionnelElpTotal": "29",
        "nbEtape": "2"
    },
    {
        "annee": "2024",
        "codeStructureEtape": "AES",
        "libStructureEtape": "Faculté des Sciences",
        "codeEtape": "TL0SV11",
        "libEtape": "Mise à niveau Scientifique - SVTC",
        "noElement": "TMN024A",
        "libElement": "Chimie - semestre 2",
        "codeNatureElp": "MATI",
        "libNatureElp": "Matière",
        "codeCNU": "32",
        "libCNU": "Chimie organique, minérale, industrielle",
        "codePeriode": "2",
        "libPeriode": "Enseignement du second semestre",
        "nbHeureCM": "0",
        "nbHeureTD": "60",
        "nbHeureTP": "0",
        "nbHeureCMTD": "0",
        "nbGroupeCM": "0",
        "nbGroupeTD": "2",
        "nbGroupeTP": "0",
        "nbGroupeCMTD": "0",
        "nbEtuInscritElpEtape": "34",
        "nbEtuInscritElpTotal": "49",
        "volumeHoraireElpPondereEtape": "83.27",
        "volumeHoraireElpTotal": "120",
        "nbEtuInscritPrevisionnelElpEtape": "41",
        "nbEtuInscritPrevisionnelElpTotal": "29",
        "nbEtape": "2"
    },
    {
        "annee": "2024",
        "codeStructureEtape": "AES",
        "libStructureEtape": "Faculté des Sciences",
        "codeEtape": "TL0SV11",
        "libEtape": "Mise à niveau Scientifique - SVTC",
        "noElement": "TMN021A",
        "libElement": "Expression écrite et orale - semestre 2",
        "codeNatureElp": "MATI",
        "libNatureElp": "Matière",
        "codeCNU": "09",
        "libCNU": "Langue et littérature françaises",
        "codePeriode": "2",
        "libPeriode": "Enseignement du second semestre",
        "nbHeureCM": "0",
        "nbHeureTD": "10",
        "nbHeureTP": "0",
        "nbHeureCMTD": "0",
        "nbGroupeCM": "0",
        "nbGroupeTD": "2",
        "nbGroupeTP": "0",
        "nbGroupeCMTD": "0",
        "nbEtuInscritElpEtape": "34",
        "nbEtuInscritElpTotal": "49",
        "volumeHoraireElpPondereEtape": "13.88",
        "volumeHoraireElpTotal": "20",
        "nbEtuInscritPrevisionnelElpEtape": "41",
        "nbEtuInscritPrevisionnelElpTotal": "29",
        "nbEtape": "2"
    },
    {
        "annee": "2024",
        "codeStructureEtape": "AES",
        "libStructureEtape": "Faculté des Sciences",
        "codeEtape": "TL0SV11",
        "libEtape": "Mise à niveau Scientifique - SVTC",
        "noElement": "TMN025B1",
        "libElement": "Mathématiques compléments SVTC - semestre 2",
        "codeNatureElp": "MATI",
        "libNatureElp": "Matière",
        "codeCNU": "25",
        "libCNU": "Mathématiques",
        "codePeriode": "2",
        "libPeriode": "Enseignement du second semestre",
        "nbHeureCM": "0",
        "nbHeureTD": "20",
        "nbHeureTP": "0",
        "nbHeureCMTD": "0",
        "nbGroupeCM": "0",
        "nbGroupeTD": "1",
        "nbGroupeTP": "0",
        "nbGroupeCMTD": "0",
        "nbEtuInscritElpEtape": "34",
        "nbEtuInscritElpTotal": "34",
        "volumeHoraireElpPondereEtape": "20",
        "volumeHoraireElpTotal": "20",
        "nbEtuInscritPrevisionnelElpEtape": "29",
        "nbEtuInscritPrevisionnelElpTotal": "29",
        "nbEtape": "1"
    },
    {
        "annee": "2024",
        "codeStructureEtape": "AES",
        "libStructureEtape": "Faculté des Sciences",
        "codeEtape": "TL0SV11",
        "libEtape": "Mise à niveau Scientifique - SVTC",
        "noElement": "TMN013A",
        "libElement": "Physique - semestre 1",
        "codeNatureElp": "MATI",
        "libNatureElp": "Matière",
        "codeCNU": "28",
        "libCNU": "Milieux denses et matériaux",
        "codePeriode": "1",
        "libPeriode": "Enseignement du premier semestre",
        "nbHeureCM": "0",
        "nbHeureTD": "50",
        "nbHeureTP": "0",
        "nbHeureCMTD": "0",
        "nbGroupeCM": "0",
        "nbGroupeTD": "2",
        "nbGroupeTP": "0",
        "nbGroupeCMTD": "0",
        "nbEtuInscritElpEtape": "34",
        "nbEtuInscritElpTotal": "49",
        "volumeHoraireElpPondereEtape": "69.39",
        "volumeHoraireElpTotal": "100",
        "nbEtuInscritPrevisionnelElpEtape": "41",
        "nbEtuInscritPrevisionnelElpTotal": "29",
        "nbEtape": "2"
    },
    {
        "annee": "2024",
        "codeStructureEtape": "AES",
        "libStructureEtape": "Faculté des Sciences",
        "codeEtape": "TL0SV11",
        "libEtape": "Mise à niveau Scientifique - SVTC",
        "noElement": "TMN025B2",
        "libElement": "Sciences de la vie et de la terre - semestre 2",
        "codeNatureElp": "MATI",
        "libNatureElp": "Matière",
        "codeCNU": "64",
        "libCNU": "Biochimie, biologie moléculaire",
        "codePeriode": "2",
        "libPeriode": "Enseignement du second semestre",
        "nbHeureCM": "0",
        "nbHeureTD": "76",
        "nbHeureTP": "0",
        "nbHeureCMTD": "0",
        "nbGroupeCM": "0",
        "nbGroupeTD": "1",
        "nbGroupeTP": "0",
        "nbGroupeCMTD": "0",
        "nbEtuInscritElpEtape": "34",
        "nbEtuInscritElpTotal": "34",
        "volumeHoraireElpPondereEtape": "76",
        "volumeHoraireElpTotal": "76",
        "nbEtuInscritPrevisionnelElpEtape": "29",
        "nbEtuInscritPrevisionnelElpTotal": "29",
        "nbEtape": "1"
    },
    {
        "annee": "2024",
        "codeStructureEtape": "AES",
        "libStructureEtape": "Faculté des Sciences",
        "codeEtape": "TL0SV11",
        "libEtape": "Mise à niveau Scientifique - SVTC",
        "noElement": "TMN022A",
        "libElement": "Mathématiques - semestre 2",
        "codeNatureElp": "MATI",
        "libNatureElp": "Matière",
        "codeCNU": "25",
        "libCNU": "Mathématiques",
        "codePeriode": "2",
        "libPeriode": "Enseignement du second semestre",
        "nbHeureCM": "0",
        "nbHeureTD": "30",
        "nbHeureTP": "0",
        "nbHeureCMTD": "0",
        "nbGroupeCM": "0",
        "nbGroupeTD": "2",
        "nbGroupeTP": "0",
        "nbGroupeCMTD": "0",
        "nbEtuInscritElpEtape": "34",
        "nbEtuInscritElpTotal": "49",
        "volumeHoraireElpPondereEtape": "41.63",
        "volumeHoraireElpTotal": "60",
        "nbEtuInscritPrevisionnelElpEtape": "41",
        "nbEtuInscritPrevisionnelElpTotal": "29",
        "nbEtape": "2"
    },
    {
        "annee": "2024",
        "codeStructureEtape": "AES",
        "libStructureEtape": "Faculté des Sciences",
        "codeEtape": "TL0SV11",
        "libEtape": "Mise à niveau Scientifique - SVTC",
        "noElement": "TMN011B",
        "libElement": "Anglais - semestre 1",
        "codeNatureElp": "MATI",
        "libNatureElp": "Matière",
        "codeCNU": "11",
        "libCNU": "Langues et littératures anglaises et anglo-saxonnes",
        "codePeriode": "1",
        "libPeriode": "Enseignement du premier semestre",
        "nbHeureCM": "0",
        "nbHeureTD": "0",
        "nbHeureTP": "18",
        "nbHeureCMTD": "0",
        "nbGroupeCM": "0",
        "nbGroupeTD": "0",
        "nbGroupeTP": "3",
        "nbGroupeCMTD": "0",
        "nbEtuInscritElpEtape": "34",
        "nbEtuInscritElpTotal": "49",
        "volumeHoraireElpPondereEtape": "37.47",
        "volumeHoraireElpTotal": "54",
        "nbEtuInscritPrevisionnelElpEtape": "41",
        "nbEtuInscritPrevisionnelElpTotal": "29",
        "nbEtape": "2"
    }
]