[
    {
        "annee": "2024",
        "codeStructureEtape": "AES",
        "libStructureEtape": "Faculté des Sciences",
        "codeEtape": "TL3BV12",
        "libEtape": "L3 SVT / Biologie végétale",
        "noElement": "TCB3501",
        "libElement": "Sensibilisation à la création et à l'entreprenariat",
        "codeNatureElp": "UE",
        "libNatureElp": "Unité d'enseignement",
        "codeCNU": null,
        "libCNU": null,
        "codePeriode": "15",
        "libPeriode": "Période 15",
        "nbHeureCM": "5",
        "nbHeureTD": "15",
        "nbHeureTP": "0",
        "nbHeureCMTD": "0",
        "nbGroupeCM": "1",
        "nbGroupeTD": "1",
        "nbGroupeTP": "0",
        "nbGroupeCMTD": "0",
        "nbEtuInscritElpEtape": "0",
        "nbEtuInscritElpTotal": "0",
        "volumeHoraireElpPondereEtape": "0",
        "volumeHoraireElpTotal": "22.5",
        "nbEtuInscritPrevisionnelElpEtape": "11",
        "nbEtuInscritPrevisionnelElpTotal": "11",
        "nbEtape": "1"
    },
    {
        "annee": "2024",
        "codeStructureEtape": "AES",
        "libStructureEtape": "Faculté des Sciences",
        "codeEtape": "TL3BV12",
        "libEtape": "L3 SVT / Biologie végétale",
        "noElement": "TCB3504",
        "libElement": "Stage de recherche",
        "codeNatureElp": "UE",
        "libNatureElp": "Unité d'enseignement",
        "codeCNU": null,
        "libCNU": null,
        "codePeriode": "15",
        "libPeriode": "Période 15",
        "nbHeureCM": "0",
        "nbHeureTD": "0",
        "nbHeureTP": "0",
        "nbHeureCMTD": "0",
        "nbGroupeCM": "0",
        "nbGroupeTD": "0",
        "nbGroupeTP": "0",
        "nbGroupeCMTD": "0",
        "nbEtuInscritElpEtape": "0",
        "nbEtuInscritElpTotal": "0",
        "volumeHoraireElpPondereEtape": "0",
        "volumeHoraireElpTotal": "0",
        "nbEtuInscritPrevisionnelElpEtape": "11",
        "nbEtuInscritPrevisionnelElpTotal": "11",
        "nbEtape": "1"
    },
    {
        "annee": "2024",
        "codeStructureEtape": "AES",
        "libStructureEtape": "Faculté des Sciences",
        "codeEtape": "TL3BV12",
        "libEtape": "L3 SVT / Biologie végétale",
        "noElement": "TCB3201",
        "libElement": "Management de projet",
        "codeNatureElp": "UE",
        "libNatureElp": "Unité d'enseignement",
        "codeCNU": null,
        "libCNU": null,
        "codePeriode": "12",
        "libPeriode": "Période 12",
        "nbHeureCM": "5",
        "nbHeureTD": "4",
        "nbHeureTP": "0",
        "nbHeureCMTD": "0",
        "nbGroupeCM": "1",
        "nbGroupeTD": "1",
        "nbGroupeTP": "0",
        "nbGroupeCMTD": "0",
        "nbEtuInscritElpEtape": "0",
        "nbEtuInscritElpTotal": "0",
        "volumeHoraireElpPondereEtape": "0",
        "volumeHoraireElpTotal": "11.5",
        "nbEtuInscritPrevisionnelElpEtape": "11",
        "nbEtuInscritPrevisionnelElpTotal": "11",
        "nbEtape": "1"
    },
    {
        "annee": "2024",
        "codeStructureEtape": "AES",
        "libStructureEtape": "Faculté des Sciences",
        "codeEtape": "TL3BV12",
        "libEtape": "L3 SVT / Biologie végétale",
        "noElement": "TCB3202",
        "libElement": "Anglais renforcement 2",
        "codeNatureElp": "UE",
        "libNatureElp": "Unité d'enseignement",
        "codeCNU": null,
        "libCNU": null,
        "codePeriode": "12",
        "libPeriode": "Période 12",
        "nbHeureCM": "0",
        "nbHeureTD": "0",
        "nbHeureTP": "10",
        "nbHeureCMTD": "0",
        "nbGroupeCM": "0",
        "nbGroupeTD": "0",
        "nbGroupeTP": "1",
        "nbGroupeCMTD": "0",
        "nbEtuInscritElpEtape": "0",
        "nbEtuInscritElpTotal": "0",
        "volumeHoraireElpPondereEtape": "0",
        "volumeHoraireElpTotal": "10",
        "nbEtuInscritPrevisionnelElpEtape": "11",
        "nbEtuInscritPrevisionnelElpTotal": "11",
        "nbEtape": "1"
    },
    {
        "annee": "2024",
        "codeStructureEtape": "AES",
        "libStructureEtape": "Faculté des Sciences",
        "codeEtape": "TL3BV12",
        "libEtape": "L3 SVT / Biologie végétale",
        "noElement": "TCB3301",
        "libElement": "Génomique évolutive 1",
        "codeNatureElp": "UE",
        "libNatureElp": "Unité d'enseignement",
        "codeCNU": null,
        "libCNU": null,
        "codePeriode": null,
        "libPeriode": null,
        "nbHeureCM": "10",
        "nbHeureTD": "0",
        "nbHeureTP": "12.5",
        "nbHeureCMTD": "0",
        "nbGroupeCM": "1",
        "nbGroupeTD": "0",
        "nbGroupeTP": "1",
        "nbGroupeCMTD": "0",
        "nbEtuInscritElpEtape": "0",
        "nbEtuInscritElpTotal": "0",
        "volumeHoraireElpPondereEtape": "0",
        "volumeHoraireElpTotal": "27.5",
        "nbEtuInscritPrevisionnelElpEtape": "11",
        "nbEtuInscritPrevisionnelElpTotal": "11",
        "nbEtape": "1"
    },
    {
        "annee": "2024",
        "codeStructureEtape": "AES",
        "libStructureEtape": "Faculté des Sciences",
        "codeEtape": "TL3BV12",
        "libEtape": "L3 SVT / Biologie végétale",
        "noElement": "TCB3101",
        "libElement": "Coaching insertion professionnelle",
        "codeNatureElp": "UE",
        "libNatureElp": "Unité d'enseignement",
        "codeCNU": null,
        "libCNU": null,
        "codePeriode": "11",
        "libPeriode": "Période 11",
        "nbHeureCM": "0",
        "nbHeureTD": "0",
        "nbHeureTP": "0",
        "nbHeureCMTD": "5",
        "nbGroupeCM": "0",
        "nbGroupeTD": "0",
        "nbGroupeTP": "0",
        "nbGroupeCMTD": "1",
        "nbEtuInscritElpEtape": "0",
        "nbEtuInscritElpTotal": "0",
        "volumeHoraireElpPondereEtape": "0",
        "volumeHoraireElpTotal": "6.25",
        "nbEtuInscritPrevisionnelElpEtape": "11",
        "nbEtuInscritPrevisionnelElpTotal": "11",
        "nbEtape": "1"
    },
    {
        "annee": "2024",
        "codeStructureEtape": "AES",
        "libStructureEtape": "Faculté des Sciences",
        "codeEtape": "TL3BV12",
        "libEtape": "L3 SVT / Biologie végétale",
        "noElement": "TCB3503",
        "libElement": "Acquisition et validation de données massives",
        "codeNatureElp": "UE",
        "libNatureElp": "Unité d'enseignement",
        "codeCNU": null,
        "libCNU": null,
        "codePeriode": "15",
        "libPeriode": "Période 15",
        "nbHeureCM": "0",
        "nbHeureTD": "0",
        "nbHeureTP": "10",
        "nbHeureCMTD": "0",
        "nbGroupeCM": "0",
        "nbGroupeTD": "0",
        "nbGroupeTP": "1",
        "nbGroupeCMTD": "0",
        "nbEtuInscritElpEtape": "0",
        "nbEtuInscritElpTotal": "0",
        "volumeHoraireElpPondereEtape": "0",
        "volumeHoraireElpTotal": "10",
        "nbEtuInscritPrevisionnelElpEtape": "11",
        "nbEtuInscritPrevisionnelElpTotal": "11",
        "nbEtape": "1"
    },
    {
        "annee": "2024",
        "codeStructureEtape": "AES",
        "libStructureEtape": "Faculté des Sciences",
        "codeEtape": "TL3BV12",
        "libEtape": "L3 SVT / Biologie végétale",
        "noElement": "TCB3502",
        "libElement": "Anglais renforcement 3",
        "codeNatureElp": "UE",
        "libNatureElp": "Unité d'enseignement",
        "codeCNU": null,
        "libCNU": null,
        "codePeriode": "15",
        "libPeriode": "Période 15",
        "nbHeureCM": "0",
        "nbHeureTD": "0",
        "nbHeureTP": "10",
        "nbHeureCMTD": "0",
        "nbGroupeCM": "0",
        "nbGroupeTD": "0",
        "nbGroupeTP": "1",
        "nbGroupeCMTD": "0",
        "nbEtuInscritElpEtape": "0",
        "nbEtuInscritElpTotal": "0",
        "volumeHoraireElpPondereEtape": "0",
        "volumeHoraireElpTotal": "10",
        "nbEtuInscritPrevisionnelElpEtape": "11",
        "nbEtuInscritPrevisionnelElpTotal": "11",
        "nbEtape": "1"
    }
]