[
    {
        "annee": "2024",
        "codeStructureEtape": "AES",
        "libStructureEtape": "Faculté des Sciences",
        "codeEtape": "TL1SV11",
        "libEtape": "L1 Sciences de la Vie et de la Terre / Chimie",
        "noElement": "EO019P",
        "libElement": "Musculation",
        "codeNatureElp": "EO",
        "libNatureElp": "E2O",
        "codeCNU": null,
        "libCNU": null,
        "codePeriode": "SP",
        "libPeriode": "Semestre Pair",
        "nbHeureCM": "0",
        "nbHeureTD": "12",
        "nbHeureTP": "0",
        "nbHeureCMTD": "0",
        "nbGroupeCM": "0",
        "nbGroupeTD": "1",
        "nbGroupeTP": "0",
        "nbGroupeCMTD": "0",
        "nbEtuInscritElpEtape": "0",
        "nbEtuInscritElpTotal": "23",
        "volumeHoraireElpPondereEtape": "0",
        "volumeHoraireElpTotal": "12",
        "nbEtuInscritPrevisionnelElpEtape": "23",
        "nbEtuInscritPrevisionnelElpTotal": "0",
        "nbEtape": "169"
    },
    {
        "annee": "2024",
        "codeStructureEtape": "AES",
        "libStructureEtape": "Faculté des Sciences",
        "codeEtape": "TL1SV11",
        "libEtape": "L1 Sciences de la Vie et de la Terre / Chimie",
        "noElement": "EO024P",
        "libElement": "Tennis de table",
        "codeNatureElp": "EO",
        "libNatureElp": "E2O",
        "codeCNU": null,
        "libCNU": null,
        "codePeriode": "SP",
        "libPeriode": "Semestre Pair",
        "nbHeureCM": "0",
        "nbHeureTD": "12",
        "nbHeureTP": "0",
        "nbHeureCMTD": "0",
        "nbGroupeCM": "0",
        "nbGroupeTD": "1",
        "nbGroupeTP": "0",
        "nbGroupeCMTD": "0",
        "nbEtuInscritElpEtape": "0",
        "nbEtuInscritElpTotal": "2",
        "volumeHoraireElpPondereEtape": "0",
        "volumeHoraireElpTotal": "12",
        "nbEtuInscritPrevisionnelElpEtape": "8",
        "nbEtuInscritPrevisionnelElpTotal": "0",
        "nbEtape": "169"
    },
    {
        "annee": "2024",
        "codeStructureEtape": "AES",
        "libStructureEtape": "Faculté des Sciences",
        "codeEtape": "TL1SV11",
        "libEtape": "L1 Sciences de la Vie et de la Terre / Chimie",
        "noElement": "TSV1517U",
        "libElement": "HTV : Biodiversité - P5",
        "codeNatureElp": "CHAR",
        "libNatureElp": "Charges d'Enseignement",
        "codeCNU": null,
        "libCNU": null,
        "codePeriode": "05",
        "libPeriode": "Période 5",
        "nbHeureCM": "0",
        "nbHeureTD": "0",
        "nbHeureTP": "8",
        "nbHeureCMTD": "0",
        "nbGroupeCM": "0",
        "nbGroupeTD": "0",
        "nbGroupeTP": "2",
        "nbGroupeCMTD": "0",
        "nbEtuInscritElpEtape": "29",
        "nbEtuInscritElpTotal": "31",
        "volumeHoraireElpPondereEtape": "14.97",
        "volumeHoraireElpTotal": "16",
        "nbEtuInscritPrevisionnelElpEtape": "42",
        "nbEtuInscritPrevisionnelElpTotal": "39",
        "nbEtape": "2"
    },
    {
        "annee": "2024",
        "codeStructureEtape": "AES",
        "libStructureEtape": "Faculté des Sciences",
        "codeEtape": "TL1SV11",
        "libEtape": "L1 Sciences de la Vie et de la Terre / Chimie",
        "noElement": "TSV1214V",
        "libElement": "Sédimentologie - P2",
        "codeNatureElp": "CHAR",
        "libNatureElp": "Charges d'Enseignement",
        "codeCNU": null,
        "libCNU": null,
        "codePeriode": "02",
        "libPeriode": "Période 2",
        "nbHeureCM": "12",
        "nbHeureTD": "8",
        "nbHeureTP": "0",
        "nbHeureCMTD": "0",
        "nbGroupeCM": "2",
        "nbGroupeTD": "7",
        "nbGroupeTP": "0",
        "nbGroupeCMTD": "0",
        "nbEtuInscritElpEtape": "215",
        "nbEtuInscritElpTotal": "242",
        "volumeHoraireElpPondereEtape": "81.74",
        "volumeHoraireElpTotal": "92",
        "nbEtuInscritPrevisionnelElpEtape": "259",
        "nbEtuInscritPrevisionnelElpTotal": "232",
        "nbEtape": "2"
    },
    {
        "annee": "2024",
        "codeStructureEtape": "AES",
        "libStructureEtape": "Faculté des Sciences",
        "codeEtape": "TL1SV11",
        "libEtape": "L1 Sciences de la Vie et de la Terre / Chimie",
        "noElement": "EO005P",
        "libElement": "Basket",
        "codeNatureElp": "EO",
        "libNatureElp": "E2O",
        "codeCNU": null,
        "libCNU": null,
        "codePeriode": "SP",
        "libPeriode": "Semestre Pair",
        "nbHeureCM": "0",
        "nbHeureTD": "12",
        "nbHeureTP": "0",
        "nbHeureCMTD": "0",
        "nbGroupeCM": "0",
        "nbGroupeTD": "1",
        "nbGroupeTP": "0",
        "nbGroupeCMTD": "0",
        "nbEtuInscritElpEtape": "0",
        "nbEtuInscritElpTotal": "12",
        "volumeHoraireElpPondereEtape": "0",
        "volumeHoraireElpTotal": "12",
        "nbEtuInscritPrevisionnelElpEtape": "18",
        "nbEtuInscritPrevisionnelElpTotal": "0",
        "nbEtape": "168"
    },
    {
        "annee": "2024",
        "codeStructureEtape": "AES",
        "libStructureEtape": "Faculté des Sciences",
        "codeEtape": "TL1SV11",
        "libEtape": "L1 Sciences de la Vie et de la Terre / Chimie",
        "noElement": "EO001P",
        "libElement": "Aïkido",
        "codeNatureElp": "EO",
        "libNatureElp": "E2O",
        "codeCNU": null,
        "libCNU": null,
        "codePeriode": "SP",
        "libPeriode": "Semestre Pair",
        "nbHeureCM": "0",
        "nbHeureTD": "12",
        "nbHeureTP": "0",
        "nbHeureCMTD": "0",
        "nbGroupeCM": "0",
        "nbGroupeTD": "1",
        "nbGroupeTP": "0",
        "nbGroupeCMTD": "0",
        "nbEtuInscritElpEtape": "0",
        "nbEtuInscritElpTotal": "0",
        "volumeHoraireElpPondereEtape": "0",
        "volumeHoraireElpTotal": "12",
        "nbEtuInscritPrevisionnelElpEtape": "3",
        "nbEtuInscritPrevisionnelElpTotal": "0",
        "nbEtape": "169"
    },
    {
        "annee": "2024",
        "codeStructureEtape": "AES",
        "libStructureEtape": "Faculté des Sciences",
        "codeEtape": "TL1SV11",
        "libEtape": "L1 Sciences de la Vie et de la Terre / Chimie",
        "noElement": "EO030P",
        "libElement": "Gymnastique",
        "codeNatureElp": "EO",
        "libNatureElp": "E2O",
        "codeCNU": null,
        "libCNU": null,
        "codePeriode": "SP",
        "libPeriode": "Semestre Pair",
        "nbHeureCM": "0",
        "nbHeureTD": "12",
        "nbHeureTP": "0",
        "nbHeureCMTD": "0",
        "nbGroupeCM": "0",
        "nbGroupeTD": "1",
        "nbGroupeTP": "0",
        "nbGroupeCMTD": "0",
        "nbEtuInscritElpEtape": "0",
        "nbEtuInscritElpTotal": "4",
        "volumeHoraireElpPondereEtape": "0",
        "volumeHoraireElpTotal": "12",
        "nbEtuInscritPrevisionnelElpEtape": "6",
        "nbEtuInscritPrevisionnelElpTotal": "0",
        "nbEtape": "168"
    },
    {
        "annee": "2024",
        "codeStructureEtape": "AES",
        "libStructureEtape": "Faculté des Sciences",
        "codeEtape": "TL1SV11",
        "libEtape": "L1 Sciences de la Vie et de la Terre / Chimie",
        "noElement": "TSV1212U",
        "libElement": "Biologie animale - P2",
        "codeNatureElp": "CHAR",
        "libNatureElp": "Charges d'Enseignement",
        "codeCNU": null,
        "libCNU": null,
        "codePeriode": "02",
        "libPeriode": "Période 2",
        "nbHeureCM": "8",
        "nbHeureTD": "0",
        "nbHeureTP": "5.3",
        "nbHeureCMTD": "0",
        "nbGroupeCM": "2",
        "nbGroupeTD": "0",
        "nbGroupeTP": "13",
        "nbGroupeCMTD": "0",
        "nbEtuInscritElpEtape": "214",
        "nbEtuInscritElpTotal": "241",
        "volumeHoraireElpPondereEtape": "82.49",
        "volumeHoraireElpTotal": "92.9",
        "nbEtuInscritPrevisionnelElpEtape": "270",
        "nbEtuInscritPrevisionnelElpTotal": "243",
        "nbEtape": "2"
    },
    {
        "annee": "2024",
        "codeStructureEtape": "AES",
        "libStructureEtape": "Faculté des Sciences",
        "codeEtape": "TL1SV11",
        "libEtape": "L1 Sciences de la Vie et de la Terre / Chimie",
        "noElement": "EO111P",
        "libElement": "Création d'entreprise : aspects commercial et financier",
        "codeNatureElp": "EO",
        "libNatureElp": "E2O",
        "codeCNU": null,
        "libCNU": null,
        "codePeriode": "SP",
        "libPeriode": "Semestre Pair",
        "nbHeureCM": "0",
        "nbHeureTD": "16",
        "nbHeureTP": "0",
        "nbHeureCMTD": "0",
        "nbGroupeCM": "0",
        "nbGroupeTD": "1",
        "nbGroupeTP": "0",
        "nbGroupeCMTD": "0",
        "nbEtuInscritElpEtape": "0",
        "nbEtuInscritElpTotal": "24",
        "volumeHoraireElpPondereEtape": "0",
        "volumeHoraireElpTotal": "16",
        "nbEtuInscritPrevisionnelElpEtape": "19",
        "nbEtuInscritPrevisionnelElpTotal": "0",
        "nbEtape": "163"
    },
    {
        "annee": "2024",
        "codeStructureEtape": "AES",
        "libStructureEtape": "Faculté des Sciences",
        "codeEtape": "TL1SV11",
        "libEtape": "L1 Sciences de la Vie et de la Terre / Chimie",
        "noElement": "TSV1414U",
        "libElement": "Méthodes en géosciences : laboratoire - P4",
        "codeNatureElp": "CHAR",
        "libNatureElp": "Charges d'Enseignement",
        "codeCNU": null,
        "libCNU": null,
        "codePeriode": "04",
        "libPeriode": "Période 4",
        "nbHeureCM": "6.7",
        "nbHeureTD": "5.3",
        "nbHeureTP": "8",
        "nbHeureCMTD": "0",
        "nbGroupeCM": "1",
        "nbGroupeTD": "1",
        "nbGroupeTP": "2",
        "nbGroupeCMTD": "0",
        "nbEtuInscritElpEtape": "25",
        "nbEtuInscritElpTotal": "27",
        "volumeHoraireElpPondereEtape": "29.03",
        "volumeHoraireElpTotal": "31.35",
        "nbEtuInscritPrevisionnelElpEtape": "39",
        "nbEtuInscritPrevisionnelElpTotal": "36",
        "nbEtape": "2"
    },
    {
        "annee": "2024",
        "codeStructureEtape": "AES",
        "libStructureEtape": "Faculté des Sciences",
        "codeEtape": "TL1SV11",
        "libEtape": "L1 Sciences de la Vie et de la Terre / Chimie",
        "noElement": "EO017P",
        "libElement": "Judo",
        "codeNatureElp": "EO",
        "libNatureElp": "E2O",
        "codeCNU": null,
        "libCNU": null,
        "codePeriode": "SP",
        "libPeriode": "Semestre Pair",
        "nbHeureCM": "0",
        "nbHeureTD": "12",
        "nbHeureTP": "0",
        "nbHeureCMTD": "0",
        "nbGroupeCM": "0",
        "nbGroupeTD": "1",
        "nbGroupeTP": "0",
        "nbGroupeCMTD": "0",
        "nbEtuInscritElpEtape": "0",
        "nbEtuInscritElpTotal": "6",
        "volumeHoraireElpPondereEtape": "0",
        "volumeHoraireElpTotal": "12",
        "nbEtuInscritPrevisionnelElpEtape": "6",
        "nbEtuInscritPrevisionnelElpTotal": "0",
        "nbEtape": "169"
    },
    {
        "annee": "2024",
        "codeStructureEtape": "AES",
        "libStructureEtape": "Faculté des Sciences",
        "codeEtape": "TL1SV11",
        "libEtape": "L1 Sciences de la Vie et de la Terre / Chimie",
        "noElement": "TSV1109U",
        "libElement": "Cartographie - P1",
        "codeNatureElp": "CHAR",
        "libNatureElp": "Charges d'Enseignement",
        "codeCNU": null,
        "libCNU": null,
        "codePeriode": "01",
        "libPeriode": "Période 1",
        "nbHeureCM": "4",
        "nbHeureTD": "5.3",
        "nbHeureTP": "0",
        "nbHeureCMTD": "0",
        "nbGroupeCM": "2",
        "nbGroupeTD": "7",
        "nbGroupeTP": "0",
        "nbGroupeCMTD": "0",
        "nbEtuInscritElpEtape": "215",
        "nbEtuInscritElpTotal": "242",
        "volumeHoraireElpPondereEtape": "43.62",
        "volumeHoraireElpTotal": "49.1",
        "nbEtuInscritPrevisionnelElpEtape": "269",
        "nbEtuInscritPrevisionnelElpTotal": "242",
        "nbEtape": "2"
    },
    {
        "annee": "2024",
        "codeStructureEtape": "AES",
        "libStructureEtape": "Faculté des Sciences",
        "codeEtape": "TL1SV11",
        "libEtape": "L1 Sciences de la Vie et de la Terre / Chimie",
        "noElement": "TSV1413U",
        "libElement": "Géodynamique interne et structurale - P4",
        "codeNatureElp": "CHAR",
        "libNatureElp": "Charges d'Enseignement",
        "codeCNU": null,
        "libCNU": null,
        "codePeriode": "04",
        "libPeriode": "Période 4",
        "nbHeureCM": "12",
        "nbHeureTD": "5.3",
        "nbHeureTP": "8",
        "nbHeureCMTD": "0",
        "nbGroupeCM": "1",
        "nbGroupeTD": "1",
        "nbGroupeTP": "2",
        "nbGroupeCMTD": "0",
        "nbEtuInscritElpEtape": "28",
        "nbEtuInscritElpTotal": "30",
        "volumeHoraireElpPondereEtape": "36.68",
        "volumeHoraireElpTotal": "39.3",
        "nbEtuInscritPrevisionnelElpEtape": "42",
        "nbEtuInscritPrevisionnelElpTotal": "39",
        "nbEtape": "2"
    },
    {
        "annee": "2024",
        "codeStructureEtape": "AES",
        "libStructureEtape": "Faculté des Sciences",
        "codeEtape": "TL1SV11",
        "libEtape": "L1 Sciences de la Vie et de la Terre / Chimie",
        "noElement": "EO113P",
        "libElement": "Journalisme : interviews et portraits d'entreprises",
        "codeNatureElp": "EO",
        "libNatureElp": "E2O",
        "codeCNU": null,
        "libCNU": null,
        "codePeriode": "SP",
        "libPeriode": "Semestre Pair",
        "nbHeureCM": "0",
        "nbHeureTD": "16",
        "nbHeureTP": "0",
        "nbHeureCMTD": "0",
        "nbGroupeCM": "0",
        "nbGroupeTD": "0",
        "nbGroupeTP": "0",
        "nbGroupeCMTD": "0",
        "nbEtuInscritElpEtape": "0",
        "nbEtuInscritElpTotal": "0",
        "volumeHoraireElpPondereEtape": "0",
        "volumeHoraireElpTotal": "16",
        "nbEtuInscritPrevisionnelElpEtape": "0",
        "nbEtuInscritPrevisionnelElpTotal": "0",
        "nbEtape": "88"
    },
    {
        "annee": "2024",
        "codeStructureEtape": "AES",
        "libStructureEtape": "Faculté des Sciences",
        "codeEtape": "TL1SV11",
        "libEtape": "L1 Sciences de la Vie et de la Terre / Chimie",
        "noElement": "EO109P",
        "libElement": "Consolider son projet d'avenir",
        "codeNatureElp": "EO",
        "libNatureElp": "E2O",
        "codeCNU": null,
        "libCNU": null,
        "codePeriode": "SP",
        "libPeriode": "Semestre Pair",
        "nbHeureCM": "0",
        "nbHeureTD": "16",
        "nbHeureTP": "0",
        "nbHeureCMTD": "0",
        "nbGroupeCM": "0",
        "nbGroupeTD": "0",
        "nbGroupeTP": "0",
        "nbGroupeCMTD": "0",
        "nbEtuInscritElpEtape": "0",
        "nbEtuInscritElpTotal": "0",
        "volumeHoraireElpPondereEtape": "0",
        "volumeHoraireElpTotal": "16",
        "nbEtuInscritPrevisionnelElpEtape": "0",
        "nbEtuInscritPrevisionnelElpTotal": "0",
        "nbEtape": "164"
    },
    {
        "annee": "2024",
        "codeStructureEtape": "AES",
        "libStructureEtape": "Faculté des Sciences",
        "codeEtape": "TL1SV11",
        "libEtape": "L1 Sciences de la Vie et de la Terre / Chimie",
        "noElement": "TSV1314U",
        "libElement": "Méthodes en géosciences : dessin scientifique - P3",
        "codeNatureElp": "CHAR",
        "libNatureElp": "Charges d'Enseignement",
        "codeCNU": null,
        "libCNU": null,
        "codePeriode": "03",
        "libPeriode": "Période 3",
        "nbHeureCM": "0",
        "nbHeureTD": "9.3",
        "nbHeureTP": "0",
        "nbHeureCMTD": "0",
        "nbGroupeCM": "0",
        "nbGroupeTD": "1",
        "nbGroupeTP": "0",
        "nbGroupeCMTD": "0",
        "nbEtuInscritElpEtape": "25",
        "nbEtuInscritElpTotal": "27",
        "volumeHoraireElpPondereEtape": "8.61",
        "volumeHoraireElpTotal": "9.3",
        "nbEtuInscritPrevisionnelElpEtape": "39",
        "nbEtuInscritPrevisionnelElpTotal": "36",
        "nbEtape": "2"
    },
    {
        "annee": "2024",
        "codeStructureEtape": "AES",
        "libStructureEtape": "Faculté des Sciences",
        "codeEtape": "TL1SV11",
        "libEtape": "L1 Sciences de la Vie et de la Terre / Chimie",
        "noElement": "TSV1159U",
        "libElement": "EEO - P1",
        "codeNatureElp": "CHAR",
        "libNatureElp": "Charges d'Enseignement",
        "codeCNU": null,
        "libCNU": null,
        "codePeriode": "01",
        "libPeriode": "Période 1",
        "nbHeureCM": "0",
        "nbHeureTD": "0",
        "nbHeureTP": "0",
        "nbHeureCMTD": "6.7",
        "nbGroupeCM": "0",
        "nbGroupeTD": "0",
        "nbGroupeTP": "0",
        "nbGroupeCMTD": "7",
        "nbEtuInscritElpEtape": "216",
        "nbEtuInscritElpTotal": "243",
        "volumeHoraireElpPondereEtape": "52.12",
        "volumeHoraireElpTotal": "58.63",
        "nbEtuInscritPrevisionnelElpEtape": "268",
        "nbEtuInscritPrevisionnelElpTotal": "241",
        "nbEtape": "2"
    },
    {
        "annee": "2024",
        "codeStructureEtape": "AES",
        "libStructureEtape": "Faculté des Sciences",
        "codeEtape": "TL1SV11",
        "libEtape": "L1 Sciences de la Vie et de la Terre / Chimie",
        "noElement": "TSV1110U",
        "libElement": "Diversité du monde microbien - P1",
        "codeNatureElp": "CHAR",
        "libNatureElp": "Charges d'Enseignement",
        "codeCNU": null,
        "libCNU": null,
        "codePeriode": "01",
        "libPeriode": "Période 1",
        "nbHeureCM": "17.3",
        "nbHeureTD": "0",
        "nbHeureTP": "0",
        "nbHeureCMTD": "0",
        "nbGroupeCM": "2",
        "nbGroupeTD": "0",
        "nbGroupeTP": "0",
        "nbGroupeCMTD": "0",
        "nbEtuInscritElpEtape": "214",
        "nbEtuInscritElpTotal": "241",
        "volumeHoraireElpPondereEtape": "46.09",
        "volumeHoraireElpTotal": "51.9",
        "nbEtuInscritPrevisionnelElpEtape": "263",
        "nbEtuInscritPrevisionnelElpTotal": "236",
        "nbEtape": "2"
    },
    {
        "annee": "2024",
        "codeStructureEtape": "AES",
        "libStructureEtape": "Faculté des Sciences",
        "codeEtape": "TL1SV11",
        "libEtape": "L1 Sciences de la Vie et de la Terre / Chimie",
        "noElement": "EO114P",
        "libElement": "Du CV à l'entretien, maximiser vos chances d'être retenu",
        "codeNatureElp": "EO",
        "libNatureElp": "E2O",
        "codeCNU": null,
        "libCNU": null,
        "codePeriode": "SP",
        "libPeriode": "Semestre Pair",
        "nbHeureCM": "0",
        "nbHeureTD": "16",
        "nbHeureTP": "0",
        "nbHeureCMTD": "0",
        "nbGroupeCM": "0",
        "nbGroupeTD": "1",
        "nbGroupeTP": "0",
        "nbGroupeCMTD": "0",
        "nbEtuInscritElpEtape": "0",
        "nbEtuInscritElpTotal": "21",
        "volumeHoraireElpPondereEtape": "0",
        "volumeHoraireElpTotal": "16",
        "nbEtuInscritPrevisionnelElpEtape": "0",
        "nbEtuInscritPrevisionnelElpTotal": "0",
        "nbEtape": "164"
    },
    {
        "annee": "2024",
        "codeStructureEtape": "AES",
        "libStructureEtape": "Faculté des Sciences",
        "codeEtape": "TL1SV11",
        "libEtape": "L1 Sciences de la Vie et de la Terre / Chimie",
        "noElement": "EO072P",
        "libElement": "Initiation à la langue des signes",
        "codeNatureElp": "EO",
        "libNatureElp": "E2O",
        "codeCNU": null,
        "libCNU": null,
        "codePeriode": "SP",
        "libPeriode": "Semestre Pair",
        "nbHeureCM": "0",
        "nbHeureTD": "16",
        "nbHeureTP": "0",
        "nbHeureCMTD": "0",
        "nbGroupeCM": "0",
        "nbGroupeTD": "0",
        "nbGroupeTP": "0",
        "nbGroupeCMTD": "0",
        "nbEtuInscritElpEtape": "0",
        "nbEtuInscritElpTotal": "0",
        "volumeHoraireElpPondereEtape": "0",
        "volumeHoraireElpTotal": "16",
        "nbEtuInscritPrevisionnelElpEtape": "0",
        "nbEtuInscritPrevisionnelElpTotal": "0",
        "nbEtape": "163"
    },
    {
        "annee": "2024",
        "codeStructureEtape": "AES",
        "libStructureEtape": "Faculté des Sciences",
        "codeEtape": "TL1SV11",
        "libEtape": "L1 Sciences de la Vie et de la Terre / Chimie",
        "noElement": "TSV1410U",
        "libElement": "Chimie des solutions - P4",
        "codeNatureElp": "CHAR",
        "libNatureElp": "Charges d'Enseignement",
        "codeCNU": null,
        "libCNU": null,
        "codePeriode": "04",
        "libPeriode": "Période 4",
        "nbHeureCM": "0",
        "nbHeureTD": "0",
        "nbHeureTP": "3",
        "nbHeureCMTD": "10.7",
        "nbGroupeCM": "0",
        "nbGroupeTD": "0",
        "nbGroupeTP": "12",
        "nbGroupeCMTD": "6",
        "nbEtuInscritElpEtape": "198",
        "nbEtuInscritElpTotal": "223",
        "volumeHoraireElpPondereEtape": "103.22",
        "volumeHoraireElpTotal": "116.25",
        "nbEtuInscritPrevisionnelElpEtape": "227",
        "nbEtuInscritPrevisionnelElpTotal": "203",
        "nbEtape": "2"
    },
    {
        "annee": "2024",
        "codeStructureEtape": "AES",
        "libStructureEtape": "Faculté des Sciences",
        "codeEtape": "TL1SV11",
        "libEtape": "L1 Sciences de la Vie et de la Terre / Chimie",
        "noElement": "TSV1308U",
        "libElement": "Biochimie structurale - P3",
        "codeNatureElp": "CHAR",
        "libNatureElp": "Charges d'Enseignement",
        "codeCNU": null,
        "libCNU": null,
        "codePeriode": "03",
        "libPeriode": "Période 3",
        "nbHeureCM": "6",
        "nbHeureTD": "6",
        "nbHeureTP": "0",
        "nbHeureCMTD": "0",
        "nbGroupeCM": "2",
        "nbGroupeTD": "6",
        "nbGroupeTP": "0",
        "nbGroupeCMTD": "0",
        "nbEtuInscritElpEtape": "188",
        "nbEtuInscritElpTotal": "213",
        "volumeHoraireElpPondereEtape": "47.66",
        "volumeHoraireElpTotal": "54",
        "nbEtuInscritPrevisionnelElpEtape": "221",
        "nbEtuInscritPrevisionnelElpTotal": "197",
        "nbEtape": "2"
    },
    {
        "annee": "2024",
        "codeStructureEtape": "AES",
        "libStructureEtape": "Faculté des Sciences",
        "codeEtape": "TL1SV11",
        "libEtape": "L1 Sciences de la Vie et de la Terre / Chimie",
        "noElement": "TSV1310U",
        "libElement": "Physique appliquée aux SVT - P3",
        "codeNatureElp": "CHAR",
        "libNatureElp": "Charges d'Enseignement",
        "codeCNU": null,
        "libCNU": null,
        "codePeriode": "03",
        "libPeriode": "Période 3",
        "nbHeureCM": "0",
        "nbHeureTD": "0",
        "nbHeureTP": "0",
        "nbHeureCMTD": "12",
        "nbGroupeCM": "0",
        "nbGroupeTD": "0",
        "nbGroupeTP": "0",
        "nbGroupeCMTD": "7",
        "nbEtuInscritElpEtape": "216",
        "nbEtuInscritElpTotal": "243",
        "volumeHoraireElpPondereEtape": "93.33",
        "volumeHoraireElpTotal": "105",
        "nbEtuInscritPrevisionnelElpEtape": "270",
        "nbEtuInscritPrevisionnelElpTotal": "243",
        "nbEtape": "2"
    },
    {
        "annee": "2024",
        "codeStructureEtape": "AES",
        "libStructureEtape": "Faculté des Sciences",
        "codeEtape": "TL1SV11",
        "libEtape": "L1 Sciences de la Vie et de la Terre / Chimie",
        "noElement": "EO135P",
        "libElement": "Valorisation de l'engagement étudiant",
        "codeNatureElp": "EO",
        "libNatureElp": "E2O",
        "codeCNU": null,
        "libCNU": null,
        "codePeriode": "SP",
        "libPeriode": "Semestre Pair",
        "nbHeureCM": "0",
        "nbHeureTD": "16",
        "nbHeureTP": "0",
        "nbHeureCMTD": "0",
        "nbGroupeCM": "0",
        "nbGroupeTD": "1",
        "nbGroupeTP": "0",
        "nbGroupeCMTD": "0",
        "nbEtuInscritElpEtape": "0",
        "nbEtuInscritElpTotal": "18",
        "volumeHoraireElpPondereEtape": "0",
        "volumeHoraireElpTotal": "16",
        "nbEtuInscritPrevisionnelElpEtape": "0",
        "nbEtuInscritPrevisionnelElpTotal": "0",
        "nbEtape": "163"
    },
    {
        "annee": "2024",
        "codeStructureEtape": "AES",
        "libStructureEtape": "Faculté des Sciences",
        "codeEtape": "TL1SV11",
        "libEtape": "L1 Sciences de la Vie et de la Terre / Chimie",
        "noElement": "EO090P",
        "libElement": "Buddy system",
        "codeNatureElp": "EO",
        "libNatureElp": "E2O",
        "codeCNU": null,
        "libCNU": null,
        "codePeriode": "SP",
        "libPeriode": "Semestre Pair",
        "nbHeureCM": "0",
        "nbHeureTD": "16",
        "nbHeureTP": "0",
        "nbHeureCMTD": "0",
        "nbGroupeCM": "0",
        "nbGroupeTD": "1",
        "nbGroupeTP": "0",
        "nbGroupeCMTD": "0",
        "nbEtuInscritElpEtape": "0",
        "nbEtuInscritElpTotal": "1",
        "volumeHoraireElpPondereEtape": "0",
        "volumeHoraireElpTotal": "16",
        "nbEtuInscritPrevisionnelElpEtape": "13",
        "nbEtuInscritPrevisionnelElpTotal": "0",
        "nbEtape": "163"
    },
    {
        "annee": "2024",
        "codeStructureEtape": "AES",
        "libStructureEtape": "Faculté des Sciences",
        "codeEtape": "TL1SV11",
        "libEtape": "L1 Sciences de la Vie et de la Terre / Chimie",
        "noElement": "TSV1516U",
        "libElement": "Méthodes en géosciences : terrain - P5",
        "codeNatureElp": "CHAR",
        "libNatureElp": "Charges d'Enseignement",
        "codeCNU": null,
        "libCNU": null,
        "codePeriode": "05",
        "libPeriode": "Période 5",
        "nbHeureCM": "8",
        "nbHeureTD": "4",
        "nbHeureTP": "14.7",
        "nbHeureCMTD": "0",
        "nbGroupeCM": "1",
        "nbGroupeTD": "1",
        "nbGroupeTP": "2",
        "nbGroupeCMTD": "0",
        "nbEtuInscritElpEtape": "25",
        "nbEtuInscritElpTotal": "27",
        "volumeHoraireElpPondereEtape": "42.04",
        "volumeHoraireElpTotal": "45.4",
        "nbEtuInscritPrevisionnelElpEtape": "39",
        "nbEtuInscritPrevisionnelElpTotal": "36",
        "nbEtape": "2"
    },
    {
        "annee": "2024",
        "codeStructureEtape": "AES",
        "libStructureEtape": "Faculté des Sciences",
        "codeEtape": "TL1SV11",
        "libEtape": "L1 Sciences de la Vie et de la Terre / Chimie",
        "noElement": "TSV1515U",
        "libElement": "Géodynamique : pétrologie - P5",
        "codeNatureElp": "CHAR",
        "libNatureElp": "Charges d'Enseignement",
        "codeCNU": null,
        "libCNU": null,
        "codePeriode": "05",
        "libPeriode": "Période 5",
        "nbHeureCM": "8",
        "nbHeureTD": "1.3",
        "nbHeureTP": "10.7",
        "nbHeureCMTD": "0",
        "nbGroupeCM": "1",
        "nbGroupeTD": "1",
        "nbGroupeTP": "2",
        "nbGroupeCMTD": "0",
        "nbEtuInscritElpEtape": "28",
        "nbEtuInscritElpTotal": "30",
        "volumeHoraireElpPondereEtape": "32.39",
        "volumeHoraireElpTotal": "34.7",
        "nbEtuInscritPrevisionnelElpEtape": "42",
        "nbEtuInscritPrevisionnelElpTotal": "39",
        "nbEtape": "2"
    },
    {
        "annee": "2024",
        "codeStructureEtape": "AES",
        "libStructureEtape": "Faculté des Sciences",
        "codeEtape": "TL1SV11",
        "libEtape": "L1 Sciences de la Vie et de la Terre / Chimie",
        "noElement": "EO074P",
        "libElement": "Sensibilisation à la diversité",
        "codeNatureElp": "EO",
        "libNatureElp": "E2O",
        "codeCNU": null,
        "libCNU": null,
        "codePeriode": "SP",
        "libPeriode": "Semestre Pair",
        "nbHeureCM": "0",
        "nbHeureTD": "16",
        "nbHeureTP": "0",
        "nbHeureCMTD": "0",
        "nbGroupeCM": "0",
        "nbGroupeTD": "1",
        "nbGroupeTP": "0",
        "nbGroupeCMTD": "0",
        "nbEtuInscritElpEtape": "0",
        "nbEtuInscritElpTotal": "0",
        "volumeHoraireElpPondereEtape": "0",
        "volumeHoraireElpTotal": "16",
        "nbEtuInscritPrevisionnelElpEtape": "13",
        "nbEtuInscritPrevisionnelElpTotal": "0",
        "nbEtape": "164"
    },
    {
        "annee": "2024",
        "codeStructureEtape": "AES",
        "libStructureEtape": "Faculté des Sciences",
        "codeEtape": "TL1SV11",
        "libEtape": "L1 Sciences de la Vie et de la Terre / Chimie",
        "noElement": "TSV1109X",
        "libElement": "Géodynamique externe - P1",
        "codeNatureElp": "CHAR",
        "libNatureElp": "Charges d'Enseignement",
        "codeCNU": null,
        "libCNU": null,
        "codePeriode": "01",
        "libPeriode": "Période 1",
        "nbHeureCM": "8",
        "nbHeureTD": "0",
        "nbHeureTP": "0",
        "nbHeureCMTD": "0",
        "nbGroupeCM": "2",
        "nbGroupeTD": "0",
        "nbGroupeTP": "0",
        "nbGroupeCMTD": "0",
        "nbEtuInscritElpEtape": "215",
        "nbEtuInscritElpTotal": "242",
        "volumeHoraireElpPondereEtape": "21.32",
        "volumeHoraireElpTotal": "24",
        "nbEtuInscritPrevisionnelElpEtape": "269",
        "nbEtuInscritPrevisionnelElpTotal": "242",
        "nbEtape": "2"
    },
    {
        "annee": "2024",
        "codeStructureEtape": "AES",
        "libStructureEtape": "Faculté des Sciences",
        "codeEtape": "TL1SV11",
        "libEtape": "L1 Sciences de la Vie et de la Terre / Chimie",
        "noElement": "TSV1411U",
        "libElement": "Biochimie structurale - P4",
        "codeNatureElp": "CHAR",
        "libNatureElp": "Charges d'Enseignement",
        "codeCNU": null,
        "libCNU": null,
        "codePeriode": "04",
        "libPeriode": "Période 4",
        "nbHeureCM": "6",
        "nbHeureTD": "6",
        "nbHeureTP": "0",
        "nbHeureCMTD": "0",
        "nbGroupeCM": "2",
        "nbGroupeTD": "6",
        "nbGroupeTP": "0",
        "nbGroupeCMTD": "0",
        "nbEtuInscritElpEtape": "188",
        "nbEtuInscritElpTotal": "213",
        "volumeHoraireElpPondereEtape": "47.66",
        "volumeHoraireElpTotal": "54",
        "nbEtuInscritPrevisionnelElpEtape": "221",
        "nbEtuInscritPrevisionnelElpTotal": "197",
        "nbEtape": "2"
    },
    {
        "annee": "2024",
        "codeStructureEtape": "AES",
        "libStructureEtape": "Faculté des Sciences",
        "codeEtape": "TL1SV11",
        "libEtape": "L1 Sciences de la Vie et de la Terre / Chimie",
        "noElement": "EO013P",
        "libElement": "Football féminin",
        "codeNatureElp": "EO",
        "libNatureElp": "E2O",
        "codeCNU": null,
        "libCNU": null,
        "codePeriode": "SP",
        "libPeriode": "Semestre Pair",
        "nbHeureCM": "0",
        "nbHeureTD": "12",
        "nbHeureTP": "0",
        "nbHeureCMTD": "0",
        "nbGroupeCM": "0",
        "nbGroupeTD": "1",
        "nbGroupeTP": "0",
        "nbGroupeCMTD": "0",
        "nbEtuInscritElpEtape": "0",
        "nbEtuInscritElpTotal": "6",
        "volumeHoraireElpPondereEtape": "0",
        "volumeHoraireElpTotal": "12",
        "nbEtuInscritPrevisionnelElpEtape": "10",
        "nbEtuInscritPrevisionnelElpTotal": "0",
        "nbEtape": "169"
    },
    {
        "annee": "2024",
        "codeStructureEtape": "AES",
        "libStructureEtape": "Faculté des Sciences",
        "codeEtape": "TL1SV11",
        "libEtape": "L1 Sciences de la Vie et de la Terre / Chimie",
        "noElement": "TSV1518U",
        "libElement": "Analyses et dosages en géosciences - P5",
        "codeNatureElp": "CHAR",
        "libNatureElp": "Charges d'Enseignement",
        "codeCNU": null,
        "libCNU": null,
        "codePeriode": "05",
        "libPeriode": "Période 5",
        "nbHeureCM": "2.7",
        "nbHeureTD": "0",
        "nbHeureTP": "4",
        "nbHeureCMTD": "0",
        "nbGroupeCM": "1",
        "nbGroupeTD": "0",
        "nbGroupeTP": "2",
        "nbGroupeCMTD": "0",
        "nbEtuInscritElpEtape": "29",
        "nbEtuInscritElpTotal": "31",
        "volumeHoraireElpPondereEtape": "11.27",
        "volumeHoraireElpTotal": "12.05",
        "nbEtuInscritPrevisionnelElpEtape": "40",
        "nbEtuInscritPrevisionnelElpTotal": "37",
        "nbEtape": "2"
    },
    {
        "annee": "2024",
        "codeStructureEtape": "AES",
        "libStructureEtape": "Faculté des Sciences",
        "codeEtape": "TL1SV11",
        "libEtape": "L1 Sciences de la Vie et de la Terre / Chimie",
        "noElement": "TSV1210U",
        "libElement": "Équilibres - P2",
        "codeNatureElp": "CHAR",
        "libNatureElp": "Charges d'Enseignement",
        "codeCNU": null,
        "libCNU": null,
        "codePeriode": "02",
        "libPeriode": "Période 2",
        "nbHeureCM": "0",
        "nbHeureTD": "0",
        "nbHeureTP": "0",
        "nbHeureCMTD": "12",
        "nbGroupeCM": "0",
        "nbGroupeTD": "0",
        "nbGroupeTP": "0",
        "nbGroupeCMTD": "7",
        "nbEtuInscritElpEtape": "224",
        "nbEtuInscritElpTotal": "251",
        "volumeHoraireElpPondereEtape": "93.71",
        "volumeHoraireElpTotal": "105",
        "nbEtuInscritPrevisionnelElpEtape": "271",
        "nbEtuInscritPrevisionnelElpTotal": "244",
        "nbEtape": "2"
    },
    {
        "annee": "2024",
        "codeStructureEtape": "AES",
        "libStructureEtape": "Faculté des Sciences",
        "codeEtape": "TL1SV11",
        "libEtape": "L1 Sciences de la Vie et de la Terre / Chimie",
        "noElement": "TSV1313U",
        "libElement": "Géodynamique interne - P3",
        "codeNatureElp": "CHAR",
        "libNatureElp": "Charges d'Enseignement",
        "codeCNU": null,
        "libCNU": null,
        "codePeriode": "03",
        "libPeriode": "Période 3",
        "nbHeureCM": "5.3",
        "nbHeureTD": "0",
        "nbHeureTP": "0",
        "nbHeureCMTD": "0",
        "nbGroupeCM": "1",
        "nbGroupeTD": "0",
        "nbGroupeTP": "0",
        "nbGroupeCMTD": "0",
        "nbEtuInscritElpEtape": "28",
        "nbEtuInscritElpTotal": "30",
        "volumeHoraireElpPondereEtape": "7.42",
        "volumeHoraireElpTotal": "7.95",
        "nbEtuInscritPrevisionnelElpEtape": "42",
        "nbEtuInscritPrevisionnelElpTotal": "39",
        "nbEtape": "2"
    },
    {
        "annee": "2024",
        "codeStructureEtape": "AES",
        "libStructureEtape": "Faculté des Sciences",
        "codeEtape": "TL1SV11",
        "libEtape": "L1 Sciences de la Vie et de la Terre / Chimie",
        "noElement": "TSV1511U",
        "libElement": "Biologie animale - P5",
        "codeNatureElp": "CHAR",
        "libNatureElp": "Charges d'Enseignement",
        "codeCNU": null,
        "libCNU": null,
        "codePeriode": "05",
        "libPeriode": "Période 5",
        "nbHeureCM": "0",
        "nbHeureTD": "0",
        "nbHeureTP": "5.3",
        "nbHeureCMTD": "0",
        "nbGroupeCM": "0",
        "nbGroupeTD": "0",
        "nbGroupeTP": "12",
        "nbGroupeCMTD": "0",
        "nbEtuInscritElpEtape": "207",
        "nbEtuInscritElpTotal": "234",
        "volumeHoraireElpPondereEtape": "56.26",
        "volumeHoraireElpTotal": "63.6",
        "nbEtuInscritPrevisionnelElpEtape": "253",
        "nbEtuInscritPrevisionnelElpTotal": "226",
        "nbEtape": "2"
    },
    {
        "annee": "2024",
        "codeStructureEtape": "AES",
        "libStructureEtape": "Faculté des Sciences",
        "codeEtape": "TL1SV11",
        "libEtape": "L1 Sciences de la Vie et de la Terre / Chimie",
        "noElement": "TSV1107U",
        "libElement": "Physique appliquée aux SVT - P1",
        "codeNatureElp": "CHAR",
        "libNatureElp": "Charges d'Enseignement",
        "codeCNU": null,
        "libCNU": null,
        "codePeriode": "01",
        "libPeriode": "Période 1",
        "nbHeureCM": "0",
        "nbHeureTD": "0",
        "nbHeureTP": "0",
        "nbHeureCMTD": "12",
        "nbGroupeCM": "0",
        "nbGroupeTD": "0",
        "nbGroupeTP": "0",
        "nbGroupeCMTD": "7",
        "nbEtuInscritElpEtape": "217",
        "nbEtuInscritElpTotal": "244",
        "volumeHoraireElpPondereEtape": "93.38",
        "volumeHoraireElpTotal": "105",
        "nbEtuInscritPrevisionnelElpEtape": "265",
        "nbEtuInscritPrevisionnelElpTotal": "238",
        "nbEtape": "2"
    },
    {
        "annee": "2024",
        "codeStructureEtape": "AES",
        "libStructureEtape": "Faculté des Sciences",
        "codeEtape": "TL1SV11",
        "libEtape": "L1 Sciences de la Vie et de la Terre / Chimie",
        "noElement": "TSV1208U",
        "libElement": "Physique appliquée aux SVT - P2",
        "codeNatureElp": "CHAR",
        "libNatureElp": "Charges d'Enseignement",
        "codeCNU": null,
        "libCNU": null,
        "codePeriode": "02",
        "libPeriode": "Période 2",
        "nbHeureCM": "0",
        "nbHeureTD": "0",
        "nbHeureTP": "0",
        "nbHeureCMTD": "12",
        "nbGroupeCM": "0",
        "nbGroupeTD": "0",
        "nbGroupeTP": "0",
        "nbGroupeCMTD": "7",
        "nbEtuInscritElpEtape": "220",
        "nbEtuInscritElpTotal": "247",
        "volumeHoraireElpPondereEtape": "93.52",
        "volumeHoraireElpTotal": "105",
        "nbEtuInscritPrevisionnelElpEtape": "266",
        "nbEtuInscritPrevisionnelElpTotal": "239",
        "nbEtape": "2"
    },
    {
        "annee": "2024",
        "codeStructureEtape": "AES",
        "libStructureEtape": "Faculté des Sciences",
        "codeEtape": "TL1SV11",
        "libEtape": "L1 Sciences de la Vie et de la Terre / Chimie",
        "noElement": "TSV1109W",
        "libElement": "Sciences de la Terre - P1",
        "codeNatureElp": "CHAR",
        "libNatureElp": "Charges d'Enseignement",
        "codeCNU": null,
        "libCNU": null,
        "codePeriode": "01",
        "libPeriode": "Période 1",
        "nbHeureCM": "8",
        "nbHeureTD": "0",
        "nbHeureTP": "0",
        "nbHeureCMTD": "0",
        "nbGroupeCM": "2",
        "nbGroupeTD": "0",
        "nbGroupeTP": "0",
        "nbGroupeCMTD": "0",
        "nbEtuInscritElpEtape": "215",
        "nbEtuInscritElpTotal": "242",
        "volumeHoraireElpPondereEtape": "21.32",
        "volumeHoraireElpTotal": "24",
        "nbEtuInscritPrevisionnelElpEtape": "269",
        "nbEtuInscritPrevisionnelElpTotal": "242",
        "nbEtape": "2"
    },
    {
        "annee": "2024",
        "codeStructureEtape": "AES",
        "libStructureEtape": "Faculté des Sciences",
        "codeEtape": "TL1SV11",
        "libEtape": "L1 Sciences de la Vie et de la Terre / Chimie",
        "noElement": "TSV1312U",
        "libElement": "Chimie organique - P3",
        "codeNatureElp": "CHAR",
        "libNatureElp": "Charges d'Enseignement",
        "codeCNU": null,
        "libCNU": null,
        "codePeriode": "03",
        "libPeriode": "Période 3",
        "nbHeureCM": "0",
        "nbHeureTD": "0",
        "nbHeureTP": "4",
        "nbHeureCMTD": "12",
        "nbGroupeCM": "0",
        "nbGroupeTD": "0",
        "nbGroupeTP": "11",
        "nbGroupeCMTD": "6",
        "nbEtuInscritElpEtape": "195",
        "nbEtuInscritElpTotal": "220",
        "volumeHoraireElpPondereEtape": "118.77",
        "volumeHoraireElpTotal": "134",
        "nbEtuInscritPrevisionnelElpEtape": "224",
        "nbEtuInscritPrevisionnelElpTotal": "200",
        "nbEtape": "2"
    },
    {
        "annee": "2024",
        "codeStructureEtape": "AES",
        "libStructureEtape": "Faculté des Sciences",
        "codeEtape": "TL1SV11",
        "libEtape": "L1 Sciences de la Vie et de la Terre / Chimie",
        "noElement": "EO025P",
        "libElement": "Tir à l'arc",
        "codeNatureElp": "EO",
        "libNatureElp": "E2O",
        "codeCNU": null,
        "libCNU": null,
        "codePeriode": "SP",
        "libPeriode": "Semestre Pair",
        "nbHeureCM": "0",
        "nbHeureTD": "12",
        "nbHeureTP": "0",
        "nbHeureCMTD": "0",
        "nbGroupeCM": "0",
        "nbGroupeTD": "1",
        "nbGroupeTP": "0",
        "nbGroupeCMTD": "0",
        "nbEtuInscritElpEtape": "0",
        "nbEtuInscritElpTotal": "8",
        "volumeHoraireElpPondereEtape": "0",
        "volumeHoraireElpTotal": "12",
        "nbEtuInscritPrevisionnelElpEtape": "6",
        "nbEtuInscritPrevisionnelElpTotal": "0",
        "nbEtape": "169"
    },
    {
        "annee": "2024",
        "codeStructureEtape": "AES",
        "libStructureEtape": "Faculté des Sciences",
        "codeEtape": "TL1SV11",
        "libEtape": "L1 Sciences de la Vie et de la Terre / Chimie",
        "noElement": "TSV1510U",
        "libElement": "Mathématiques appliquées aux SVT - P5",
        "codeNatureElp": "CHAR",
        "libNatureElp": "Charges d'Enseignement",
        "codeCNU": null,
        "libCNU": null,
        "codePeriode": "05",
        "libPeriode": "Période 5",
        "nbHeureCM": "2.7",
        "nbHeureTD": "10.7",
        "nbHeureTP": "0",
        "nbHeureCMTD": "0",
        "nbGroupeCM": "2",
        "nbGroupeTD": "7",
        "nbGroupeTP": "0",
        "nbGroupeCMTD": "0",
        "nbEtuInscritElpEtape": "226",
        "nbEtuInscritElpTotal": "253",
        "volumeHoraireElpPondereEtape": "74.14",
        "volumeHoraireElpTotal": "83",
        "nbEtuInscritPrevisionnelElpEtape": "270",
        "nbEtuInscritPrevisionnelElpTotal": "243",
        "nbEtape": "2"
    },
    {
        "annee": "2024",
        "codeStructureEtape": "AES",
        "libStructureEtape": "Faculté des Sciences",
        "codeEtape": "TL1SV11",
        "libEtape": "L1 Sciences de la Vie et de la Terre / Chimie",
        "noElement": "EO004P",
        "libElement": "Badminton",
        "codeNatureElp": "EO",
        "libNatureElp": "E2O",
        "codeCNU": null,
        "libCNU": null,
        "codePeriode": "SP",
        "libPeriode": "Semestre Pair",
        "nbHeureCM": "0",
        "nbHeureTD": "12",
        "nbHeureTP": "0",
        "nbHeureCMTD": "0",
        "nbGroupeCM": "0",
        "nbGroupeTD": "2",
        "nbGroupeTP": "0",
        "nbGroupeCMTD": "0",
        "nbEtuInscritElpEtape": "1",
        "nbEtuInscritElpTotal": "52",
        "volumeHoraireElpPondereEtape": ".46",
        "volumeHoraireElpTotal": "24",
        "nbEtuInscritPrevisionnelElpEtape": "12",
        "nbEtuInscritPrevisionnelElpTotal": "0",
        "nbEtape": "169"
    },
    {
        "annee": "2024",
        "codeStructureEtape": "AES",
        "libStructureEtape": "Faculté des Sciences",
        "codeEtape": "TL1SV11",
        "libEtape": "L1 Sciences de la Vie et de la Terre / Chimie",
        "noElement": "TSV1213U",
        "libElement": "Biologie végétale - P2",
        "codeNatureElp": "CHAR",
        "libNatureElp": "Charges d'Enseignement",
        "codeCNU": null,
        "libCNU": null,
        "codePeriode": "02",
        "libPeriode": "Période 2",
        "nbHeureCM": "5.3",
        "nbHeureTD": "0",
        "nbHeureTP": "5",
        "nbHeureCMTD": "0",
        "nbGroupeCM": "2",
        "nbGroupeTD": "0",
        "nbGroupeTP": "12",
        "nbGroupeCMTD": "0",
        "nbEtuInscritElpEtape": "208",
        "nbEtuInscritElpTotal": "235",
        "volumeHoraireElpPondereEtape": "67.18",
        "volumeHoraireElpTotal": "75.9",
        "nbEtuInscritPrevisionnelElpEtape": "259",
        "nbEtuInscritPrevisionnelElpTotal": "232",
        "nbEtape": "2"
    },
    {
        "annee": "2024",
        "codeStructureEtape": "AES",
        "libStructureEtape": "Faculté des Sciences",
        "codeEtape": "TL1SV11",
        "libEtape": "L1 Sciences de la Vie et de la Terre / Chimie",
        "noElement": "EO011P",
        "libElement": "Escalade",
        "codeNatureElp": "EO",
        "libNatureElp": "E2O",
        "codeCNU": null,
        "libCNU": null,
        "codePeriode": "SP",
        "libPeriode": "Semestre Pair",
        "nbHeureCM": "0",
        "nbHeureTD": "12",
        "nbHeureTP": "0",
        "nbHeureCMTD": "0",
        "nbGroupeCM": "0",
        "nbGroupeTD": "1",
        "nbGroupeTP": "0",
        "nbGroupeCMTD": "0",
        "nbEtuInscritElpEtape": "0",
        "nbEtuInscritElpTotal": "26",
        "volumeHoraireElpPondereEtape": "0",
        "volumeHoraireElpTotal": "12",
        "nbEtuInscritPrevisionnelElpEtape": "18",
        "nbEtuInscritPrevisionnelElpTotal": "0",
        "nbEtape": "169"
    },
    {
        "annee": "2024",
        "codeStructureEtape": "AES",
        "libStructureEtape": "Faculté des Sciences",
        "codeEtape": "TL1SV11",
        "libEtape": "L1 Sciences de la Vie et de la Terre / Chimie",
        "noElement": "TSV1453U",
        "libElement": "Anglais - P4",
        "codeNatureElp": "CHAR",
        "libNatureElp": "Charges d'Enseignement",
        "codeCNU": "11",
        "libCNU": "Langues et littératures anglaises et anglo-saxonnes",
        "codePeriode": "04",
        "libPeriode": "Période 4",
        "nbHeureCM": "0",
        "nbHeureTD": "0",
        "nbHeureTP": "8",
        "nbHeureCMTD": "0",
        "nbGroupeCM": "2",
        "nbGroupeTD": "7",
        "nbGroupeTP": "13",
        "nbGroupeCMTD": "7",
        "nbEtuInscritElpEtape": "215",
        "nbEtuInscritElpTotal": "242",
        "volumeHoraireElpPondereEtape": "92.4",
        "volumeHoraireElpTotal": "104",
        "nbEtuInscritPrevisionnelElpEtape": "261",
        "nbEtuInscritPrevisionnelElpTotal": "234",
        "nbEtape": "2"
    },
    {
        "annee": "2024",
        "codeStructureEtape": "AES",
        "libStructureEtape": "Faculté des Sciences",
        "codeEtape": "TL1SV11",
        "libEtape": "L1 Sciences de la Vie et de la Terre / Chimie",
        "noElement": "TSV1209U",
        "libElement": "Mathématiques appliquées aux SVT - P2",
        "codeNatureElp": "CHAR",
        "libNatureElp": "Charges d'Enseignement",
        "codeCNU": null,
        "libCNU": null,
        "codePeriode": "02",
        "libPeriode": "Période 2",
        "nbHeureCM": "0",
        "nbHeureTD": "0",
        "nbHeureTP": "0",
        "nbHeureCMTD": "9.3",
        "nbGroupeCM": "0",
        "nbGroupeTD": "0",
        "nbGroupeTP": "0",
        "nbGroupeCMTD": "7",
        "nbEtuInscritElpEtape": "223",
        "nbEtuInscritElpTotal": "250",
        "volumeHoraireElpPondereEtape": "72.59",
        "volumeHoraireElpTotal": "81.38",
        "nbEtuInscritPrevisionnelElpEtape": "269",
        "nbEtuInscritPrevisionnelElpTotal": "242",
        "nbEtape": "2"
    },
    {
        "annee": "2024",
        "codeStructureEtape": "AES",
        "libStructureEtape": "Faculté des Sciences",
        "codeEtape": "TL1SV11",
        "libEtape": "L1 Sciences de la Vie et de la Terre / Chimie",
        "noElement": "TSV1401U",
        "libElement": "Mathématiques appliquées aux SVT - P4",
        "codeNatureElp": "CHAR",
        "libNatureElp": "Charges d'Enseignement",
        "codeCNU": null,
        "libCNU": null,
        "codePeriode": "04",
        "libPeriode": "Période 4",
        "nbHeureCM": "0",
        "nbHeureTD": "0",
        "nbHeureTP": "0",
        "nbHeureCMTD": "9.3",
        "nbGroupeCM": "0",
        "nbGroupeTD": "0",
        "nbGroupeTP": "0",
        "nbGroupeCMTD": "7",
        "nbEtuInscritElpEtape": "226",
        "nbEtuInscritElpTotal": "253",
        "volumeHoraireElpPondereEtape": "72.7",
        "volumeHoraireElpTotal": "81.38",
        "nbEtuInscritPrevisionnelElpEtape": "270",
        "nbEtuInscritPrevisionnelElpTotal": "243",
        "nbEtape": "2"
    },
    {
        "annee": "2024",
        "codeStructureEtape": "AES",
        "libStructureEtape": "Faculté des Sciences",
        "codeEtape": "TL1SV11",
        "libEtape": "L1 Sciences de la Vie et de la Terre / Chimie",
        "noElement": "EO016P",
        "libElement": "Handball",
        "codeNatureElp": "EO",
        "libNatureElp": "E2O",
        "codeCNU": null,
        "libCNU": null,
        "codePeriode": "SP",
        "libPeriode": "Semestre Pair",
        "nbHeureCM": "0",
        "nbHeureTD": "12",
        "nbHeureTP": "0",
        "nbHeureCMTD": "0",
        "nbGroupeCM": "0",
        "nbGroupeTD": "1",
        "nbGroupeTP": "0",
        "nbGroupeCMTD": "0",
        "nbEtuInscritElpEtape": "0",
        "nbEtuInscritElpTotal": "6",
        "volumeHoraireElpPondereEtape": "0",
        "volumeHoraireElpTotal": "12",
        "nbEtuInscritPrevisionnelElpEtape": "5",
        "nbEtuInscritPrevisionnelElpTotal": "0",
        "nbEtape": "168"
    },
    {
        "annee": "2024",
        "codeStructureEtape": "AES",
        "libStructureEtape": "Faculté des Sciences",
        "codeEtape": "TL1SV11",
        "libEtape": "L1 Sciences de la Vie et de la Terre / Chimie",
        "noElement": "TSV1313V",
        "libElement": "Microbiologie - P3",
        "codeNatureElp": "CHAR",
        "libNatureElp": "Charges d'Enseignement",
        "codeCNU": null,
        "libCNU": null,
        "codePeriode": "03",
        "libPeriode": "Période 3",
        "nbHeureCM": "10.7",
        "nbHeureTD": "2.7",
        "nbHeureTP": "0",
        "nbHeureCMTD": "0",
        "nbGroupeCM": "2",
        "nbGroupeTD": "6",
        "nbGroupeTP": "0",
        "nbGroupeCMTD": "0",
        "nbEtuInscritElpEtape": "189",
        "nbEtuInscritElpTotal": "214",
        "volumeHoraireElpPondereEtape": "42.66",
        "volumeHoraireElpTotal": "48.3",
        "nbEtuInscritPrevisionnelElpEtape": "220",
        "nbEtuInscritPrevisionnelElpTotal": "196",
        "nbEtape": "2"
    },
    {
        "annee": "2024",
        "codeStructureEtape": "AES",
        "libStructureEtape": "Faculté des Sciences",
        "codeEtape": "TL1SV11",
        "libEtape": "L1 Sciences de la Vie et de la Terre / Chimie",
        "noElement": "TSV1108U",
        "libElement": "Atomistique - P1",
        "codeNatureElp": "CHAR",
        "libNatureElp": "Charges d'Enseignement",
        "codeCNU": null,
        "libCNU": null,
        "codePeriode": "01",
        "libPeriode": "Période 1",
        "nbHeureCM": "0",
        "nbHeureTD": "0",
        "nbHeureTP": "0",
        "nbHeureCMTD": "22",
        "nbGroupeCM": "0",
        "nbGroupeTD": "0",
        "nbGroupeTP": "0",
        "nbGroupeCMTD": "7",
        "nbEtuInscritElpEtape": "216",
        "nbEtuInscritElpTotal": "243",
        "volumeHoraireElpPondereEtape": "171.11",
        "volumeHoraireElpTotal": "192.5",
        "nbEtuInscritPrevisionnelElpEtape": "266",
        "nbEtuInscritPrevisionnelElpTotal": "239",
        "nbEtape": "2"
    },
    {
        "annee": "2024",
        "codeStructureEtape": "AES",
        "libStructureEtape": "Faculté des Sciences",
        "codeEtape": "TL1SV11",
        "libEtape": "L1 Sciences de la Vie et de la Terre / Chimie",
        "noElement": "TSV1353U",
        "libElement": "Anglais - P3",
        "codeNatureElp": "CHAR",
        "libNatureElp": "Charges d'Enseignement",
        "codeCNU": "11",
        "libCNU": "Langues et littératures anglaises et anglo-saxonnes",
        "codePeriode": "03",
        "libPeriode": "Période 3",
        "nbHeureCM": "0",
        "nbHeureTD": "0",
        "nbHeureTP": "8",
        "nbHeureCMTD": "0",
        "nbGroupeCM": "2",
        "nbGroupeTD": "7",
        "nbGroupeTP": "13",
        "nbGroupeCMTD": "7",
        "nbEtuInscritElpEtape": "215",
        "nbEtuInscritElpTotal": "242",
        "volumeHoraireElpPondereEtape": "92.4",
        "volumeHoraireElpTotal": "104",
        "nbEtuInscritPrevisionnelElpEtape": "261",
        "nbEtuInscritPrevisionnelElpTotal": "234",
        "nbEtape": "2"
    },
    {
        "annee": "2024",
        "codeStructureEtape": "AES",
        "libStructureEtape": "Faculté des Sciences",
        "codeEtape": "TL1SV11",
        "libEtape": "L1 Sciences de la Vie et de la Terre / Chimie",
        "noElement": "TSV1103U",
        "libElement": "Biologie animale - P1",
        "codeNatureElp": "CHAR",
        "libNatureElp": "Charges d'Enseignement",
        "codeCNU": null,
        "libCNU": null,
        "codePeriode": "01",
        "libPeriode": "Période 1",
        "nbHeureCM": "8",
        "nbHeureTD": "0",
        "nbHeureTP": "5.3",
        "nbHeureCMTD": "0",
        "nbGroupeCM": "2",
        "nbGroupeTD": "0",
        "nbGroupeTP": "13",
        "nbGroupeCMTD": "0",
        "nbEtuInscritElpEtape": "214",
        "nbEtuInscritElpTotal": "241",
        "volumeHoraireElpPondereEtape": "82.49",
        "volumeHoraireElpTotal": "92.9",
        "nbEtuInscritPrevisionnelElpEtape": "270",
        "nbEtuInscritPrevisionnelElpTotal": "243",
        "nbEtape": "2"
    },
    {
        "annee": "2024",
        "codeStructureEtape": "AES",
        "libStructureEtape": "Faculté des Sciences",
        "codeEtape": "TL1SV11",
        "libEtape": "L1 Sciences de la Vie et de la Terre / Chimie",
        "noElement": "EO032P",
        "libElement": "Boxe anglaise",
        "codeNatureElp": "EO",
        "libNatureElp": "E2O",
        "codeCNU": null,
        "libCNU": null,
        "codePeriode": "SP",
        "libPeriode": "Semestre Pair",
        "nbHeureCM": "0",
        "nbHeureTD": "12",
        "nbHeureTP": "0",
        "nbHeureCMTD": "0",
        "nbGroupeCM": "0",
        "nbGroupeTD": "1",
        "nbGroupeTP": "0",
        "nbGroupeCMTD": "0",
        "nbEtuInscritElpEtape": "0",
        "nbEtuInscritElpTotal": "6",
        "volumeHoraireElpPondereEtape": "0",
        "volumeHoraireElpTotal": "12",
        "nbEtuInscritPrevisionnelElpEtape": "6",
        "nbEtuInscritPrevisionnelElpTotal": "0",
        "nbEtape": "168"
    },
    {
        "annee": "2024",
        "codeStructureEtape": "AES",
        "libStructureEtape": "Faculté des Sciences",
        "codeEtape": "TL1SV11",
        "libEtape": "L1 Sciences de la Vie et de la Terre / Chimie",
        "noElement": "EO023P",
        "libElement": "Tennis (confirmé)",
        "codeNatureElp": "EO",
        "libNatureElp": "E2O",
        "codeCNU": null,
        "libCNU": null,
        "codePeriode": "SP",
        "libPeriode": "Semestre Pair",
        "nbHeureCM": "0",
        "nbHeureTD": "12",
        "nbHeureTP": "0",
        "nbHeureCMTD": "0",
        "nbGroupeCM": "0",
        "nbGroupeTD": "1",
        "nbGroupeTP": "0",
        "nbGroupeCMTD": "0",
        "nbEtuInscritElpEtape": "0",
        "nbEtuInscritElpTotal": "2",
        "volumeHoraireElpPondereEtape": "0",
        "volumeHoraireElpTotal": "12",
        "nbEtuInscritPrevisionnelElpEtape": "0",
        "nbEtuInscritPrevisionnelElpTotal": "0",
        "nbEtape": "169"
    },
    {
        "annee": "2024",
        "codeStructureEtape": "AES",
        "libStructureEtape": "Faculté des Sciences",
        "codeEtape": "TL1SV11",
        "libEtape": "L1 Sciences de la Vie et de la Terre / Chimie",
        "noElement": "TSV1409U",
        "libElement": "Biologie végétale - P4",
        "codeNatureElp": "CHAR",
        "libNatureElp": "Charges d'Enseignement",
        "codeCNU": null,
        "libCNU": null,
        "codePeriode": "04",
        "libPeriode": "Période 4",
        "nbHeureCM": "8",
        "nbHeureTD": "0",
        "nbHeureTP": "5",
        "nbHeureCMTD": "0",
        "nbGroupeCM": "2",
        "nbGroupeTD": "0",
        "nbGroupeTP": "13",
        "nbGroupeCMTD": "0",
        "nbEtuInscritElpEtape": "222",
        "nbEtuInscritElpTotal": "249",
        "volumeHoraireElpPondereEtape": "79.35",
        "volumeHoraireElpTotal": "89",
        "nbEtuInscritPrevisionnelElpEtape": "260",
        "nbEtuInscritPrevisionnelElpTotal": "233",
        "nbEtape": "2"
    },
    {
        "annee": "2024",
        "codeStructureEtape": "AES",
        "libStructureEtape": "Faculté des Sciences",
        "codeEtape": "TL1SV11",
        "libEtape": "L1 Sciences de la Vie et de la Terre / Chimie",
        "noElement": "TSV1211U",
        "libElement": "Chimie organique - P2",
        "codeNatureElp": "CHAR",
        "libNatureElp": "Charges d'Enseignement",
        "codeCNU": null,
        "libCNU": null,
        "codePeriode": "02",
        "libPeriode": "Période 2",
        "nbHeureCM": "0",
        "nbHeureTD": "0",
        "nbHeureTP": "0",
        "nbHeureCMTD": "12",
        "nbGroupeCM": "0",
        "nbGroupeTD": "0",
        "nbGroupeTP": "0",
        "nbGroupeCMTD": "7",
        "nbEtuInscritElpEtape": "223",
        "nbEtuInscritElpTotal": "250",
        "volumeHoraireElpPondereEtape": "93.66",
        "volumeHoraireElpTotal": "105",
        "nbEtuInscritPrevisionnelElpEtape": "267",
        "nbEtuInscritPrevisionnelElpTotal": "240",
        "nbEtape": "2"
    },
    {
        "annee": "2024",
        "codeStructureEtape": "AES",
        "libStructureEtape": "Faculté des Sciences",
        "codeEtape": "TL1SV11",
        "libEtape": "L1 Sciences de la Vie et de la Terre / Chimie",
        "noElement": "TSV1104U",
        "libElement": "Biologie végétale - P1",
        "codeNatureElp": "CHAR",
        "libNatureElp": "Charges d'Enseignement",
        "codeCNU": null,
        "libCNU": null,
        "codePeriode": "01",
        "libPeriode": "Période 1",
        "nbHeureCM": "1.3",
        "nbHeureTD": "0",
        "nbHeureTP": "6",
        "nbHeureCMTD": "0",
        "nbGroupeCM": "2",
        "nbGroupeTD": "0",
        "nbGroupeTP": "12",
        "nbGroupeCMTD": "0",
        "nbEtuInscritElpEtape": "208",
        "nbEtuInscritElpTotal": "235",
        "volumeHoraireElpPondereEtape": "67.18",
        "volumeHoraireElpTotal": "75.9",
        "nbEtuInscritPrevisionnelElpEtape": "259",
        "nbEtuInscritPrevisionnelElpTotal": "232",
        "nbEtape": "2"
    },
    {
        "annee": "2024",
        "codeStructureEtape": "AES",
        "libStructureEtape": "Faculté des Sciences",
        "codeEtape": "TL1SV11",
        "libEtape": "L1 Sciences de la Vie et de la Terre / Chimie",
        "noElement": "EO021P",
        "libElement": "Rugby",
        "codeNatureElp": "EO",
        "libNatureElp": "E2O",
        "codeCNU": null,
        "libCNU": null,
        "codePeriode": "SP",
        "libPeriode": "Semestre Pair",
        "nbHeureCM": "0",
        "nbHeureTD": "12",
        "nbHeureTP": "0",
        "nbHeureCMTD": "0",
        "nbGroupeCM": "0",
        "nbGroupeTD": "1",
        "nbGroupeTP": "0",
        "nbGroupeCMTD": "0",
        "nbEtuInscritElpEtape": "0",
        "nbEtuInscritElpTotal": "0",
        "volumeHoraireElpPondereEtape": "0",
        "volumeHoraireElpTotal": "12",
        "nbEtuInscritPrevisionnelElpEtape": "3",
        "nbEtuInscritPrevisionnelElpTotal": "0",
        "nbEtape": "168"
    },
    {
        "annee": "2024",
        "codeStructureEtape": "AES",
        "libStructureEtape": "Faculté des Sciences",
        "codeEtape": "TL1SV11",
        "libEtape": "L1 Sciences de la Vie et de la Terre / Chimie",
        "noElement": "TSV1109V",
        "libElement": "Paléontologie - P1",
        "codeNatureElp": "CHAR",
        "libNatureElp": "Charges d'Enseignement",
        "codeCNU": null,
        "libCNU": null,
        "codePeriode": "01",
        "libPeriode": "Période 1",
        "nbHeureCM": "2.7",
        "nbHeureTD": "0",
        "nbHeureTP": "0",
        "nbHeureCMTD": "0",
        "nbGroupeCM": "2",
        "nbGroupeTD": "0",
        "nbGroupeTP": "0",
        "nbGroupeCMTD": "0",
        "nbEtuInscritElpEtape": "215",
        "nbEtuInscritElpTotal": "242",
        "volumeHoraireElpPondereEtape": "7.2",
        "volumeHoraireElpTotal": "8.1",
        "nbEtuInscritPrevisionnelElpEtape": "269",
        "nbEtuInscritPrevisionnelElpTotal": "242",
        "nbEtape": "2"
    },
    {
        "annee": "2024",
        "codeStructureEtape": "AES",
        "libStructureEtape": "Faculté des Sciences",
        "codeEtape": "TL1SV11",
        "libEtape": "L1 Sciences de la Vie et de la Terre / Chimie",
        "noElement": "TSV1306U",
        "libElement": "Chimie des solutions - P3",
        "codeNatureElp": "CHAR",
        "libNatureElp": "Charges d'Enseignement",
        "codeCNU": null,
        "libCNU": null,
        "codePeriode": "03",
        "libPeriode": "Période 3",
        "nbHeureCM": "0",
        "nbHeureTD": "0",
        "nbHeureTP": "0",
        "nbHeureCMTD": "13.3",
        "nbGroupeCM": "0",
        "nbGroupeTD": "0",
        "nbGroupeTP": "0",
        "nbGroupeCMTD": "6",
        "nbEtuInscritElpEtape": "198",
        "nbEtuInscritElpTotal": "223",
        "volumeHoraireElpPondereEtape": "88.57",
        "volumeHoraireElpTotal": "99.75",
        "nbEtuInscritPrevisionnelElpEtape": "227",
        "nbEtuInscritPrevisionnelElpTotal": "203",
        "nbEtape": "2"
    },
    {
        "annee": "2024",
        "codeStructureEtape": "AES",
        "libStructureEtape": "Faculté des Sciences",
        "codeEtape": "TL1SV11",
        "libEtape": "L1 Sciences de la Vie et de la Terre / Chimie",
        "noElement": "TSV1358U",
        "libElement": "3PE - P3",
        "codeNatureElp": "CHAR",
        "libNatureElp": "Charges d'Enseignement",
        "codeCNU": null,
        "libCNU": null,
        "codePeriode": "03",
        "libPeriode": "Période 3",
        "nbHeureCM": "0",
        "nbHeureTD": "2.7",
        "nbHeureTP": "6",
        "nbHeureCMTD": "0",
        "nbGroupeCM": "0",
        "nbGroupeTD": "6",
        "nbGroupeTP": "12",
        "nbGroupeCMTD": "0",
        "nbEtuInscritElpEtape": "208",
        "nbEtuInscritElpTotal": "235",
        "volumeHoraireElpPondereEtape": "78.07",
        "volumeHoraireElpTotal": "88.2",
        "nbEtuInscritPrevisionnelElpEtape": "262",
        "nbEtuInscritPrevisionnelElpTotal": "235",
        "nbEtape": "2"
    },
    {
        "annee": "2024",
        "codeStructureEtape": "AES",
        "libStructureEtape": "Faculté des Sciences",
        "codeEtape": "TL1SV11",
        "libEtape": "L1 Sciences de la Vie et de la Terre / Chimie",
        "noElement": "TSV1513U",
        "libElement": "Biologie moléculaire et cellulaire animale et végétale - P5",
        "codeNatureElp": "CHAR",
        "libNatureElp": "Charges d'Enseignement",
        "codeCNU": null,
        "libCNU": null,
        "codePeriode": "05",
        "libPeriode": "Période 5",
        "nbHeureCM": "10.7",
        "nbHeureTD": "1.3",
        "nbHeureTP": "2",
        "nbHeureCMTD": "0",
        "nbGroupeCM": "2",
        "nbGroupeTD": "6",
        "nbGroupeTP": "12",
        "nbGroupeCMTD": "0",
        "nbEtuInscritElpEtape": "199",
        "nbEtuInscritElpTotal": "224",
        "volumeHoraireElpPondereEtape": "56.77",
        "volumeHoraireElpTotal": "63.9",
        "nbEtuInscritPrevisionnelElpEtape": "229",
        "nbEtuInscritPrevisionnelElpTotal": "205",
        "nbEtape": "2"
    },
    {
        "annee": "2024",
        "codeStructureEtape": "AES",
        "libStructureEtape": "Faculté des Sciences",
        "codeEtape": "TL1SV11",
        "libEtape": "L1 Sciences de la Vie et de la Terre / Chimie",
        "noElement": "EO018P",
        "libElement": "Karaté",
        "codeNatureElp": "EO",
        "libNatureElp": "E2O",
        "codeCNU": null,
        "libCNU": null,
        "codePeriode": "SP",
        "libPeriode": "Semestre Pair",
        "nbHeureCM": "0",
        "nbHeureTD": "12",
        "nbHeureTP": "0",
        "nbHeureCMTD": "0",
        "nbGroupeCM": "0",
        "nbGroupeTD": "1",
        "nbGroupeTP": "0",
        "nbGroupeCMTD": "0",
        "nbEtuInscritElpEtape": "0",
        "nbEtuInscritElpTotal": "4",
        "volumeHoraireElpPondereEtape": "0",
        "volumeHoraireElpTotal": "12",
        "nbEtuInscritPrevisionnelElpEtape": "0",
        "nbEtuInscritPrevisionnelElpTotal": "0",
        "nbEtape": "169"
    },
    {
        "annee": "2024",
        "codeStructureEtape": "AES",
        "libStructureEtape": "Faculté des Sciences",
        "codeEtape": "TL1SV11",
        "libEtape": "L1 Sciences de la Vie et de la Terre / Chimie",
        "noElement": "EO006P",
        "libElement": "Savate boxe française",
        "codeNatureElp": "EO",
        "libNatureElp": "E2O",
        "codeCNU": null,
        "libCNU": null,
        "codePeriode": "SP",
        "libPeriode": "Semestre Pair",
        "nbHeureCM": "0",
        "nbHeureTD": "12",
        "nbHeureTP": "0",
        "nbHeureCMTD": "0",
        "nbGroupeCM": "0",
        "nbGroupeTD": "1",
        "nbGroupeTP": "0",
        "nbGroupeCMTD": "0",
        "nbEtuInscritElpEtape": "0",
        "nbEtuInscritElpTotal": "0",
        "volumeHoraireElpPondereEtape": "0",
        "volumeHoraireElpTotal": "12",
        "nbEtuInscritPrevisionnelElpEtape": "6",
        "nbEtuInscritPrevisionnelElpTotal": "0",
        "nbEtape": "169"
    },
    {
        "annee": "2024",
        "codeStructureEtape": "AES",
        "libStructureEtape": "Faculté des Sciences",
        "codeEtape": "TL1SV11",
        "libEtape": "L1 Sciences de la Vie et de la Terre / Chimie",
        "noElement": "TSV1214U",
        "libElement": "Géodynamique interne - P2",
        "codeNatureElp": "CHAR",
        "libNatureElp": "Charges d'Enseignement",
        "codeCNU": null,
        "libCNU": null,
        "codePeriode": "02",
        "libPeriode": "Période 2",
        "nbHeureCM": "9.3",
        "nbHeureTD": "2.7",
        "nbHeureTP": "0",
        "nbHeureCMTD": "0",
        "nbGroupeCM": "2",
        "nbGroupeTD": "7",
        "nbGroupeTP": "0",
        "nbGroupeCMTD": "0",
        "nbEtuInscritElpEtape": "215",
        "nbEtuInscritElpTotal": "242",
        "volumeHoraireElpPondereEtape": "41.58",
        "volumeHoraireElpTotal": "46.8",
        "nbEtuInscritPrevisionnelElpEtape": "259",
        "nbEtuInscritPrevisionnelElpTotal": "232",
        "nbEtape": "2"
    },
    {
        "annee": "2024",
        "codeStructureEtape": "AES",
        "libStructureEtape": "Faculté des Sciences",
        "codeEtape": "TL1SV11",
        "libEtape": "L1 Sciences de la Vie et de la Terre / Chimie",
        "noElement": "TSV1413V",
        "libElement": "Physiologie microbienne - P4",
        "codeNatureElp": "CHAR",
        "libNatureElp": "Charges d'Enseignement",
        "codeCNU": null,
        "libCNU": null,
        "codePeriode": "04",
        "libPeriode": "Période 4",
        "nbHeureCM": "10.7",
        "nbHeureTD": "2.7",
        "nbHeureTP": "5.3",
        "nbHeureCMTD": "0",
        "nbGroupeCM": "2",
        "nbGroupeTD": "6",
        "nbGroupeTP": "11",
        "nbGroupeCMTD": "0",
        "nbEtuInscritElpEtape": "189",
        "nbEtuInscritElpTotal": "214",
        "volumeHoraireElpPondereEtape": "94.15",
        "volumeHoraireElpTotal": "106.6",
        "nbEtuInscritPrevisionnelElpEtape": "218",
        "nbEtuInscritPrevisionnelElpTotal": "194",
        "nbEtape": "2"
    },
    {
        "annee": "2024",
        "codeStructureEtape": "AES",
        "libStructureEtape": "Faculté des Sciences",
        "codeEtape": "TL1SV11",
        "libEtape": "L1 Sciences de la Vie et de la Terre / Chimie",
        "noElement": "EO084P",
        "libElement": "Eduquer aux sciences de façon ludique",
        "codeNatureElp": "EO",
        "libNatureElp": "E2O",
        "codeCNU": null,
        "libCNU": null,
        "codePeriode": "SP",
        "libPeriode": "Semestre Pair",
        "nbHeureCM": "0",
        "nbHeureTD": "16",
        "nbHeureTP": "0",
        "nbHeureCMTD": "0",
        "nbGroupeCM": "0",
        "nbGroupeTD": "1",
        "nbGroupeTP": "0",
        "nbGroupeCMTD": "0",
        "nbEtuInscritElpEtape": "1",
        "nbEtuInscritElpTotal": "12",
        "volumeHoraireElpPondereEtape": "1.33",
        "volumeHoraireElpTotal": "16",
        "nbEtuInscritPrevisionnelElpEtape": "12",
        "nbEtuInscritPrevisionnelElpTotal": "0",
        "nbEtape": "164"
    },
    {
        "annee": "2024",
        "codeStructureEtape": "AES",
        "libStructureEtape": "Faculté des Sciences",
        "codeEtape": "TL1SV11",
        "libEtape": "L1 Sciences de la Vie et de la Terre / Chimie",
        "noElement": "TSV1315U",
        "libElement": "HTV : Origines à Paléozoïque - P3",
        "codeNatureElp": "CHAR",
        "libNatureElp": "Charges d'Enseignement",
        "codeCNU": null,
        "libCNU": null,
        "codePeriode": "03",
        "libPeriode": "Période 3",
        "nbHeureCM": "16",
        "nbHeureTD": "6.7",
        "nbHeureTP": "10.7",
        "nbHeureCMTD": "0",
        "nbGroupeCM": "1",
        "nbGroupeTD": "1",
        "nbGroupeTP": "2",
        "nbGroupeCMTD": "0",
        "nbEtuInscritElpEtape": "29",
        "nbEtuInscritElpTotal": "31",
        "volumeHoraireElpPondereEtape": "48.74",
        "volumeHoraireElpTotal": "52.1",
        "nbEtuInscritPrevisionnelElpEtape": "42",
        "nbEtuInscritPrevisionnelElpTotal": "39",
        "nbEtape": "2"
    },
    {
        "annee": "2024",
        "codeStructureEtape": "AES",
        "libStructureEtape": "Faculté des Sciences",
        "codeEtape": "TL1SV11",
        "libEtape": "L1 Sciences de la Vie et de la Terre / Chimie",
        "noElement": "TSV1304U",
        "libElement": "Biologie végétale - P3",
        "codeNatureElp": "CHAR",
        "libNatureElp": "Charges d'Enseignement",
        "codeCNU": null,
        "libCNU": null,
        "codePeriode": "03",
        "libPeriode": "Période 3",
        "nbHeureCM": "9.3",
        "nbHeureTD": "0",
        "nbHeureTP": "5",
        "nbHeureCMTD": "0",
        "nbGroupeCM": "2",
        "nbGroupeTD": "0",
        "nbGroupeTP": "13",
        "nbGroupeCMTD": "0",
        "nbEtuInscritElpEtape": "222",
        "nbEtuInscritElpTotal": "249",
        "volumeHoraireElpPondereEtape": "82.83",
        "volumeHoraireElpTotal": "92.9",
        "nbEtuInscritPrevisionnelElpEtape": "260",
        "nbEtuInscritPrevisionnelElpTotal": "233",
        "nbEtape": "2"
    },
    {
        "annee": "2024",
        "codeStructureEtape": "AES",
        "libStructureEtape": "Faculté des Sciences",
        "codeEtape": "TL1SV11",
        "libEtape": "L1 Sciences de la Vie et de la Terre / Chimie",
        "noElement": "TSV1404U",
        "libElement": "Biologie moléculaire et cellulaire animale et végétale - P4",
        "codeNatureElp": "CHAR",
        "libNatureElp": "Charges d'Enseignement",
        "codeCNU": null,
        "libCNU": null,
        "codePeriode": "04",
        "libPeriode": "Période 4",
        "nbHeureCM": "18.7",
        "nbHeureTD": "2.7",
        "nbHeureTP": "0",
        "nbHeureCMTD": "0",
        "nbGroupeCM": "2",
        "nbGroupeTD": "6",
        "nbGroupeTP": "0",
        "nbGroupeCMTD": "0",
        "nbEtuInscritElpEtape": "199",
        "nbEtuInscritElpTotal": "224",
        "volumeHoraireElpPondereEtape": "64.23",
        "volumeHoraireElpTotal": "72.3",
        "nbEtuInscritPrevisionnelElpEtape": "229",
        "nbEtuInscritPrevisionnelElpTotal": "205",
        "nbEtape": "2"
    },
    {
        "annee": "2024",
        "codeStructureEtape": "AES",
        "libStructureEtape": "Faculté des Sciences",
        "codeEtape": "TL1SV11",
        "libEtape": "L1 Sciences de la Vie et de la Terre / Chimie",
        "noElement": "TSV1259U",
        "libElement": "EEO - P2",
        "codeNatureElp": "CHAR",
        "libNatureElp": "Charges d'Enseignement",
        "codeCNU": null,
        "libCNU": null,
        "codePeriode": "02",
        "libPeriode": "Période 2",
        "nbHeureCM": "0",
        "nbHeureTD": "0",
        "nbHeureTP": "2.7",
        "nbHeureCMTD": "2.7",
        "nbGroupeCM": "0",
        "nbGroupeTD": "0",
        "nbGroupeTP": "13",
        "nbGroupeCMTD": "7",
        "nbEtuInscritElpEtape": "216",
        "nbEtuInscritElpTotal": "243",
        "volumeHoraireElpPondereEtape": "52.2",
        "volumeHoraireElpTotal": "58.73",
        "nbEtuInscritPrevisionnelElpEtape": "268",
        "nbEtuInscritPrevisionnelElpTotal": "241",
        "nbEtape": "2"
    },
    {
        "annee": "2024",
        "codeStructureEtape": "AES",
        "libStructureEtape": "Faculté des Sciences",
        "codeEtape": "TL1SV11",
        "libEtape": "L1 Sciences de la Vie et de la Terre / Chimie",
        "noElement": "EO034P",
        "libElement": "Football masculin",
        "codeNatureElp": "EO",
        "libNatureElp": "E2O",
        "codeCNU": null,
        "libCNU": null,
        "codePeriode": "SP",
        "libPeriode": "Semestre Pair",
        "nbHeureCM": "0",
        "nbHeureTD": "12",
        "nbHeureTP": "0",
        "nbHeureCMTD": "0",
        "nbGroupeCM": "0",
        "nbGroupeTD": "1",
        "nbGroupeTP": "0",
        "nbGroupeCMTD": "0",
        "nbEtuInscritElpEtape": "0",
        "nbEtuInscritElpTotal": "8",
        "volumeHoraireElpPondereEtape": "0",
        "volumeHoraireElpTotal": "12",
        "nbEtuInscritPrevisionnelElpEtape": "8",
        "nbEtuInscritPrevisionnelElpTotal": "0",
        "nbEtape": "168"
    },
    {
        "annee": "2024",
        "codeStructureEtape": "AES",
        "libStructureEtape": "Faculté des Sciences",
        "codeEtape": "TL1SV11",
        "libEtape": "L1 Sciences de la Vie et de la Terre / Chimie",
        "noElement": "TSV1256U",
        "libElement": "BienvenUA - SVTC",
        "codeNatureElp": "CHAR",
        "libNatureElp": "Charges d'Enseignement",
        "codeCNU": null,
        "libCNU": null,
        "codePeriode": "02",
        "libPeriode": "Période 2",
        "nbHeureCM": "0",
        "nbHeureTD": "0",
        "nbHeureTP": "0",
        "nbHeureCMTD": "0",
        "nbGroupeCM": "0",
        "nbGroupeTD": "0",
        "nbGroupeTP": "0",
        "nbGroupeCMTD": "0",
        "nbEtuInscritElpEtape": "235",
        "nbEtuInscritElpTotal": "264",
        "volumeHoraireElpPondereEtape": "0",
        "volumeHoraireElpTotal": "0",
        "nbEtuInscritPrevisionnelElpEtape": "272",
        "nbEtuInscritPrevisionnelElpTotal": "244",
        "nbEtape": "2"
    },
    {
        "annee": "2024",
        "codeStructureEtape": "AES",
        "libStructureEtape": "Faculté des Sciences",
        "codeEtape": "TL1SV11",
        "libEtape": "L1 Sciences de la Vie et de la Terre / Chimie",
        "noElement": "TSV1303U",
        "libElement": "Biologie animale - P3",
        "codeNatureElp": "CHAR",
        "libNatureElp": "Charges d'Enseignement",
        "codeCNU": null,
        "libCNU": null,
        "codePeriode": "03",
        "libPeriode": "Période 3",
        "nbHeureCM": "5.3",
        "nbHeureTD": "0",
        "nbHeureTP": "2.7",
        "nbHeureCMTD": "0",
        "nbGroupeCM": "2",
        "nbGroupeTD": "0",
        "nbGroupeTP": "12",
        "nbGroupeCMTD": "0",
        "nbEtuInscritElpEtape": "207",
        "nbEtuInscritElpTotal": "234",
        "volumeHoraireElpPondereEtape": "42.73",
        "volumeHoraireElpTotal": "48.3",
        "nbEtuInscritPrevisionnelElpEtape": "253",
        "nbEtuInscritPrevisionnelElpTotal": "226",
        "nbEtape": "2"
    },
    {
        "annee": "2024",
        "codeStructureEtape": "AES",
        "libStructureEtape": "Faculté des Sciences",
        "codeEtape": "TL1SV11",
        "libEtape": "L1 Sciences de la Vie et de la Terre / Chimie",
        "noElement": "TSV1458U",
        "libElement": "3PE - P4",
        "codeNatureElp": "CHAR",
        "libNatureElp": "Charges d'Enseignement",
        "codeCNU": null,
        "libCNU": null,
        "codePeriode": "04",
        "libPeriode": "Période 4",
        "nbHeureCM": "0",
        "nbHeureTD": "2.7",
        "nbHeureTP": "1.3",
        "nbHeureCMTD": "0",
        "nbGroupeCM": "0",
        "nbGroupeTD": "6",
        "nbGroupeTP": "12",
        "nbGroupeCMTD": "0",
        "nbEtuInscritElpEtape": "208",
        "nbEtuInscritElpTotal": "235",
        "volumeHoraireElpPondereEtape": "28.15",
        "volumeHoraireElpTotal": "31.8",
        "nbEtuInscritPrevisionnelElpEtape": "262",
        "nbEtuInscritPrevisionnelElpTotal": "235",
        "nbEtape": "2"
    },
    {
        "annee": "2024",
        "codeStructureEtape": "AES",
        "libStructureEtape": "Faculté des Sciences",
        "codeEtape": "TL1SV11",
        "libEtape": "L1 Sciences de la Vie et de la Terre / Chimie",
        "noElement": "EO028P",
        "libElement": "Volley",
        "codeNatureElp": "EO",
        "libNatureElp": "E2O",
        "codeCNU": null,
        "libCNU": null,
        "codePeriode": "SP",
        "libPeriode": "Semestre Pair",
        "nbHeureCM": "0",
        "nbHeureTD": "12",
        "nbHeureTP": "0",
        "nbHeureCMTD": "0",
        "nbGroupeCM": "0",
        "nbGroupeTD": "1",
        "nbGroupeTP": "0",
        "nbGroupeCMTD": "0",
        "nbEtuInscritElpEtape": "2",
        "nbEtuInscritElpTotal": "20",
        "volumeHoraireElpPondereEtape": "1.2",
        "volumeHoraireElpTotal": "12",
        "nbEtuInscritPrevisionnelElpEtape": "19",
        "nbEtuInscritPrevisionnelElpTotal": "0",
        "nbEtape": "169"
    },
    {
        "annee": "2024",
        "codeStructureEtape": "AES",
        "libStructureEtape": "Faculté des Sciences",
        "codeEtape": "TL1SV11",
        "libEtape": "L1 Sciences de la Vie et de la Terre / Chimie",
        "noElement": "EO012P",
        "libElement": "Escrime",
        "codeNatureElp": "EO",
        "libNatureElp": "E2O",
        "codeCNU": null,
        "libCNU": null,
        "codePeriode": "SP",
        "libPeriode": "Semestre Pair",
        "nbHeureCM": "0",
        "nbHeureTD": "12",
        "nbHeureTP": "0",
        "nbHeureCMTD": "0",
        "nbGroupeCM": "0",
        "nbGroupeTD": "1",
        "nbGroupeTP": "0",
        "nbGroupeCMTD": "0",
        "nbEtuInscritElpEtape": "0",
        "nbEtuInscritElpTotal": "6",
        "volumeHoraireElpPondereEtape": "0",
        "volumeHoraireElpTotal": "12",
        "nbEtuInscritPrevisionnelElpEtape": "6",
        "nbEtuInscritPrevisionnelElpTotal": "0",
        "nbEtape": "169"
    },
    {
        "annee": "2024",
        "codeStructureEtape": "AES",
        "libStructureEtape": "Faculté des Sciences",
        "codeEtape": "TL1SV11",
        "libEtape": "L1 Sciences de la Vie et de la Terre / Chimie",
        "noElement": "EO003P",
        "libElement": "Athlétisme",
        "codeNatureElp": "EO",
        "libNatureElp": "E2O",
        "codeCNU": null,
        "libCNU": null,
        "codePeriode": "SP",
        "libPeriode": "Semestre Pair",
        "nbHeureCM": "0",
        "nbHeureTD": "12",
        "nbHeureTP": "0",
        "nbHeureCMTD": "0",
        "nbGroupeCM": "0",
        "nbGroupeTD": "1",
        "nbGroupeTP": "0",
        "nbGroupeCMTD": "0",
        "nbEtuInscritElpEtape": "0",
        "nbEtuInscritElpTotal": "6",
        "volumeHoraireElpPondereEtape": "0",
        "volumeHoraireElpTotal": "12",
        "nbEtuInscritPrevisionnelElpEtape": "9",
        "nbEtuInscritPrevisionnelElpTotal": "2",
        "nbEtape": "168"
    },
    {
        "annee": "2024",
        "codeStructureEtape": "AES",
        "libStructureEtape": "Faculté des Sciences",
        "codeEtape": "TL1SV11",
        "libEtape": "L1 Sciences de la Vie et de la Terre / Chimie",
        "noElement": "TSV1554U",
        "libElement": "Culture numérique - P5",
        "codeNatureElp": "CHAR",
        "libNatureElp": "Charges d'Enseignement",
        "codeCNU": null,
        "libCNU": null,
        "codePeriode": "05",
        "libPeriode": "Période 5",
        "nbHeureCM": "0",
        "nbHeureTD": "0",
        "nbHeureTP": "8",
        "nbHeureCMTD": "0",
        "nbGroupeCM": "0",
        "nbGroupeTD": "0",
        "nbGroupeTP": "13",
        "nbGroupeCMTD": "0",
        "nbEtuInscritElpEtape": "224",
        "nbEtuInscritElpTotal": "251",
        "volumeHoraireElpPondereEtape": "92.81",
        "volumeHoraireElpTotal": "104",
        "nbEtuInscritPrevisionnelElpEtape": "267",
        "nbEtuInscritPrevisionnelElpTotal": "240",
        "nbEtape": "2"
    },
    {
        "annee": "2024",
        "codeStructureEtape": "AES",
        "libStructureEtape": "Faculté des Sciences",
        "codeEtape": "TL1SV11",
        "libEtape": "L1 Sciences de la Vie et de la Terre / Chimie",
        "noElement": "EO115P",
        "libElement": "Ouvrir son cabinet ou lancer son activité libérale",
        "codeNatureElp": "EO",
        "libNatureElp": "E2O",
        "codeCNU": null,
        "libCNU": null,
        "codePeriode": "SP",
        "libPeriode": "Semestre Pair",
        "nbHeureCM": "0",
        "nbHeureTD": "16",
        "nbHeureTP": "0",
        "nbHeureCMTD": "0",
        "nbGroupeCM": "0",
        "nbGroupeTD": "1",
        "nbGroupeTP": "0",
        "nbGroupeCMTD": "0",
        "nbEtuInscritElpEtape": "0",
        "nbEtuInscritElpTotal": "8",
        "volumeHoraireElpPondereEtape": "0",
        "volumeHoraireElpTotal": "16",
        "nbEtuInscritPrevisionnelElpEtape": "0",
        "nbEtuInscritPrevisionnelElpTotal": "0",
        "nbEtape": "163"
    },
    {
        "annee": "2024",
        "codeStructureEtape": "AES",
        "libStructureEtape": "Faculté des Sciences",
        "codeEtape": "TL1SV11",
        "libEtape": "L1 Sciences de la Vie et de la Terre / Chimie",
        "noElement": "EO022P",
        "libElement": "Self défense",
        "codeNatureElp": "EO",
        "libNatureElp": "E2O",
        "codeCNU": null,
        "libCNU": null,
        "codePeriode": "SP",
        "libPeriode": "Semestre Pair",
        "nbHeureCM": "0",
        "nbHeureTD": "12",
        "nbHeureTP": "0",
        "nbHeureCMTD": "0",
        "nbGroupeCM": "0",
        "nbGroupeTD": "1",
        "nbGroupeTP": "0",
        "nbGroupeCMTD": "0",
        "nbEtuInscritElpEtape": "0",
        "nbEtuInscritElpTotal": "10",
        "volumeHoraireElpPondereEtape": "0",
        "volumeHoraireElpTotal": "12",
        "nbEtuInscritPrevisionnelElpEtape": "6",
        "nbEtuInscritPrevisionnelElpTotal": "0",
        "nbEtape": "169"
    },
    {
        "annee": "2024",
        "codeStructureEtape": "AES",
        "libStructureEtape": "Faculté des Sciences",
        "codeEtape": "TL1SV11",
        "libEtape": "L1 Sciences de la Vie et de la Terre / Chimie",
        "noElement": "TSV1512U",
        "libElement": "Analyses et dosages - P5",
        "codeNatureElp": "CHAR",
        "libNatureElp": "Charges d'Enseignement",
        "codeCNU": null,
        "libCNU": null,
        "codePeriode": "05",
        "libPeriode": "Période 5",
        "nbHeureCM": "4",
        "nbHeureTD": "0",
        "nbHeureTP": "18",
        "nbHeureCMTD": "0",
        "nbGroupeCM": "2",
        "nbGroupeTD": "0",
        "nbGroupeTP": "11",
        "nbGroupeCMTD": "0",
        "nbEtuInscritElpEtape": "187",
        "nbEtuInscritElpTotal": "212",
        "volumeHoraireElpPondereEtape": "185.24",
        "volumeHoraireElpTotal": "210",
        "nbEtuInscritPrevisionnelElpEtape": "215",
        "nbEtuInscritPrevisionnelElpTotal": "191",
        "nbEtape": "2"
    },
    {
        "annee": "2024",
        "codeStructureEtape": "AES",
        "libStructureEtape": "Faculté des Sciences",
        "codeEtape": "TL1SV11",
        "libEtape": "L1 Sciences de la Vie et de la Terre / Chimie",
        "noElement": "EO104P",
        "libElement": "Créer son CV vidéo pour se démarquer : écrire un script, ...",
        "codeNatureElp": "EO",
        "libNatureElp": "E2O",
        "codeCNU": null,
        "libCNU": null,
        "codePeriode": "SP",
        "libPeriode": "Semestre Pair",
        "nbHeureCM": "0",
        "nbHeureTD": "16",
        "nbHeureTP": "0",
        "nbHeureCMTD": "0",
        "nbGroupeCM": "0",
        "nbGroupeTD": "1",
        "nbGroupeTP": "0",
        "nbGroupeCMTD": "0",
        "nbEtuInscritElpEtape": "0",
        "nbEtuInscritElpTotal": "0",
        "volumeHoraireElpPondereEtape": "0",
        "volumeHoraireElpTotal": "16",
        "nbEtuInscritPrevisionnelElpEtape": "7",
        "nbEtuInscritPrevisionnelElpTotal": "0",
        "nbEtape": "164"
    },
    {
        "annee": "2024",
        "codeStructureEtape": "AES",
        "libStructureEtape": "Faculté des Sciences",
        "codeEtape": "TL1SV11",
        "libEtape": "L1 Sciences de la Vie et de la Terre / Chimie",
        "noElement": "EO027P",
        "libElement": "Tir sportif",
        "codeNatureElp": "EO",
        "libNatureElp": "E2O",
        "codeCNU": null,
        "libCNU": null,
        "codePeriode": "SP",
        "libPeriode": "Semestre Pair",
        "nbHeureCM": "0",
        "nbHeureTD": "12",
        "nbHeureTP": "0",
        "nbHeureCMTD": "0",
        "nbGroupeCM": "0",
        "nbGroupeTD": "1",
        "nbGroupeTP": "0",
        "nbGroupeCMTD": "0",
        "nbEtuInscritElpEtape": "0",
        "nbEtuInscritElpTotal": "6",
        "volumeHoraireElpPondereEtape": "0",
        "volumeHoraireElpTotal": "12",
        "nbEtuInscritPrevisionnelElpEtape": "5",
        "nbEtuInscritPrevisionnelElpTotal": "0",
        "nbEtape": "168"
    },
    {
        "annee": "2024",
        "codeStructureEtape": "AES",
        "libStructureEtape": "Faculté des Sciences",
        "codeEtape": "TL1SV11",
        "libEtape": "L1 Sciences de la Vie et de la Terre / Chimie",
        "noElement": "TSV1415U",
        "libElement": "HTV : Méso-Cénozoïque - P4",
        "codeNatureElp": "CHAR",
        "libNatureElp": "Charges d'Enseignement",
        "codeCNU": null,
        "libCNU": null,
        "codePeriode": "04",
        "libPeriode": "Période 4",
        "nbHeureCM": "8",
        "nbHeureTD": "0",
        "nbHeureTP": "0",
        "nbHeureCMTD": "0",
        "nbGroupeCM": "1",
        "nbGroupeTD": "0",
        "nbGroupeTP": "0",
        "nbGroupeCMTD": "0",
        "nbEtuInscritElpEtape": "29",
        "nbEtuInscritElpTotal": "31",
        "volumeHoraireElpPondereEtape": "11.23",
        "volumeHoraireElpTotal": "12",
        "nbEtuInscritPrevisionnelElpEtape": "42",
        "nbEtuInscritPrevisionnelElpTotal": "39",
        "nbEtape": "2"
    },
    {
        "annee": "2024",
        "codeStructureEtape": "AES",
        "libStructureEtape": "Faculté des Sciences",
        "codeEtape": "TL1SV11",
        "libEtape": "L1 Sciences de la Vie et de la Terre / Chimie",
        "noElement": "EO102P",
        "libElement": "Graine d'entrepreneur",
        "codeNatureElp": "EO",
        "libNatureElp": "E2O",
        "codeCNU": null,
        "libCNU": null,
        "codePeriode": "SP",
        "libPeriode": "Semestre Pair",
        "nbHeureCM": "0",
        "nbHeureTD": "16",
        "nbHeureTP": "0",
        "nbHeureCMTD": "0",
        "nbGroupeCM": "0",
        "nbGroupeTD": "1",
        "nbGroupeTP": "0",
        "nbGroupeCMTD": "0",
        "nbEtuInscritElpEtape": "0",
        "nbEtuInscritElpTotal": "0",
        "volumeHoraireElpPondereEtape": "0",
        "volumeHoraireElpTotal": "16",
        "nbEtuInscritPrevisionnelElpEtape": "9",
        "nbEtuInscritPrevisionnelElpTotal": "0",
        "nbEtape": "164"
    },
    {
        "annee": "2024",
        "codeStructureEtape": "AES",
        "libStructureEtape": "Faculté des Sciences",
        "codeEtape": "TL1SV11",
        "libEtape": "L1 Sciences de la Vie et de la Terre / Chimie",
        "noElement": "TSV1402U",
        "libElement": "Biologie animale - P4",
        "codeNatureElp": "CHAR",
        "libNatureElp": "Charges d'Enseignement",
        "codeCNU": null,
        "libCNU": null,
        "codePeriode": "04",
        "libPeriode": "Période 4",
        "nbHeureCM": "5.3",
        "nbHeureTD": "0",
        "nbHeureTP": "2.7",
        "nbHeureCMTD": "0",
        "nbGroupeCM": "2",
        "nbGroupeTD": "0",
        "nbGroupeTP": "12",
        "nbGroupeCMTD": "0",
        "nbEtuInscritElpEtape": "207",
        "nbEtuInscritElpTotal": "234",
        "volumeHoraireElpPondereEtape": "42.73",
        "volumeHoraireElpTotal": "48.3",
        "nbEtuInscritPrevisionnelElpEtape": "253",
        "nbEtuInscritPrevisionnelElpTotal": "226",
        "nbEtape": "2"
    },
    {
        "annee": "2024",
        "codeStructureEtape": "AES",
        "libStructureEtape": "Faculté des Sciences",
        "codeEtape": "TL1SV11",
        "libEtape": "L1 Sciences de la Vie et de la Terre / Chimie",
        "noElement": "TSV1101U",
        "libElement": "Mathématiques appliquées aux SVT - P1",
        "codeNatureElp": "CHAR",
        "libNatureElp": "Charges d'Enseignement",
        "codeCNU": null,
        "libCNU": null,
        "codePeriode": "01",
        "libPeriode": "Période 1",
        "nbHeureCM": "1.3",
        "nbHeureTD": "0",
        "nbHeureTP": "0",
        "nbHeureCMTD": "9.3",
        "nbGroupeCM": "2",
        "nbGroupeTD": "0",
        "nbGroupeTP": "0",
        "nbGroupeCMTD": "7",
        "nbEtuInscritElpEtape": "223",
        "nbEtuInscritElpTotal": "250",
        "volumeHoraireElpPondereEtape": "76.07",
        "volumeHoraireElpTotal": "85.28",
        "nbEtuInscritPrevisionnelElpEtape": "269",
        "nbEtuInscritPrevisionnelElpTotal": "242",
        "nbEtape": "2"
    },
    {
        "annee": "2024",
        "codeStructureEtape": "AES",
        "libStructureEtape": "Faculté des Sciences",
        "codeEtape": "TL1SV11",
        "libEtape": "L1 Sciences de la Vie et de la Terre / Chimie",
        "noElement": "EO095P",
        "libElement": "BD du réel : composer un récit graphique",
        "codeNatureElp": "EO",
        "libNatureElp": "E2O",
        "codeCNU": null,
        "libCNU": null,
        "codePeriode": "SP",
        "libPeriode": "Semestre Pair",
        "nbHeureCM": "0",
        "nbHeureTD": "16",
        "nbHeureTP": "0",
        "nbHeureCMTD": "0",
        "nbGroupeCM": "0",
        "nbGroupeTD": "1",
        "nbGroupeTP": "0",
        "nbGroupeCMTD": "0",
        "nbEtuInscritElpEtape": "0",
        "nbEtuInscritElpTotal": "0",
        "volumeHoraireElpPondereEtape": "0",
        "volumeHoraireElpTotal": "16",
        "nbEtuInscritPrevisionnelElpEtape": "8",
        "nbEtuInscritPrevisionnelElpTotal": "0",
        "nbEtape": "163"
    }
]