[
    {
        "annee": "2024",
        "codeStructureEtape": "AES",
        "libStructureEtape": "Faculté des Sciences",
        "codeEtape": "TL1ME11",
        "libEtape": "L1 Double Licence Mathématiques / Math-Économie",
        "noElement": "EO019P",
        "libElement": "Musculation",
        "codeNatureElp": "EO",
        "libNatureElp": "E2O",
        "codeCNU": null,
        "libCNU": null,
        "codePeriode": "SP",
        "libPeriode": "Semestre Pair",
        "nbHeureCM": "0",
        "nbHeureTD": "12",
        "nbHeureTP": "0",
        "nbHeureCMTD": "0",
        "nbGroupeCM": "0",
        "nbGroupeTD": "1",
        "nbGroupeTP": "0",
        "nbGroupeCMTD": "0",
        "nbEtuInscritElpEtape": "0",
        "nbEtuInscritElpTotal": "23",
        "volumeHoraireElpPondereEtape": "0",
        "volumeHoraireElpTotal": "12",
        "nbEtuInscritPrevisionnelElpEtape": "23",
        "nbEtuInscritPrevisionnelElpTotal": "0",
        "nbEtape": "169"
    },
    {
        "annee": "2024",
        "codeStructureEtape": "AES",
        "libStructureEtape": "Faculté des Sciences",
        "codeEtape": "TL1ME11",
        "libEtape": "L1 Double Licence Mathématiques / Math-Économie",
        "noElement": "EO024P",
        "libElement": "Tennis de table",
        "codeNatureElp": "EO",
        "libNatureElp": "E2O",
        "codeCNU": null,
        "libCNU": null,
        "codePeriode": "SP",
        "libPeriode": "Semestre Pair",
        "nbHeureCM": "0",
        "nbHeureTD": "12",
        "nbHeureTP": "0",
        "nbHeureCMTD": "0",
        "nbGroupeCM": "0",
        "nbGroupeTD": "1",
        "nbGroupeTP": "0",
        "nbGroupeCMTD": "0",
        "nbEtuInscritElpEtape": "0",
        "nbEtuInscritElpTotal": "2",
        "volumeHoraireElpPondereEtape": "0",
        "volumeHoraireElpTotal": "12",
        "nbEtuInscritPrevisionnelElpEtape": "8",
        "nbEtuInscritPrevisionnelElpTotal": "0",
        "nbEtape": "169"
    },
    {
        "annee": "2024",
        "codeStructureEtape": "AES",
        "libStructureEtape": "Faculté des Sciences",
        "codeEtape": "TL1ME11",
        "libEtape": "L1 Double Licence Mathématiques / Math-Économie",
        "noElement": "EO005P",
        "libElement": "Basket",
        "codeNatureElp": "EO",
        "libNatureElp": "E2O",
        "codeCNU": null,
        "libCNU": null,
        "codePeriode": "SP",
        "libPeriode": "Semestre Pair",
        "nbHeureCM": "0",
        "nbHeureTD": "12",
        "nbHeureTP": "0",
        "nbHeureCMTD": "0",
        "nbGroupeCM": "0",
        "nbGroupeTD": "1",
        "nbGroupeTP": "0",
        "nbGroupeCMTD": "0",
        "nbEtuInscritElpEtape": "0",
        "nbEtuInscritElpTotal": "12",
        "volumeHoraireElpPondereEtape": "0",
        "volumeHoraireElpTotal": "12",
        "nbEtuInscritPrevisionnelElpEtape": "18",
        "nbEtuInscritPrevisionnelElpTotal": "0",
        "nbEtape": "168"
    },
    {
        "annee": "2024",
        "codeStructureEtape": "AES",
        "libStructureEtape": "Faculté des Sciences",
        "codeEtape": "TL1ME11",
        "libEtape": "L1 Double Licence Mathématiques / Math-Économie",
        "noElement": "EO001P",
        "libElement": "Aïkido",
        "codeNatureElp": "EO",
        "libNatureElp": "E2O",
        "codeCNU": null,
        "libCNU": null,
        "codePeriode": "SP",
        "libPeriode": "Semestre Pair",
        "nbHeureCM": "0",
        "nbHeureTD": "12",
        "nbHeureTP": "0",
        "nbHeureCMTD": "0",
        "nbGroupeCM": "0",
        "nbGroupeTD": "1",
        "nbGroupeTP": "0",
        "nbGroupeCMTD": "0",
        "nbEtuInscritElpEtape": "0",
        "nbEtuInscritElpTotal": "0",
        "volumeHoraireElpPondereEtape": "0",
        "volumeHoraireElpTotal": "12",
        "nbEtuInscritPrevisionnelElpEtape": "3",
        "nbEtuInscritPrevisionnelElpTotal": "0",
        "nbEtape": "169"
    },
    {
        "annee": "2024",
        "codeStructureEtape": "AES",
        "libStructureEtape": "Faculté des Sciences",
        "codeEtape": "TL1ME11",
        "libEtape": "L1 Double Licence Mathématiques / Math-Économie",
        "noElement": "EO030P",
        "libElement": "Gymnastique",
        "codeNatureElp": "EO",
        "libNatureElp": "E2O",
        "codeCNU": null,
        "libCNU": null,
        "codePeriode": "SP",
        "libPeriode": "Semestre Pair",
        "nbHeureCM": "0",
        "nbHeureTD": "12",
        "nbHeureTP": "0",
        "nbHeureCMTD": "0",
        "nbGroupeCM": "0",
        "nbGroupeTD": "1",
        "nbGroupeTP": "0",
        "nbGroupeCMTD": "0",
        "nbEtuInscritElpEtape": "0",
        "nbEtuInscritElpTotal": "4",
        "volumeHoraireElpPondereEtape": "0",
        "volumeHoraireElpTotal": "12",
        "nbEtuInscritPrevisionnelElpEtape": "6",
        "nbEtuInscritPrevisionnelElpTotal": "0",
        "nbEtape": "168"
    },
    {
        "annee": "2024",
        "codeStructureEtape": "AES",
        "libStructureEtape": "Faculté des Sciences",
        "codeEtape": "TL1ME11",
        "libEtape": "L1 Double Licence Mathématiques / Math-Économie",
        "noElement": "EO111P",
        "libElement": "Création d'entreprise : aspects commercial et financier",
        "codeNatureElp": "EO",
        "libNatureElp": "E2O",
        "codeCNU": null,
        "libCNU": null,
        "codePeriode": "SP",
        "libPeriode": "Semestre Pair",
        "nbHeureCM": "0",
        "nbHeureTD": "16",
        "nbHeureTP": "0",
        "nbHeureCMTD": "0",
        "nbGroupeCM": "0",
        "nbGroupeTD": "1",
        "nbGroupeTP": "0",
        "nbGroupeCMTD": "0",
        "nbEtuInscritElpEtape": "0",
        "nbEtuInscritElpTotal": "24",
        "volumeHoraireElpPondereEtape": "0",
        "volumeHoraireElpTotal": "16",
        "nbEtuInscritPrevisionnelElpEtape": "19",
        "nbEtuInscritPrevisionnelElpTotal": "0",
        "nbEtape": "163"
    },
    {
        "annee": "2024",
        "codeStructureEtape": "AES",
        "libStructureEtape": "Faculté des Sciences",
        "codeEtape": "TL1ME11",
        "libEtape": "L1 Double Licence Mathématiques / Math-Économie",
        "noElement": "AEG1CH7A",
        "libElement": "UE 17A : Anglais",
        "codeNatureElp": "CHAR",
        "libNatureElp": "Charges d'Enseignement",
        "codeCNU": "11",
        "libCNU": "Langues et littératures anglaises et anglo-saxonnes",
        "codePeriode": "AN",
        "libPeriode": "Enseignement toute l'année",
        "nbHeureCM": "0",
        "nbHeureTD": "40",
        "nbHeureTP": "0",
        "nbHeureCMTD": "0",
        "nbGroupeCM": "0",
        "nbGroupeTD": "17",
        "nbGroupeTP": "0",
        "nbGroupeCMTD": "0",
        "nbEtuInscritElpEtape": "31",
        "nbEtuInscritElpTotal": "390",
        "volumeHoraireElpPondereEtape": "54.05",
        "volumeHoraireElpTotal": "680",
        "nbEtuInscritPrevisionnelElpEtape": "420",
        "nbEtuInscritPrevisionnelElpTotal": "0",
        "nbEtape": "6"
    },
    {
        "annee": "2024",
        "codeStructureEtape": "AES",
        "libStructureEtape": "Faculté des Sciences",
        "codeEtape": "TL1ME11",
        "libEtape": "L1 Double Licence Mathématiques / Math-Économie",
        "noElement": "EO017P",
        "libElement": "Judo",
        "codeNatureElp": "EO",
        "libNatureElp": "E2O",
        "codeCNU": null,
        "libCNU": null,
        "codePeriode": "SP",
        "libPeriode": "Semestre Pair",
        "nbHeureCM": "0",
        "nbHeureTD": "12",
        "nbHeureTP": "0",
        "nbHeureCMTD": "0",
        "nbGroupeCM": "0",
        "nbGroupeTD": "1",
        "nbGroupeTP": "0",
        "nbGroupeCMTD": "0",
        "nbEtuInscritElpEtape": "0",
        "nbEtuInscritElpTotal": "6",
        "volumeHoraireElpPondereEtape": "0",
        "volumeHoraireElpTotal": "12",
        "nbEtuInscritPrevisionnelElpEtape": "6",
        "nbEtuInscritPrevisionnelElpTotal": "0",
        "nbEtape": "169"
    },
    {
        "annee": "2024",
        "codeStructureEtape": "AES",
        "libStructureEtape": "Faculté des Sciences",
        "codeEtape": "TL1ME11",
        "libEtape": "L1 Double Licence Mathématiques / Math-Économie",
        "noElement": "TMX1120U",
        "libElement": "Analyse élémentaire - P1",
        "codeNatureElp": "CHAR",
        "libNatureElp": "Charges d'Enseignement",
        "codeCNU": "25",
        "libCNU": "Mathématiques",
        "codePeriode": "01",
        "libPeriode": "Période 1",
        "nbHeureCM": "0",
        "nbHeureTD": "0",
        "nbHeureTP": "0",
        "nbHeureCMTD": "24",
        "nbGroupeCM": "2",
        "nbGroupeTD": "9",
        "nbGroupeTP": "18",
        "nbGroupeCMTD": "9",
        "nbEtuInscritElpEtape": "31",
        "nbEtuInscritElpTotal": "343",
        "volumeHoraireElpPondereEtape": "24.4",
        "volumeHoraireElpTotal": "270",
        "nbEtuInscritPrevisionnelElpEtape": "353",
        "nbEtuInscritPrevisionnelElpTotal": "34",
        "nbEtape": "6"
    },
    {
        "annee": "2024",
        "codeStructureEtape": "AES",
        "libStructureEtape": "Faculté des Sciences",
        "codeEtape": "TL1ME11",
        "libEtape": "L1 Double Licence Mathématiques / Math-Économie",
        "noElement": "TMX1221U",
        "libElement": "Algèbre élémentaire - P2",
        "codeNatureElp": "CHAR",
        "libNatureElp": "Charges d'Enseignement",
        "codeCNU": "25",
        "libCNU": "Mathématiques",
        "codePeriode": "02",
        "libPeriode": "Période 2",
        "nbHeureCM": "0",
        "nbHeureTD": "0",
        "nbHeureTP": "0",
        "nbHeureCMTD": "16",
        "nbGroupeCM": "2",
        "nbGroupeTD": "9",
        "nbGroupeTP": "18",
        "nbGroupeCMTD": "9",
        "nbEtuInscritElpEtape": "31",
        "nbEtuInscritElpTotal": "360",
        "volumeHoraireElpPondereEtape": "15.5",
        "volumeHoraireElpTotal": "180",
        "nbEtuInscritPrevisionnelElpEtape": "364",
        "nbEtuInscritPrevisionnelElpTotal": "34",
        "nbEtape": "6"
    },
    {
        "annee": "2024",
        "codeStructureEtape": "AES",
        "libStructureEtape": "Faculté des Sciences",
        "codeEtape": "TL1ME11",
        "libEtape": "L1 Double Licence Mathématiques / Math-Économie",
        "noElement": "EO113P",
        "libElement": "Journalisme : interviews et portraits d'entreprises",
        "codeNatureElp": "EO",
        "libNatureElp": "E2O",
        "codeCNU": null,
        "libCNU": null,
        "codePeriode": "SP",
        "libPeriode": "Semestre Pair",
        "nbHeureCM": "0",
        "nbHeureTD": "16",
        "nbHeureTP": "0",
        "nbHeureCMTD": "0",
        "nbGroupeCM": "0",
        "nbGroupeTD": "0",
        "nbGroupeTP": "0",
        "nbGroupeCMTD": "0",
        "nbEtuInscritElpEtape": "0",
        "nbEtuInscritElpTotal": "0",
        "volumeHoraireElpPondereEtape": "0",
        "volumeHoraireElpTotal": "16",
        "nbEtuInscritPrevisionnelElpEtape": "0",
        "nbEtuInscritPrevisionnelElpTotal": "0",
        "nbEtape": "88"
    },
    {
        "annee": "2024",
        "codeStructureEtape": "AES",
        "libStructureEtape": "Faculté des Sciences",
        "codeEtape": "TL1ME11",
        "libEtape": "L1 Double Licence Mathématiques / Math-Économie",
        "noElement": "EO109P",
        "libElement": "Consolider son projet d'avenir",
        "codeNatureElp": "EO",
        "libNatureElp": "E2O",
        "codeCNU": null,
        "libCNU": null,
        "codePeriode": "SP",
        "libPeriode": "Semestre Pair",
        "nbHeureCM": "0",
        "nbHeureTD": "16",
        "nbHeureTP": "0",
        "nbHeureCMTD": "0",
        "nbGroupeCM": "0",
        "nbGroupeTD": "0",
        "nbGroupeTP": "0",
        "nbGroupeCMTD": "0",
        "nbEtuInscritElpEtape": "0",
        "nbEtuInscritElpTotal": "0",
        "volumeHoraireElpPondereEtape": "0",
        "volumeHoraireElpTotal": "16",
        "nbEtuInscritPrevisionnelElpEtape": "0",
        "nbEtuInscritPrevisionnelElpTotal": "0",
        "nbEtape": "164"
    },
    {
        "annee": "2024",
        "codeStructureEtape": "AES",
        "libStructureEtape": "Faculté des Sciences",
        "codeEtape": "TL1ME11",
        "libEtape": "L1 Double Licence Mathématiques / Math-Économie",
        "noElement": "TMX1301U",
        "libElement": "Fondements d'analyse - P3",
        "codeNatureElp": "CHAR",
        "libNatureElp": "Charges d'Enseignement",
        "codeCNU": "25",
        "libCNU": "Mathématiques",
        "codePeriode": "3",
        "libPeriode": "Enseignement du troisième semestre",
        "nbHeureCM": "0",
        "nbHeureTD": "0",
        "nbHeureTP": "0",
        "nbHeureCMTD": "28",
        "nbGroupeCM": "0",
        "nbGroupeTD": "0",
        "nbGroupeTP": "0",
        "nbGroupeCMTD": "5",
        "nbEtuInscritElpEtape": "31",
        "nbEtuInscritElpTotal": "164",
        "volumeHoraireElpPondereEtape": "33.08",
        "volumeHoraireElpTotal": "175",
        "nbEtuInscritPrevisionnelElpEtape": "160",
        "nbEtuInscritPrevisionnelElpTotal": "34",
        "nbEtape": "6"
    },
    {
        "annee": "2024",
        "codeStructureEtape": "AES",
        "libStructureEtape": "Faculté des Sciences",
        "codeEtape": "TL1ME11",
        "libEtape": "L1 Double Licence Mathématiques / Math-Économie",
        "noElement": "EO090P",
        "libElement": "Buddy system",
        "codeNatureElp": "EO",
        "libNatureElp": "E2O",
        "codeCNU": null,
        "libCNU": null,
        "codePeriode": "SP",
        "libPeriode": "Semestre Pair",
        "nbHeureCM": "0",
        "nbHeureTD": "16",
        "nbHeureTP": "0",
        "nbHeureCMTD": "0",
        "nbGroupeCM": "0",
        "nbGroupeTD": "1",
        "nbGroupeTP": "0",
        "nbGroupeCMTD": "0",
        "nbEtuInscritElpEtape": "0",
        "nbEtuInscritElpTotal": "1",
        "volumeHoraireElpPondereEtape": "0",
        "volumeHoraireElpTotal": "16",
        "nbEtuInscritPrevisionnelElpEtape": "13",
        "nbEtuInscritPrevisionnelElpTotal": "0",
        "nbEtape": "163"
    },
    {
        "annee": "2024",
        "codeStructureEtape": "AES",
        "libStructureEtape": "Faculté des Sciences",
        "codeEtape": "TL1ME11",
        "libEtape": "L1 Double Licence Mathématiques / Math-Économie",
        "noElement": "EO114P",
        "libElement": "Du CV à l'entretien, maximiser vos chances d'être retenu",
        "codeNatureElp": "EO",
        "libNatureElp": "E2O",
        "codeCNU": null,
        "libCNU": null,
        "codePeriode": "SP",
        "libPeriode": "Semestre Pair",
        "nbHeureCM": "0",
        "nbHeureTD": "16",
        "nbHeureTP": "0",
        "nbHeureCMTD": "0",
        "nbGroupeCM": "0",
        "nbGroupeTD": "1",
        "nbGroupeTP": "0",
        "nbGroupeCMTD": "0",
        "nbEtuInscritElpEtape": "0",
        "nbEtuInscritElpTotal": "21",
        "volumeHoraireElpPondereEtape": "0",
        "volumeHoraireElpTotal": "16",
        "nbEtuInscritPrevisionnelElpEtape": "0",
        "nbEtuInscritPrevisionnelElpTotal": "0",
        "nbEtape": "164"
    },
    {
        "annee": "2024",
        "codeStructureEtape": "AES",
        "libStructureEtape": "Faculté des Sciences",
        "codeEtape": "TL1ME11",
        "libEtape": "L1 Double Licence Mathématiques / Math-Économie",
        "noElement": "EO072P",
        "libElement": "Initiation à la langue des signes",
        "codeNatureElp": "EO",
        "libNatureElp": "E2O",
        "codeCNU": null,
        "libCNU": null,
        "codePeriode": "SP",
        "libPeriode": "Semestre Pair",
        "nbHeureCM": "0",
        "nbHeureTD": "16",
        "nbHeureTP": "0",
        "nbHeureCMTD": "0",
        "nbGroupeCM": "0",
        "nbGroupeTD": "0",
        "nbGroupeTP": "0",
        "nbGroupeCMTD": "0",
        "nbEtuInscritElpEtape": "0",
        "nbEtuInscritElpTotal": "0",
        "volumeHoraireElpPondereEtape": "0",
        "volumeHoraireElpTotal": "16",
        "nbEtuInscritPrevisionnelElpEtape": "0",
        "nbEtuInscritPrevisionnelElpTotal": "0",
        "nbEtape": "163"
    },
    {
        "annee": "2024",
        "codeStructureEtape": "AES",
        "libStructureEtape": "Faculté des Sciences",
        "codeEtape": "TL1ME11",
        "libEtape": "L1 Double Licence Mathématiques / Math-Économie",
        "noElement": "EO135P",
        "libElement": "Valorisation de l'engagement étudiant",
        "codeNatureElp": "EO",
        "libNatureElp": "E2O",
        "codeCNU": null,
        "libCNU": null,
        "codePeriode": "SP",
        "libPeriode": "Semestre Pair",
        "nbHeureCM": "0",
        "nbHeureTD": "16",
        "nbHeureTP": "0",
        "nbHeureCMTD": "0",
        "nbGroupeCM": "0",
        "nbGroupeTD": "1",
        "nbGroupeTP": "0",
        "nbGroupeCMTD": "0",
        "nbEtuInscritElpEtape": "0",
        "nbEtuInscritElpTotal": "18",
        "volumeHoraireElpPondereEtape": "0",
        "volumeHoraireElpTotal": "16",
        "nbEtuInscritPrevisionnelElpEtape": "0",
        "nbEtuInscritPrevisionnelElpTotal": "0",
        "nbEtape": "163"
    },
    {
        "annee": "2024",
        "codeStructureEtape": "AES",
        "libStructureEtape": "Faculté des Sciences",
        "codeEtape": "TL1ME11",
        "libEtape": "L1 Double Licence Mathématiques / Math-Économie",
        "noElement": "TMX1413U",
        "libElement": "Fondements d'analyse - P4",
        "codeNatureElp": "CHAR",
        "libNatureElp": "Charges d'Enseignement",
        "codeCNU": "25",
        "libCNU": "Mathématiques",
        "codePeriode": "4",
        "libPeriode": "Enseignement du quatrième semestre",
        "nbHeureCM": "0",
        "nbHeureTD": "0",
        "nbHeureTP": "0",
        "nbHeureCMTD": "29.33",
        "nbGroupeCM": "0",
        "nbGroupeTD": "0",
        "nbGroupeTP": "0",
        "nbGroupeCMTD": "5",
        "nbEtuInscritElpEtape": "31",
        "nbEtuInscritElpTotal": "164",
        "volumeHoraireElpPondereEtape": "34.65",
        "volumeHoraireElpTotal": "183.31",
        "nbEtuInscritPrevisionnelElpEtape": "160",
        "nbEtuInscritPrevisionnelElpTotal": "34",
        "nbEtape": "6"
    },
    {
        "annee": "2024",
        "codeStructureEtape": "AES",
        "libStructureEtape": "Faculté des Sciences",
        "codeEtape": "TL1ME11",
        "libEtape": "L1 Double Licence Mathématiques / Math-Économie",
        "noElement": "TMX1513U",
        "libElement": "Arithmétique des polynômes - P5",
        "codeNatureElp": "CHAR",
        "libNatureElp": "Charges d'Enseignement",
        "codeCNU": "25",
        "libCNU": "Mathématiques",
        "codePeriode": "05",
        "libPeriode": "Période 5",
        "nbHeureCM": "0",
        "nbHeureTD": "0",
        "nbHeureTP": "0",
        "nbHeureCMTD": "20",
        "nbGroupeCM": "0",
        "nbGroupeTD": "0",
        "nbGroupeTP": "0",
        "nbGroupeCMTD": "1",
        "nbEtuInscritElpEtape": "31",
        "nbEtuInscritElpTotal": "31",
        "volumeHoraireElpPondereEtape": "25",
        "volumeHoraireElpTotal": "25",
        "nbEtuInscritPrevisionnelElpEtape": "0",
        "nbEtuInscritPrevisionnelElpTotal": "0",
        "nbEtape": "1"
    },
    {
        "annee": "2024",
        "codeStructureEtape": "AES",
        "libStructureEtape": "Faculté des Sciences",
        "codeEtape": "TL1ME11",
        "libEtape": "L1 Double Licence Mathématiques / Math-Économie",
        "noElement": "TMX1514U",
        "libElement": "Programmation sous Python - P5",
        "codeNatureElp": "CHAR",
        "libNatureElp": "Charges d'Enseignement",
        "codeCNU": "25",
        "libCNU": "Mathématiques",
        "codePeriode": "05",
        "libPeriode": "Période 5",
        "nbHeureCM": "9.33",
        "nbHeureTD": "0",
        "nbHeureTP": "16",
        "nbHeureCMTD": "0",
        "nbGroupeCM": "1",
        "nbGroupeTD": "0",
        "nbGroupeTP": "2",
        "nbGroupeCMTD": "0",
        "nbEtuInscritElpEtape": "31",
        "nbEtuInscritElpTotal": "31",
        "volumeHoraireElpPondereEtape": "46",
        "volumeHoraireElpTotal": "46",
        "nbEtuInscritPrevisionnelElpEtape": "0",
        "nbEtuInscritPrevisionnelElpTotal": "0",
        "nbEtape": "1"
    },
    {
        "annee": "2024",
        "codeStructureEtape": "AES",
        "libStructureEtape": "Faculté des Sciences",
        "codeEtape": "TL1ME11",
        "libEtape": "L1 Double Licence Mathématiques / Math-Économie",
        "noElement": "EO074P",
        "libElement": "Sensibilisation à la diversité",
        "codeNatureElp": "EO",
        "libNatureElp": "E2O",
        "codeCNU": null,
        "libCNU": null,
        "codePeriode": "SP",
        "libPeriode": "Semestre Pair",
        "nbHeureCM": "0",
        "nbHeureTD": "16",
        "nbHeureTP": "0",
        "nbHeureCMTD": "0",
        "nbGroupeCM": "0",
        "nbGroupeTD": "1",
        "nbGroupeTP": "0",
        "nbGroupeCMTD": "0",
        "nbEtuInscritElpEtape": "0",
        "nbEtuInscritElpTotal": "0",
        "volumeHoraireElpPondereEtape": "0",
        "volumeHoraireElpTotal": "16",
        "nbEtuInscritPrevisionnelElpEtape": "13",
        "nbEtuInscritPrevisionnelElpTotal": "0",
        "nbEtape": "164"
    },
    {
        "annee": "2024",
        "codeStructureEtape": "AES",
        "libStructureEtape": "Faculté des Sciences",
        "codeEtape": "TL1ME11",
        "libEtape": "L1 Double Licence Mathématiques / Math-Économie",
        "noElement": "TMX1214V",
        "libElement": "Programmation sous Python - P2",
        "codeNatureElp": "CHAR",
        "libNatureElp": "Charges d'Enseignement",
        "codeCNU": "25",
        "libCNU": "Mathématiques",
        "codePeriode": "02",
        "libPeriode": "Période 2",
        "nbHeureCM": "8",
        "nbHeureTD": "0",
        "nbHeureTP": "16",
        "nbHeureCMTD": "0",
        "nbGroupeCM": "1",
        "nbGroupeTD": "0",
        "nbGroupeTP": "2",
        "nbGroupeCMTD": "0",
        "nbEtuInscritElpEtape": "31",
        "nbEtuInscritElpTotal": "31",
        "volumeHoraireElpPondereEtape": "44",
        "volumeHoraireElpTotal": "44",
        "nbEtuInscritPrevisionnelElpEtape": "0",
        "nbEtuInscritPrevisionnelElpTotal": "0",
        "nbEtape": "1"
    },
    {
        "annee": "2024",
        "codeStructureEtape": "AES",
        "libStructureEtape": "Faculté des Sciences",
        "codeEtape": "TL1ME11",
        "libEtape": "L1 Double Licence Mathématiques / Math-Économie",
        "noElement": "EO013P",
        "libElement": "Football féminin",
        "codeNatureElp": "EO",
        "libNatureElp": "E2O",
        "codeCNU": null,
        "libCNU": null,
        "codePeriode": "SP",
        "libPeriode": "Semestre Pair",
        "nbHeureCM": "0",
        "nbHeureTD": "12",
        "nbHeureTP": "0",
        "nbHeureCMTD": "0",
        "nbGroupeCM": "0",
        "nbGroupeTD": "1",
        "nbGroupeTP": "0",
        "nbGroupeCMTD": "0",
        "nbEtuInscritElpEtape": "0",
        "nbEtuInscritElpTotal": "6",
        "volumeHoraireElpPondereEtape": "0",
        "volumeHoraireElpTotal": "12",
        "nbEtuInscritPrevisionnelElpEtape": "10",
        "nbEtuInscritPrevisionnelElpTotal": "1",
        "nbEtape": "169"
    },
    {
        "annee": "2024",
        "codeStructureEtape": "AES",
        "libStructureEtape": "Faculté des Sciences",
        "codeEtape": "TL1ME11",
        "libEtape": "L1 Double Licence Mathématiques / Math-Économie",
        "noElement": "AEG1CH4C",
        "libElement": "UE 14C : Statistiques",
        "codeNatureElp": "CHAR",
        "libNatureElp": "Charges d'Enseignement",
        "codeCNU": "26",
        "libCNU": "Mathématiques appliquées et applications des mathématiques",
        "codePeriode": "PE",
        "libPeriode": "Multi périodes",
        "nbHeureCM": "24",
        "nbHeureTD": "18",
        "nbHeureTP": "0",
        "nbHeureCMTD": "0",
        "nbGroupeCM": "1",
        "nbGroupeTD": "11",
        "nbGroupeTP": "0",
        "nbGroupeCMTD": "0",
        "nbEtuInscritElpEtape": "31",
        "nbEtuInscritElpTotal": "426",
        "volumeHoraireElpPondereEtape": "17.03",
        "volumeHoraireElpTotal": "234",
        "nbEtuInscritPrevisionnelElpEtape": "460",
        "nbEtuInscritPrevisionnelElpTotal": "34",
        "nbEtape": "7"
    },
    {
        "annee": "2024",
        "codeStructureEtape": "AES",
        "libStructureEtape": "Faculté des Sciences",
        "codeEtape": "TL1ME11",
        "libEtape": "L1 Double Licence Mathématiques / Math-Économie",
        "noElement": "EO025P",
        "libElement": "Tir à l'arc",
        "codeNatureElp": "EO",
        "libNatureElp": "E2O",
        "codeCNU": null,
        "libCNU": null,
        "codePeriode": "SP",
        "libPeriode": "Semestre Pair",
        "nbHeureCM": "0",
        "nbHeureTD": "12",
        "nbHeureTP": "0",
        "nbHeureCMTD": "0",
        "nbGroupeCM": "0",
        "nbGroupeTD": "1",
        "nbGroupeTP": "0",
        "nbGroupeCMTD": "0",
        "nbEtuInscritElpEtape": "0",
        "nbEtuInscritElpTotal": "8",
        "volumeHoraireElpPondereEtape": "0",
        "volumeHoraireElpTotal": "12",
        "nbEtuInscritPrevisionnelElpEtape": "6",
        "nbEtuInscritPrevisionnelElpTotal": "0",
        "nbEtape": "169"
    },
    {
        "annee": "2024",
        "codeStructureEtape": "AES",
        "libStructureEtape": "Faculté des Sciences",
        "codeEtape": "TL1ME11",
        "libEtape": "L1 Double Licence Mathématiques / Math-Économie",
        "noElement": "EO004P",
        "libElement": "Badminton",
        "codeNatureElp": "EO",
        "libNatureElp": "E2O",
        "codeCNU": null,
        "libCNU": null,
        "codePeriode": "SP",
        "libPeriode": "Semestre Pair",
        "nbHeureCM": "0",
        "nbHeureTD": "12",
        "nbHeureTP": "0",
        "nbHeureCMTD": "0",
        "nbGroupeCM": "0",
        "nbGroupeTD": "2",
        "nbGroupeTP": "0",
        "nbGroupeCMTD": "0",
        "nbEtuInscritElpEtape": "0",
        "nbEtuInscritElpTotal": "52",
        "volumeHoraireElpPondereEtape": "0",
        "volumeHoraireElpTotal": "24",
        "nbEtuInscritPrevisionnelElpEtape": "12",
        "nbEtuInscritPrevisionnelElpTotal": "0",
        "nbEtape": "169"
    },
    {
        "annee": "2024",
        "codeStructureEtape": "AES",
        "libStructureEtape": "Faculté des Sciences",
        "codeEtape": "TL1ME11",
        "libEtape": "L1 Double Licence Mathématiques / Math-Économie",
        "noElement": "AEG1CH1B",
        "libElement": "UE 11B : Principes de macroéconomie",
        "codeNatureElp": "CHAR",
        "libNatureElp": "Charges d'Enseignement",
        "codeCNU": "05",
        "libCNU": "Sciences économiques",
        "codePeriode": "PE",
        "libPeriode": "Multi périodes",
        "nbHeureCM": "24",
        "nbHeureTD": "18",
        "nbHeureTP": "0",
        "nbHeureCMTD": "0",
        "nbGroupeCM": "1",
        "nbGroupeTD": "10",
        "nbGroupeTP": "0",
        "nbGroupeCMTD": "0",
        "nbEtuInscritElpEtape": "31",
        "nbEtuInscritElpTotal": "376",
        "volumeHoraireElpPondereEtape": "17.81",
        "volumeHoraireElpTotal": "216",
        "nbEtuInscritPrevisionnelElpEtape": "402",
        "nbEtuInscritPrevisionnelElpTotal": "34",
        "nbEtape": "7"
    },
    {
        "annee": "2024",
        "codeStructureEtape": "AES",
        "libStructureEtape": "Faculté des Sciences",
        "codeEtape": "TL1ME11",
        "libEtape": "L1 Double Licence Mathématiques / Math-Économie",
        "noElement": "EO016P",
        "libElement": "Handball",
        "codeNatureElp": "EO",
        "libNatureElp": "E2O",
        "codeCNU": null,
        "libCNU": null,
        "codePeriode": "SP",
        "libPeriode": "Semestre Pair",
        "nbHeureCM": "0",
        "nbHeureTD": "12",
        "nbHeureTP": "0",
        "nbHeureCMTD": "0",
        "nbGroupeCM": "0",
        "nbGroupeTD": "1",
        "nbGroupeTP": "0",
        "nbGroupeCMTD": "0",
        "nbEtuInscritElpEtape": "0",
        "nbEtuInscritElpTotal": "6",
        "volumeHoraireElpPondereEtape": "0",
        "volumeHoraireElpTotal": "12",
        "nbEtuInscritPrevisionnelElpEtape": "5",
        "nbEtuInscritPrevisionnelElpTotal": "0",
        "nbEtape": "168"
    },
    {
        "annee": "2024",
        "codeStructureEtape": "AES",
        "libStructureEtape": "Faculté des Sciences",
        "codeEtape": "TL1ME11",
        "libEtape": "L1 Double Licence Mathématiques / Math-Économie",
        "noElement": "EO011P",
        "libElement": "Escalade",
        "codeNatureElp": "EO",
        "libNatureElp": "E2O",
        "codeCNU": null,
        "libCNU": null,
        "codePeriode": "SP",
        "libPeriode": "Semestre Pair",
        "nbHeureCM": "0",
        "nbHeureTD": "12",
        "nbHeureTP": "0",
        "nbHeureCMTD": "0",
        "nbGroupeCM": "0",
        "nbGroupeTD": "1",
        "nbGroupeTP": "0",
        "nbGroupeCMTD": "0",
        "nbEtuInscritElpEtape": "0",
        "nbEtuInscritElpTotal": "26",
        "volumeHoraireElpPondereEtape": "0",
        "volumeHoraireElpTotal": "12",
        "nbEtuInscritPrevisionnelElpEtape": "18",
        "nbEtuInscritPrevisionnelElpTotal": "0",
        "nbEtape": "169"
    },
    {
        "annee": "2024",
        "codeStructureEtape": "AES",
        "libStructureEtape": "Faculté des Sciences",
        "codeEtape": "TL1ME11",
        "libEtape": "L1 Double Licence Mathématiques / Math-Économie",
        "noElement": "AEG1CH3C",
        "libElement": "UE 13C : Analyse historique du développement économique",
        "codeNatureElp": "CHAR",
        "libNatureElp": "Charges d'Enseignement",
        "codeCNU": "05",
        "libCNU": "Sciences économiques",
        "codePeriode": "04",
        "libPeriode": "Période 4",
        "nbHeureCM": "20",
        "nbHeureTD": "0",
        "nbHeureTP": "0",
        "nbHeureCMTD": "0",
        "nbGroupeCM": "1",
        "nbGroupeTD": "0",
        "nbGroupeTP": "0",
        "nbGroupeCMTD": "0",
        "nbEtuInscritElpEtape": "31",
        "nbEtuInscritElpTotal": "366",
        "volumeHoraireElpPondereEtape": "2.54",
        "volumeHoraireElpTotal": "30",
        "nbEtuInscritPrevisionnelElpEtape": "394",
        "nbEtuInscritPrevisionnelElpTotal": "34",
        "nbEtape": "7"
    },
    {
        "annee": "2024",
        "codeStructureEtape": "AES",
        "libStructureEtape": "Faculté des Sciences",
        "codeEtape": "TL1ME11",
        "libEtape": "L1 Double Licence Mathématiques / Math-Économie",
        "noElement": "EO023P",
        "libElement": "Tennis (confirmé)",
        "codeNatureElp": "EO",
        "libNatureElp": "E2O",
        "codeCNU": null,
        "libCNU": null,
        "codePeriode": "SP",
        "libPeriode": "Semestre Pair",
        "nbHeureCM": "0",
        "nbHeureTD": "12",
        "nbHeureTP": "0",
        "nbHeureCMTD": "0",
        "nbGroupeCM": "0",
        "nbGroupeTD": "1",
        "nbGroupeTP": "0",
        "nbGroupeCMTD": "0",
        "nbEtuInscritElpEtape": "0",
        "nbEtuInscritElpTotal": "2",
        "volumeHoraireElpPondereEtape": "0",
        "volumeHoraireElpTotal": "12",
        "nbEtuInscritPrevisionnelElpEtape": "0",
        "nbEtuInscritPrevisionnelElpTotal": "0",
        "nbEtape": "169"
    },
    {
        "annee": "2024",
        "codeStructureEtape": "AES",
        "libStructureEtape": "Faculté des Sciences",
        "codeEtape": "TL1ME11",
        "libEtape": "L1 Double Licence Mathématiques / Math-Économie",
        "noElement": "EO032P",
        "libElement": "Boxe anglaise",
        "codeNatureElp": "EO",
        "libNatureElp": "E2O",
        "codeCNU": null,
        "libCNU": null,
        "codePeriode": "SP",
        "libPeriode": "Semestre Pair",
        "nbHeureCM": "0",
        "nbHeureTD": "12",
        "nbHeureTP": "0",
        "nbHeureCMTD": "0",
        "nbGroupeCM": "0",
        "nbGroupeTD": "1",
        "nbGroupeTP": "0",
        "nbGroupeCMTD": "0",
        "nbEtuInscritElpEtape": "0",
        "nbEtuInscritElpTotal": "6",
        "volumeHoraireElpPondereEtape": "0",
        "volumeHoraireElpTotal": "12",
        "nbEtuInscritPrevisionnelElpEtape": "6",
        "nbEtuInscritPrevisionnelElpTotal": "0",
        "nbEtape": "168"
    },
    {
        "annee": "2024",
        "codeStructureEtape": "AES",
        "libStructureEtape": "Faculté des Sciences",
        "codeEtape": "TL1ME11",
        "libEtape": "L1 Double Licence Mathématiques / Math-Économie",
        "noElement": "EO021P",
        "libElement": "Rugby",
        "codeNatureElp": "EO",
        "libNatureElp": "E2O",
        "codeCNU": null,
        "libCNU": null,
        "codePeriode": "SP",
        "libPeriode": "Semestre Pair",
        "nbHeureCM": "0",
        "nbHeureTD": "12",
        "nbHeureTP": "0",
        "nbHeureCMTD": "0",
        "nbGroupeCM": "0",
        "nbGroupeTD": "1",
        "nbGroupeTP": "0",
        "nbGroupeCMTD": "0",
        "nbEtuInscritElpEtape": "0",
        "nbEtuInscritElpTotal": "0",
        "volumeHoraireElpPondereEtape": "0",
        "volumeHoraireElpTotal": "12",
        "nbEtuInscritPrevisionnelElpEtape": "3",
        "nbEtuInscritPrevisionnelElpTotal": "0",
        "nbEtape": "168"
    },
    {
        "annee": "2024",
        "codeStructureEtape": "AES",
        "libStructureEtape": "Faculté des Sciences",
        "codeEtape": "TL1ME11",
        "libEtape": "L1 Double Licence Mathématiques / Math-Économie",
        "noElement": "EO006P",
        "libElement": "Savate boxe française",
        "codeNatureElp": "EO",
        "libNatureElp": "E2O",
        "codeCNU": null,
        "libCNU": null,
        "codePeriode": "SP",
        "libPeriode": "Semestre Pair",
        "nbHeureCM": "0",
        "nbHeureTD": "12",
        "nbHeureTP": "0",
        "nbHeureCMTD": "0",
        "nbGroupeCM": "0",
        "nbGroupeTD": "1",
        "nbGroupeTP": "0",
        "nbGroupeCMTD": "0",
        "nbEtuInscritElpEtape": "0",
        "nbEtuInscritElpTotal": "0",
        "volumeHoraireElpPondereEtape": "0",
        "volumeHoraireElpTotal": "12",
        "nbEtuInscritPrevisionnelElpEtape": "6",
        "nbEtuInscritPrevisionnelElpTotal": "0",
        "nbEtape": "169"
    },
    {
        "annee": "2024",
        "codeStructureEtape": "AES",
        "libStructureEtape": "Faculté des Sciences",
        "codeEtape": "TL1ME11",
        "libEtape": "L1 Double Licence Mathématiques / Math-Économie",
        "noElement": "EO018P",
        "libElement": "Karaté",
        "codeNatureElp": "EO",
        "libNatureElp": "E2O",
        "codeCNU": null,
        "libCNU": null,
        "codePeriode": "SP",
        "libPeriode": "Semestre Pair",
        "nbHeureCM": "0",
        "nbHeureTD": "12",
        "nbHeureTP": "0",
        "nbHeureCMTD": "0",
        "nbGroupeCM": "0",
        "nbGroupeTD": "1",
        "nbGroupeTP": "0",
        "nbGroupeCMTD": "0",
        "nbEtuInscritElpEtape": "0",
        "nbEtuInscritElpTotal": "4",
        "volumeHoraireElpPondereEtape": "0",
        "volumeHoraireElpTotal": "12",
        "nbEtuInscritPrevisionnelElpEtape": "0",
        "nbEtuInscritPrevisionnelElpTotal": "0",
        "nbEtape": "169"
    },
    {
        "annee": "2024",
        "codeStructureEtape": "AES",
        "libStructureEtape": "Faculté des Sciences",
        "codeEtape": "TL1ME11",
        "libEtape": "L1 Double Licence Mathématiques / Math-Économie",
        "noElement": "TMX1302U",
        "libElement": "Géométrie - P3",
        "codeNatureElp": "CHAR",
        "libNatureElp": "Charges d'Enseignement",
        "codeCNU": "25",
        "libCNU": "Mathématiques",
        "codePeriode": "3",
        "libPeriode": "Enseignement du troisième semestre",
        "nbHeureCM": "8",
        "nbHeureTD": "20",
        "nbHeureTP": "0",
        "nbHeureCMTD": "0",
        "nbGroupeCM": "1",
        "nbGroupeTD": "5",
        "nbGroupeTP": "0",
        "nbGroupeCMTD": "0",
        "nbEtuInscritElpEtape": "31",
        "nbEtuInscritElpTotal": "192",
        "volumeHoraireElpPondereEtape": "18.08",
        "volumeHoraireElpTotal": "112",
        "nbEtuInscritPrevisionnelElpEtape": "184",
        "nbEtuInscritPrevisionnelElpTotal": "33",
        "nbEtape": "6"
    },
    {
        "annee": "2024",
        "codeStructureEtape": "AES",
        "libStructureEtape": "Faculté des Sciences",
        "codeEtape": "TL1ME11",
        "libEtape": "L1 Double Licence Mathématiques / Math-Économie",
        "noElement": "EO084P",
        "libElement": "Eduquer aux sciences de façon ludique",
        "codeNatureElp": "EO",
        "libNatureElp": "E2O",
        "codeCNU": null,
        "libCNU": null,
        "codePeriode": "SP",
        "libPeriode": "Semestre Pair",
        "nbHeureCM": "0",
        "nbHeureTD": "16",
        "nbHeureTP": "0",
        "nbHeureCMTD": "0",
        "nbGroupeCM": "0",
        "nbGroupeTD": "1",
        "nbGroupeTP": "0",
        "nbGroupeCMTD": "0",
        "nbEtuInscritElpEtape": "0",
        "nbEtuInscritElpTotal": "12",
        "volumeHoraireElpPondereEtape": "0",
        "volumeHoraireElpTotal": "16",
        "nbEtuInscritPrevisionnelElpEtape": "12",
        "nbEtuInscritPrevisionnelElpTotal": "0",
        "nbEtape": "164"
    },
    {
        "annee": "2024",
        "codeStructureEtape": "AES",
        "libStructureEtape": "Faculté des Sciences",
        "codeEtape": "TL1ME11",
        "libEtape": "L1 Double Licence Mathématiques / Math-Économie",
        "noElement": "EO034P",
        "libElement": "Football masculin",
        "codeNatureElp": "EO",
        "libNatureElp": "E2O",
        "codeCNU": null,
        "libCNU": null,
        "codePeriode": "SP",
        "libPeriode": "Semestre Pair",
        "nbHeureCM": "0",
        "nbHeureTD": "12",
        "nbHeureTP": "0",
        "nbHeureCMTD": "0",
        "nbGroupeCM": "0",
        "nbGroupeTD": "1",
        "nbGroupeTP": "0",
        "nbGroupeCMTD": "0",
        "nbEtuInscritElpEtape": "0",
        "nbEtuInscritElpTotal": "8",
        "volumeHoraireElpPondereEtape": "0",
        "volumeHoraireElpTotal": "12",
        "nbEtuInscritPrevisionnelElpEtape": "8",
        "nbEtuInscritPrevisionnelElpTotal": "0",
        "nbEtape": "168"
    },
    {
        "annee": "2024",
        "codeStructureEtape": "AES",
        "libStructureEtape": "Faculté des Sciences",
        "codeEtape": "TL1ME11",
        "libEtape": "L1 Double Licence Mathématiques / Math-Économie",
        "noElement": "TMX1220U",
        "libElement": "Analyse élémentaire - P2",
        "codeNatureElp": "CHAR",
        "libNatureElp": "Charges d'Enseignement",
        "codeCNU": "25",
        "libCNU": "Mathématiques",
        "codePeriode": "02",
        "libPeriode": "Période 2",
        "nbHeureCM": "0",
        "nbHeureTD": "0",
        "nbHeureTP": "0",
        "nbHeureCMTD": "25.33",
        "nbGroupeCM": "2",
        "nbGroupeTD": "9",
        "nbGroupeTP": "18",
        "nbGroupeCMTD": "9",
        "nbEtuInscritElpEtape": "31",
        "nbEtuInscritElpTotal": "343",
        "volumeHoraireElpPondereEtape": "25.75",
        "volumeHoraireElpTotal": "284.96",
        "nbEtuInscritPrevisionnelElpEtape": "353",
        "nbEtuInscritPrevisionnelElpTotal": "34",
        "nbEtape": "6"
    },
    {
        "annee": "2024",
        "codeStructureEtape": "AES",
        "libStructureEtape": "Faculté des Sciences",
        "codeEtape": "TL1ME11",
        "libEtape": "L1 Double Licence Mathématiques / Math-Économie",
        "noElement": "TMX1300U",
        "libElement": "Oraux de mathématiques - P3",
        "codeNatureElp": "CHAR",
        "libNatureElp": "Charges d'Enseignement",
        "codeCNU": "25",
        "libCNU": "Mathématiques",
        "codePeriode": "03",
        "libPeriode": "Période 3",
        "nbHeureCM": "0",
        "nbHeureTD": "1",
        "nbHeureTP": "0",
        "nbHeureCMTD": "0",
        "nbGroupeCM": "0",
        "nbGroupeTD": "64",
        "nbGroupeTP": "0",
        "nbGroupeCMTD": "0",
        "nbEtuInscritElpEtape": "31",
        "nbEtuInscritElpTotal": "192",
        "volumeHoraireElpPondereEtape": "10.33",
        "volumeHoraireElpTotal": "64",
        "nbEtuInscritPrevisionnelElpEtape": "184",
        "nbEtuInscritPrevisionnelElpTotal": "33",
        "nbEtape": "6"
    },
    {
        "annee": "2024",
        "codeStructureEtape": "AES",
        "libStructureEtape": "Faculté des Sciences",
        "codeEtape": "TL1ME11",
        "libEtape": "L1 Double Licence Mathématiques / Math-Économie",
        "noElement": "TMX1303U",
        "libElement": "Arithmétique dans Z - P3",
        "codeNatureElp": "CHAR",
        "libNatureElp": "Charges d'Enseignement",
        "codeCNU": "25",
        "libCNU": "Mathématiques",
        "codePeriode": "3",
        "libPeriode": "Enseignement du troisième semestre",
        "nbHeureCM": "8",
        "nbHeureTD": "20",
        "nbHeureTP": "0",
        "nbHeureCMTD": "0",
        "nbGroupeCM": "2",
        "nbGroupeTD": "7",
        "nbGroupeTP": "0",
        "nbGroupeCMTD": "0",
        "nbEtuInscritElpEtape": "31",
        "nbEtuInscritElpTotal": "265",
        "volumeHoraireElpPondereEtape": "19.18",
        "volumeHoraireElpTotal": "164",
        "nbEtuInscritPrevisionnelElpEtape": "277",
        "nbEtuInscritPrevisionnelElpTotal": "33",
        "nbEtape": "6"
    },
    {
        "annee": "2024",
        "codeStructureEtape": "AES",
        "libStructureEtape": "Faculté des Sciences",
        "codeEtape": "TL1ME11",
        "libEtape": "L1 Double Licence Mathématiques / Math-Économie",
        "noElement": "EO028P",
        "libElement": "Volley",
        "codeNatureElp": "EO",
        "libNatureElp": "E2O",
        "codeCNU": null,
        "libCNU": null,
        "codePeriode": "SP",
        "libPeriode": "Semestre Pair",
        "nbHeureCM": "0",
        "nbHeureTD": "12",
        "nbHeureTP": "0",
        "nbHeureCMTD": "0",
        "nbGroupeCM": "0",
        "nbGroupeTD": "1",
        "nbGroupeTP": "0",
        "nbGroupeCMTD": "0",
        "nbEtuInscritElpEtape": "0",
        "nbEtuInscritElpTotal": "20",
        "volumeHoraireElpPondereEtape": "0",
        "volumeHoraireElpTotal": "12",
        "nbEtuInscritPrevisionnelElpEtape": "19",
        "nbEtuInscritPrevisionnelElpTotal": "0",
        "nbEtape": "169"
    },
    {
        "annee": "2024",
        "codeStructureEtape": "AES",
        "libStructureEtape": "Faculté des Sciences",
        "codeEtape": "TL1ME11",
        "libEtape": "L1 Double Licence Mathématiques / Math-Économie",
        "noElement": "EO012P",
        "libElement": "Escrime",
        "codeNatureElp": "EO",
        "libNatureElp": "E2O",
        "codeCNU": null,
        "libCNU": null,
        "codePeriode": "SP",
        "libPeriode": "Semestre Pair",
        "nbHeureCM": "0",
        "nbHeureTD": "12",
        "nbHeureTP": "0",
        "nbHeureCMTD": "0",
        "nbGroupeCM": "0",
        "nbGroupeTD": "1",
        "nbGroupeTP": "0",
        "nbGroupeCMTD": "0",
        "nbEtuInscritElpEtape": "0",
        "nbEtuInscritElpTotal": "6",
        "volumeHoraireElpPondereEtape": "0",
        "volumeHoraireElpTotal": "12",
        "nbEtuInscritPrevisionnelElpEtape": "6",
        "nbEtuInscritPrevisionnelElpTotal": "0",
        "nbEtape": "169"
    },
    {
        "annee": "2024",
        "codeStructureEtape": "AES",
        "libStructureEtape": "Faculté des Sciences",
        "codeEtape": "TL1ME11",
        "libEtape": "L1 Double Licence Mathématiques / Math-Économie",
        "noElement": "EO003P",
        "libElement": "Athlétisme",
        "codeNatureElp": "EO",
        "libNatureElp": "E2O",
        "codeCNU": null,
        "libCNU": null,
        "codePeriode": "SP",
        "libPeriode": "Semestre Pair",
        "nbHeureCM": "0",
        "nbHeureTD": "12",
        "nbHeureTP": "0",
        "nbHeureCMTD": "0",
        "nbGroupeCM": "0",
        "nbGroupeTD": "1",
        "nbGroupeTP": "0",
        "nbGroupeCMTD": "0",
        "nbEtuInscritElpEtape": "0",
        "nbEtuInscritElpTotal": "6",
        "volumeHoraireElpPondereEtape": "0",
        "volumeHoraireElpTotal": "12",
        "nbEtuInscritPrevisionnelElpEtape": "9",
        "nbEtuInscritPrevisionnelElpTotal": "0",
        "nbEtape": "168"
    },
    {
        "annee": "2024",
        "codeStructureEtape": "AES",
        "libStructureEtape": "Faculté des Sciences",
        "codeEtape": "TL1ME11",
        "libEtape": "L1 Double Licence Mathématiques / Math-Économie",
        "noElement": "TMX1154U",
        "libElement": "Culture numérique - P1 - pour MI et DL ME",
        "codeNatureElp": "CHAR",
        "libNatureElp": "Charges d'Enseignement",
        "codeCNU": "27",
        "libCNU": "Informatique",
        "codePeriode": "01",
        "libPeriode": "Période 1",
        "nbHeureCM": "0",
        "nbHeureTD": "0",
        "nbHeureTP": "8",
        "nbHeureCMTD": "0",
        "nbGroupeCM": "0",
        "nbGroupeTD": "0",
        "nbGroupeTP": "9",
        "nbGroupeCMTD": "0",
        "nbEtuInscritElpEtape": "31",
        "nbEtuInscritElpTotal": "174",
        "volumeHoraireElpPondereEtape": "12.83",
        "volumeHoraireElpTotal": "72",
        "nbEtuInscritPrevisionnelElpEtape": "189",
        "nbEtuInscritPrevisionnelElpTotal": "34",
        "nbEtape": "2"
    },
    {
        "annee": "2024",
        "codeStructureEtape": "AES",
        "libStructureEtape": "Faculté des Sciences",
        "codeEtape": "TL1ME11",
        "libEtape": "L1 Double Licence Mathématiques / Math-Économie",
        "noElement": "EO115P",
        "libElement": "Ouvrir son cabinet ou lancer son activité libérale",
        "codeNatureElp": "EO",
        "libNatureElp": "E2O",
        "codeCNU": null,
        "libCNU": null,
        "codePeriode": "SP",
        "libPeriode": "Semestre Pair",
        "nbHeureCM": "0",
        "nbHeureTD": "16",
        "nbHeureTP": "0",
        "nbHeureCMTD": "0",
        "nbGroupeCM": "0",
        "nbGroupeTD": "1",
        "nbGroupeTP": "0",
        "nbGroupeCMTD": "0",
        "nbEtuInscritElpEtape": "0",
        "nbEtuInscritElpTotal": "8",
        "volumeHoraireElpPondereEtape": "0",
        "volumeHoraireElpTotal": "16",
        "nbEtuInscritPrevisionnelElpEtape": "0",
        "nbEtuInscritPrevisionnelElpTotal": "0",
        "nbEtape": "163"
    },
    {
        "annee": "2024",
        "codeStructureEtape": "AES",
        "libStructureEtape": "Faculté des Sciences",
        "codeEtape": "TL1ME11",
        "libEtape": "L1 Double Licence Mathématiques / Math-Économie",
        "noElement": "EO022P",
        "libElement": "Self défense",
        "codeNatureElp": "EO",
        "libNatureElp": "E2O",
        "codeCNU": null,
        "libCNU": null,
        "codePeriode": "SP",
        "libPeriode": "Semestre Pair",
        "nbHeureCM": "0",
        "nbHeureTD": "12",
        "nbHeureTP": "0",
        "nbHeureCMTD": "0",
        "nbGroupeCM": "0",
        "nbGroupeTD": "1",
        "nbGroupeTP": "0",
        "nbGroupeCMTD": "0",
        "nbEtuInscritElpEtape": "0",
        "nbEtuInscritElpTotal": "10",
        "volumeHoraireElpPondereEtape": "0",
        "volumeHoraireElpTotal": "12",
        "nbEtuInscritPrevisionnelElpEtape": "6",
        "nbEtuInscritPrevisionnelElpTotal": "0",
        "nbEtape": "169"
    },
    {
        "annee": "2024",
        "codeStructureEtape": "AES",
        "libStructureEtape": "Faculté des Sciences",
        "codeEtape": "TL1ME11",
        "libEtape": "L1 Double Licence Mathématiques / Math-Économie",
        "noElement": "EO104P",
        "libElement": "Créer son CV vidéo pour se démarquer : écrire un script, ...",
        "codeNatureElp": "EO",
        "libNatureElp": "E2O",
        "codeCNU": null,
        "libCNU": null,
        "codePeriode": "SP",
        "libPeriode": "Semestre Pair",
        "nbHeureCM": "0",
        "nbHeureTD": "16",
        "nbHeureTP": "0",
        "nbHeureCMTD": "0",
        "nbGroupeCM": "0",
        "nbGroupeTD": "1",
        "nbGroupeTP": "0",
        "nbGroupeCMTD": "0",
        "nbEtuInscritElpEtape": "0",
        "nbEtuInscritElpTotal": "0",
        "volumeHoraireElpPondereEtape": "0",
        "volumeHoraireElpTotal": "16",
        "nbEtuInscritPrevisionnelElpEtape": "7",
        "nbEtuInscritPrevisionnelElpTotal": "0",
        "nbEtape": "164"
    },
    {
        "annee": "2024",
        "codeStructureEtape": "AES",
        "libStructureEtape": "Faculté des Sciences",
        "codeEtape": "TL1ME11",
        "libEtape": "L1 Double Licence Mathématiques / Math-Économie",
        "noElement": "EO027P",
        "libElement": "Tir sportif",
        "codeNatureElp": "EO",
        "libNatureElp": "E2O",
        "codeCNU": null,
        "libCNU": null,
        "codePeriode": "SP",
        "libPeriode": "Semestre Pair",
        "nbHeureCM": "0",
        "nbHeureTD": "12",
        "nbHeureTP": "0",
        "nbHeureCMTD": "0",
        "nbGroupeCM": "0",
        "nbGroupeTD": "1",
        "nbGroupeTP": "0",
        "nbGroupeCMTD": "0",
        "nbEtuInscritElpEtape": "0",
        "nbEtuInscritElpTotal": "6",
        "volumeHoraireElpPondereEtape": "0",
        "volumeHoraireElpTotal": "12",
        "nbEtuInscritPrevisionnelElpEtape": "5",
        "nbEtuInscritPrevisionnelElpTotal": "0",
        "nbEtape": "168"
    },
    {
        "annee": "2024",
        "codeStructureEtape": "AES",
        "libStructureEtape": "Faculté des Sciences",
        "codeEtape": "TL1ME11",
        "libEtape": "L1 Double Licence Mathématiques / Math-Économie",
        "noElement": "EO102P",
        "libElement": "Graine d'entrepreneur",
        "codeNatureElp": "EO",
        "libNatureElp": "E2O",
        "codeCNU": null,
        "libCNU": null,
        "codePeriode": "SP",
        "libPeriode": "Semestre Pair",
        "nbHeureCM": "0",
        "nbHeureTD": "16",
        "nbHeureTP": "0",
        "nbHeureCMTD": "0",
        "nbGroupeCM": "0",
        "nbGroupeTD": "1",
        "nbGroupeTP": "0",
        "nbGroupeCMTD": "0",
        "nbEtuInscritElpEtape": "0",
        "nbEtuInscritElpTotal": "0",
        "volumeHoraireElpPondereEtape": "0",
        "volumeHoraireElpTotal": "16",
        "nbEtuInscritPrevisionnelElpEtape": "9",
        "nbEtuInscritPrevisionnelElpTotal": "0",
        "nbEtape": "164"
    },
    {
        "annee": "2024",
        "codeStructureEtape": "AES",
        "libStructureEtape": "Faculté des Sciences",
        "codeEtape": "TL1ME11",
        "libEtape": "L1 Double Licence Mathématiques / Math-Économie",
        "noElement": "AEG1CH1C",
        "libElement": "UE 11C : Principes de microéconomie",
        "codeNatureElp": "CHAR",
        "libNatureElp": "Charges d'Enseignement",
        "codeCNU": "05",
        "libCNU": "Sciences économiques",
        "codePeriode": "PE",
        "libPeriode": "Multi périodes",
        "nbHeureCM": "24",
        "nbHeureTD": "18",
        "nbHeureTP": "0",
        "nbHeureCMTD": "0",
        "nbGroupeCM": "1",
        "nbGroupeTD": "10",
        "nbGroupeTP": "0",
        "nbGroupeCMTD": "0",
        "nbEtuInscritElpEtape": "31",
        "nbEtuInscritElpTotal": "377",
        "volumeHoraireElpPondereEtape": "17.76",
        "volumeHoraireElpTotal": "216",
        "nbEtuInscritPrevisionnelElpEtape": "404",
        "nbEtuInscritPrevisionnelElpTotal": "34",
        "nbEtape": "7"
    },
    {
        "annee": "2024",
        "codeStructureEtape": "AES",
        "libStructureEtape": "Faculté des Sciences",
        "codeEtape": "TL1ME11",
        "libEtape": "L1 Double Licence Mathématiques / Math-Économie",
        "noElement": "EO095P",
        "libElement": "BD du réel : composer un récit graphique",
        "codeNatureElp": "EO",
        "libNatureElp": "E2O",
        "codeCNU": null,
        "libCNU": null,
        "codePeriode": "SP",
        "libPeriode": "Semestre Pair",
        "nbHeureCM": "0",
        "nbHeureTD": "16",
        "nbHeureTP": "0",
        "nbHeureCMTD": "0",
        "nbGroupeCM": "0",
        "nbGroupeTD": "1",
        "nbGroupeTP": "0",
        "nbGroupeCMTD": "0",
        "nbEtuInscritElpEtape": "0",
        "nbEtuInscritElpTotal": "0",
        "volumeHoraireElpPondereEtape": "0",
        "volumeHoraireElpTotal": "16",
        "nbEtuInscritPrevisionnelElpEtape": "8",
        "nbEtuInscritPrevisionnelElpTotal": "0",
        "nbEtape": "163"
    },
    {
        "annee": "2024",
        "codeStructureEtape": "AES",
        "libStructureEtape": "Faculté des Sciences",
        "codeEtape": "TL1ME11",
        "libEtape": "L1 Double Licence Mathématiques / Math-Économie",
        "noElement": "TMX1414U",
        "libElement": "Géométrie - P4",
        "codeNatureElp": "CHAR",
        "libNatureElp": "Charges d'Enseignement",
        "codeCNU": "25",
        "libCNU": "Mathématiques",
        "codePeriode": "4",
        "libPeriode": "Enseignement du quatrième semestre",
        "nbHeureCM": "8",
        "nbHeureTD": "21.33",
        "nbHeureTP": "0",
        "nbHeureCMTD": "0",
        "nbGroupeCM": "1",
        "nbGroupeTD": "5",
        "nbGroupeTP": "0",
        "nbGroupeCMTD": "0",
        "nbEtuInscritElpEtape": "31",
        "nbEtuInscritElpTotal": "192",
        "volumeHoraireElpPondereEtape": "19.16",
        "volumeHoraireElpTotal": "118.65",
        "nbEtuInscritPrevisionnelElpEtape": "184",
        "nbEtuInscritPrevisionnelElpTotal": "33",
        "nbEtape": "6"
    },
    {
        "annee": "2024",
        "codeStructureEtape": "AES",
        "libStructureEtape": "Faculté des Sciences",
        "codeEtape": "TL1ME11",
        "libEtape": "L1 Double Licence Mathématiques / Math-Économie",
        "noElement": "TMX1121U",
        "libElement": "Algèbre élémentaire - P1",
        "codeNatureElp": "CHAR",
        "libNatureElp": "Charges d'Enseignement",
        "codeCNU": "25",
        "libCNU": "Mathématiques",
        "codePeriode": "01",
        "libPeriode": "Période 1",
        "nbHeureCM": "0",
        "nbHeureTD": "0",
        "nbHeureTP": "0",
        "nbHeureCMTD": "14.67",
        "nbGroupeCM": "2",
        "nbGroupeTD": "9",
        "nbGroupeTP": "18",
        "nbGroupeCMTD": "9",
        "nbEtuInscritElpEtape": "31",
        "nbEtuInscritElpTotal": "360",
        "volumeHoraireElpPondereEtape": "14.21",
        "volumeHoraireElpTotal": "165.04",
        "nbEtuInscritPrevisionnelElpEtape": "364",
        "nbEtuInscritPrevisionnelElpTotal": "34",
        "nbEtape": "6"
    },
    {
        "annee": "2024",
        "codeStructureEtape": "AES",
        "libStructureEtape": "Faculté des Sciences",
        "codeEtape": "TL1ME11",
        "libEtape": "L1 Double Licence Mathématiques / Math-Économie",
        "noElement": "AEG1CH2A",
        "libElement": "UE 12A : Introduction à la gestion",
        "codeNatureElp": "CHAR",
        "libNatureElp": "Charges d'Enseignement",
        "codeCNU": "06",
        "libCNU": "Sciences de gestion",
        "codePeriode": "01",
        "libPeriode": "Période 1",
        "nbHeureCM": "18",
        "nbHeureTD": "0",
        "nbHeureTP": "0",
        "nbHeureCMTD": "0",
        "nbGroupeCM": "1",
        "nbGroupeTD": "0",
        "nbGroupeTP": "0",
        "nbGroupeCMTD": "0",
        "nbEtuInscritElpEtape": "31",
        "nbEtuInscritElpTotal": "366",
        "volumeHoraireElpPondereEtape": "2.29",
        "volumeHoraireElpTotal": "27",
        "nbEtuInscritPrevisionnelElpEtape": "400",
        "nbEtuInscritPrevisionnelElpTotal": "34",
        "nbEtape": "6"
    },
    {
        "annee": "2024",
        "codeStructureEtape": "AES",
        "libStructureEtape": "Faculté des Sciences",
        "codeEtape": "TL1ME11",
        "libEtape": "L1 Double Licence Mathématiques / Math-Économie",
        "noElement": "AEG1CH6A",
        "libElement": "UE 16A : Comptabilité générale 1",
        "codeNatureElp": "CHAR",
        "libNatureElp": "Charges d'Enseignement",
        "codeCNU": "06",
        "libCNU": "Sciences de gestion",
        "codePeriode": "PE",
        "libPeriode": "Multi périodes",
        "nbHeureCM": "18",
        "nbHeureTD": "18",
        "nbHeureTP": "0",
        "nbHeureCMTD": "0",
        "nbGroupeCM": "1",
        "nbGroupeTD": "12",
        "nbGroupeTP": "0",
        "nbGroupeCMTD": "0",
        "nbEtuInscritElpEtape": "31",
        "nbEtuInscritElpTotal": "443",
        "volumeHoraireElpPondereEtape": "17",
        "volumeHoraireElpTotal": "243",
        "nbEtuInscritPrevisionnelElpEtape": "492",
        "nbEtuInscritPrevisionnelElpTotal": "34",
        "nbEtape": "7"
    },
    {
        "annee": "2024",
        "codeStructureEtape": "AES",
        "libStructureEtape": "Faculté des Sciences",
        "codeEtape": "TL1ME11",
        "libEtape": "L1 Double Licence Mathématiques / Math-Économie",
        "noElement": "AEG1CH3A",
        "libElement": "UE 13A : Problèmes économiques contemporains",
        "codeNatureElp": "CHAR",
        "libNatureElp": "Charges d'Enseignement",
        "codeCNU": "05",
        "libCNU": "Sciences économiques",
        "codePeriode": "01",
        "libPeriode": "Période 1",
        "nbHeureCM": "18",
        "nbHeureTD": "0",
        "nbHeureTP": "0",
        "nbHeureCMTD": "0",
        "nbGroupeCM": "1",
        "nbGroupeTD": "0",
        "nbGroupeTP": "0",
        "nbGroupeCMTD": "0",
        "nbEtuInscritElpEtape": "31",
        "nbEtuInscritElpTotal": "423",
        "volumeHoraireElpPondereEtape": "1.98",
        "volumeHoraireElpTotal": "27",
        "nbEtuInscritPrevisionnelElpEtape": "486",
        "nbEtuInscritPrevisionnelElpTotal": "34",
        "nbEtape": "7"
    },
    {
        "annee": "2024",
        "codeStructureEtape": "AES",
        "libStructureEtape": "Faculté des Sciences",
        "codeEtape": "TL1ME11",
        "libEtape": "L1 Double Licence Mathématiques / Math-Économie",
        "noElement": "AEG1CH1A",
        "libElement": "UE 11A : Introduction à l'économie",
        "codeNatureElp": "CHAR",
        "libNatureElp": "Charges d'Enseignement",
        "codeCNU": "05",
        "libCNU": "Sciences économiques",
        "codePeriode": "01",
        "libPeriode": "Période 1",
        "nbHeureCM": "18",
        "nbHeureTD": "0",
        "nbHeureTP": "0",
        "nbHeureCMTD": "0",
        "nbGroupeCM": "1",
        "nbGroupeTD": "0",
        "nbGroupeTP": "0",
        "nbGroupeCMTD": "0",
        "nbEtuInscritElpEtape": "31",
        "nbEtuInscritElpTotal": "429",
        "volumeHoraireElpPondereEtape": "1.95",
        "volumeHoraireElpTotal": "27",
        "nbEtuInscritPrevisionnelElpEtape": "487",
        "nbEtuInscritPrevisionnelElpTotal": "34",
        "nbEtape": "7"
    }
]