[
    {
        "annee": "2024",
        "codeStructureEtape": "AES",
        "libStructureEtape": "Faculté des Sciences",
        "codeEtape": "TLPGS1",
        "libEtape": "LP Productions végétales / Gestion de la santé des plantes",
        "noElement": "TPGS51A",
        "libElement": "Connaissance des bioagresseurs",
        "codeNatureElp": "MATI",
        "libNatureElp": "Matière",
        "codeCNU": "68",
        "libCNU": "Biologie des organismes",
        "codePeriode": "5",
        "libPeriode": "Enseignement du cinquième semestre",
        "nbHeureCM": "25",
        "nbHeureTD": "12",
        "nbHeureTP": "20",
        "nbHeureCMTD": "0",
        "nbGroupeCM": "1",
        "nbGroupeTD": "1",
        "nbGroupeTP": "1",
        "nbGroupeCMTD": "0",
        "nbEtuInscritElpEtape": "9",
        "nbEtuInscritElpTotal": "9",
        "volumeHoraireElpPondereEtape": "69.5",
        "volumeHoraireElpTotal": "69.5",
        "nbEtuInscritPrevisionnelElpEtape": "15",
        "nbEtuInscritPrevisionnelElpTotal": "15",
        "nbEtape": "1"
    },
    {
        "annee": "2024",
        "codeStructureEtape": "AES",
        "libStructureEtape": "Faculté des Sciences",
        "codeEtape": "TLPGS1",
        "libEtape": "LP Productions végétales / Gestion de la santé des plantes",
        "noElement": "TPGS52B",
        "libElement": "Mécanismes de résistance des bioagresseurs aux pesticides",
        "codeNatureElp": "MATI",
        "libNatureElp": "Matière",
        "codeCNU": "68",
        "libCNU": "Biologie des organismes",
        "codePeriode": "5",
        "libPeriode": "Enseignement du cinquième semestre",
        "nbHeureCM": "20",
        "nbHeureTD": "5",
        "nbHeureTP": "11",
        "nbHeureCMTD": "0",
        "nbGroupeCM": "1",
        "nbGroupeTD": "1",
        "nbGroupeTP": "1",
        "nbGroupeCMTD": "0",
        "nbEtuInscritElpEtape": "9",
        "nbEtuInscritElpTotal": "9",
        "volumeHoraireElpPondereEtape": "46",
        "volumeHoraireElpTotal": "46",
        "nbEtuInscritPrevisionnelElpEtape": "15",
        "nbEtuInscritPrevisionnelElpTotal": "15",
        "nbEtape": "1"
    },
    {
        "annee": "2024",
        "codeStructureEtape": "AES",
        "libStructureEtape": "Faculté des Sciences",
        "codeEtape": "TLPGS1",
        "libEtape": "LP Productions végétales / Gestion de la santé des plantes",
        "noElement": "TPGS64A",
        "libElement": "Anglais scientifique et technique",
        "codeNatureElp": "MATI",
        "libNatureElp": "Matière",
        "codeCNU": "71",
        "libCNU": "Sciences de l'information et de la communication",
        "codePeriode": "6",
        "libPeriode": "Enseignement du sixième semestre",
        "nbHeureCM": "0",
        "nbHeureTD": "0",
        "nbHeureTP": "30",
        "nbHeureCMTD": "0",
        "nbGroupeCM": "1",
        "nbGroupeTD": "1",
        "nbGroupeTP": "1",
        "nbGroupeCMTD": "0",
        "nbEtuInscritElpEtape": "8",
        "nbEtuInscritElpTotal": "8",
        "volumeHoraireElpPondereEtape": "30",
        "volumeHoraireElpTotal": "30",
        "nbEtuInscritPrevisionnelElpEtape": "15",
        "nbEtuInscritPrevisionnelElpTotal": "15",
        "nbEtape": "1"
    },
    {
        "annee": "2024",
        "codeStructureEtape": "AES",
        "libStructureEtape": "Faculté des Sciences",
        "codeEtape": "TLPGS1",
        "libEtape": "LP Productions végétales / Gestion de la santé des plantes",
        "noElement": "TPGS66A",
        "libElement": "Stage",
        "codeNatureElp": "STAG",
        "libNatureElp": "Stage",
        "codeCNU": "68",
        "libCNU": "Biologie des organismes",
        "codePeriode": "6",
        "libPeriode": "Enseignement du sixième semestre",
        "nbHeureCM": "0",
        "nbHeureTD": "0",
        "nbHeureTP": "3",
        "nbHeureCMTD": "0",
        "nbGroupeCM": "9",
        "nbGroupeTD": "9",
        "nbGroupeTP": "9",
        "nbGroupeCMTD": "0",
        "nbEtuInscritElpEtape": "9",
        "nbEtuInscritElpTotal": "9",
        "volumeHoraireElpPondereEtape": "27",
        "volumeHoraireElpTotal": "27",
        "nbEtuInscritPrevisionnelElpEtape": "7",
        "nbEtuInscritPrevisionnelElpTotal": "7",
        "nbEtape": "1"
    },
    {
        "annee": "2024",
        "codeStructureEtape": "AES",
        "libStructureEtape": "Faculté des Sciences",
        "codeEtape": "TLPGS1",
        "libEtape": "LP Productions végétales / Gestion de la santé des plantes",
        "noElement": "TPGS63A",
        "libElement": "Informatique et internet",
        "codeNatureElp": "MATI",
        "libNatureElp": "Matière",
        "codeCNU": "27",
        "libCNU": "Informatique",
        "codePeriode": "6",
        "libPeriode": "Enseignement du sixième semestre",
        "nbHeureCM": "9",
        "nbHeureTD": "0",
        "nbHeureTP": "16",
        "nbHeureCMTD": "0",
        "nbGroupeCM": "1",
        "nbGroupeTD": "1",
        "nbGroupeTP": "1",
        "nbGroupeCMTD": "0",
        "nbEtuInscritElpEtape": "8",
        "nbEtuInscritElpTotal": "8",
        "volumeHoraireElpPondereEtape": "29.5",
        "volumeHoraireElpTotal": "29.5",
        "nbEtuInscritPrevisionnelElpEtape": "15",
        "nbEtuInscritPrevisionnelElpTotal": "15",
        "nbEtape": "1"
    },
    {
        "annee": "2024",
        "codeStructureEtape": "AES",
        "libStructureEtape": "Faculté des Sciences",
        "codeEtape": "TLPGS1",
        "libEtape": "LP Productions végétales / Gestion de la santé des plantes",
        "noElement": "TPGS63B",
        "libElement": "Biostatistiques",
        "codeNatureElp": "MATI",
        "libNatureElp": "Matière",
        "codeCNU": "26",
        "libCNU": "Mathématiques appliquées et applications des mathématiques",
        "codePeriode": "6",
        "libPeriode": "Enseignement du sixième semestre",
        "nbHeureCM": "12",
        "nbHeureTD": "0",
        "nbHeureTP": "13",
        "nbHeureCMTD": "0",
        "nbGroupeCM": "1",
        "nbGroupeTD": "1",
        "nbGroupeTP": "1",
        "nbGroupeCMTD": "0",
        "nbEtuInscritElpEtape": "8",
        "nbEtuInscritElpTotal": "8",
        "volumeHoraireElpPondereEtape": "31",
        "volumeHoraireElpTotal": "31",
        "nbEtuInscritPrevisionnelElpEtape": "15",
        "nbEtuInscritPrevisionnelElpTotal": "15",
        "nbEtape": "1"
    },
    {
        "annee": "2024",
        "codeStructureEtape": "AES",
        "libStructureEtape": "Faculté des Sciences",
        "codeEtape": "TLPGS1",
        "libEtape": "LP Productions végétales / Gestion de la santé des plantes",
        "noElement": "TPGS64B",
        "libElement": "Expression et communication",
        "codeNatureElp": "MATI",
        "libNatureElp": "Matière",
        "codeCNU": "71",
        "libCNU": "Sciences de l'information et de la communication",
        "codePeriode": "6",
        "libPeriode": "Enseignement du sixième semestre",
        "nbHeureCM": "0",
        "nbHeureTD": "0",
        "nbHeureTP": "20",
        "nbHeureCMTD": "0",
        "nbGroupeCM": "1",
        "nbGroupeTD": "1",
        "nbGroupeTP": "1",
        "nbGroupeCMTD": "0",
        "nbEtuInscritElpEtape": "8",
        "nbEtuInscritElpTotal": "8",
        "volumeHoraireElpPondereEtape": "20",
        "volumeHoraireElpTotal": "20",
        "nbEtuInscritPrevisionnelElpEtape": "15",
        "nbEtuInscritPrevisionnelElpTotal": "15",
        "nbEtape": "1"
    },
    {
        "annee": "2024",
        "codeStructureEtape": "AES",
        "libStructureEtape": "Faculté des Sciences",
        "codeEtape": "TLPGS1",
        "libEtape": "LP Productions végétales / Gestion de la santé des plantes",
        "noElement": "TPGS53A",
        "libElement": "Méthodes de lutte alternatives aux pesticides",
        "codeNatureElp": "MATI",
        "libNatureElp": "Matière",
        "codeCNU": "68",
        "libCNU": "Biologie des organismes",
        "codePeriode": "5",
        "libPeriode": "Enseignement du cinquième semestre",
        "nbHeureCM": "27",
        "nbHeureTD": "15",
        "nbHeureTP": "20",
        "nbHeureCMTD": "0",
        "nbGroupeCM": "1",
        "nbGroupeTD": "1",
        "nbGroupeTP": "1",
        "nbGroupeCMTD": "0",
        "nbEtuInscritElpEtape": "8",
        "nbEtuInscritElpTotal": "8",
        "volumeHoraireElpPondereEtape": "75.5",
        "volumeHoraireElpTotal": "75.5",
        "nbEtuInscritPrevisionnelElpEtape": "15",
        "nbEtuInscritPrevisionnelElpTotal": "15",
        "nbEtape": "1"
    },
    {
        "annee": "2024",
        "codeStructureEtape": "AES",
        "libStructureEtape": "Faculté des Sciences",
        "codeEtape": "TLPGS1",
        "libEtape": "LP Productions végétales / Gestion de la santé des plantes",
        "noElement": "TPGS61B",
        "libElement": "Référentiel qualité",
        "codeNatureElp": "MATI",
        "libNatureElp": "Matière",
        "codeCNU": "68",
        "libCNU": "Biologie des organismes",
        "codePeriode": "6",
        "libPeriode": "Enseignement du sixième semestre",
        "nbHeureCM": "12",
        "nbHeureTD": "0",
        "nbHeureTP": "15",
        "nbHeureCMTD": "0",
        "nbGroupeCM": "1",
        "nbGroupeTD": "1",
        "nbGroupeTP": "1",
        "nbGroupeCMTD": "0",
        "nbEtuInscritElpEtape": "8",
        "nbEtuInscritElpTotal": "8",
        "volumeHoraireElpPondereEtape": "33",
        "volumeHoraireElpTotal": "33",
        "nbEtuInscritPrevisionnelElpEtape": "15",
        "nbEtuInscritPrevisionnelElpTotal": "15",
        "nbEtape": "1"
    },
    {
        "annee": "2024",
        "codeStructureEtape": "AES",
        "libStructureEtape": "Faculté des Sciences",
        "codeEtape": "TLPGS1",
        "libEtape": "LP Productions végétales / Gestion de la santé des plantes",
        "noElement": "TPGS53B",
        "libElement": "Développement durable",
        "codeNatureElp": "MATI",
        "libNatureElp": "Matière",
        "codeCNU": "67",
        "libCNU": "Biologie des populations et écologie",
        "codePeriode": "5",
        "libPeriode": "Enseignement du cinquième semestre",
        "nbHeureCM": "9",
        "nbHeureTD": "9",
        "nbHeureTP": "0",
        "nbHeureCMTD": "0",
        "nbGroupeCM": "1",
        "nbGroupeTD": "1",
        "nbGroupeTP": "1",
        "nbGroupeCMTD": "0",
        "nbEtuInscritElpEtape": "8",
        "nbEtuInscritElpTotal": "8",
        "volumeHoraireElpPondereEtape": "22.5",
        "volumeHoraireElpTotal": "22.5",
        "nbEtuInscritPrevisionnelElpEtape": "15",
        "nbEtuInscritPrevisionnelElpTotal": "15",
        "nbEtape": "1"
    },
    {
        "annee": "2024",
        "codeStructureEtape": "AES",
        "libStructureEtape": "Faculté des Sciences",
        "codeEtape": "TLPGS1",
        "libEtape": "LP Productions végétales / Gestion de la santé des plantes",
        "noElement": "TPGS51B",
        "libElement": "Épidémiologie et prévisions des risques",
        "codeNatureElp": "MATI",
        "libNatureElp": "Matière",
        "codeCNU": "67",
        "libCNU": "Biologie des populations et écologie",
        "codePeriode": "5",
        "libPeriode": "Enseignement du cinquième semestre",
        "nbHeureCM": "5",
        "nbHeureTD": "10",
        "nbHeureTP": "0",
        "nbHeureCMTD": "0",
        "nbGroupeCM": "1",
        "nbGroupeTD": "1",
        "nbGroupeTP": "1",
        "nbGroupeCMTD": "0",
        "nbEtuInscritElpEtape": "9",
        "nbEtuInscritElpTotal": "9",
        "volumeHoraireElpPondereEtape": "17.5",
        "volumeHoraireElpTotal": "17.5",
        "nbEtuInscritPrevisionnelElpEtape": "15",
        "nbEtuInscritPrevisionnelElpTotal": "15",
        "nbEtape": "1"
    },
    {
        "annee": "2024",
        "codeStructureEtape": "AES",
        "libStructureEtape": "Faculté des Sciences",
        "codeEtape": "TLPGS1",
        "libEtape": "LP Productions végétales / Gestion de la santé des plantes",
        "noElement": "TPGS66B",
        "libElement": "Alternance",
        "codeNatureElp": "STAG",
        "libNatureElp": "Stage",
        "codeCNU": null,
        "libCNU": null,
        "codePeriode": "6",
        "libPeriode": "Enseignement du sixième semestre",
        "nbHeureCM": "0",
        "nbHeureTD": "12",
        "nbHeureTP": "0",
        "nbHeureCMTD": "0",
        "nbGroupeCM": "8",
        "nbGroupeTD": "8",
        "nbGroupeTP": "8",
        "nbGroupeCMTD": "0",
        "nbEtuInscritElpEtape": "0",
        "nbEtuInscritElpTotal": "0",
        "volumeHoraireElpPondereEtape": "0",
        "volumeHoraireElpTotal": "96",
        "nbEtuInscritPrevisionnelElpEtape": "8",
        "nbEtuInscritPrevisionnelElpTotal": "8",
        "nbEtape": "1"
    },
    {
        "annee": "2024",
        "codeStructureEtape": "AES",
        "libStructureEtape": "Faculté des Sciences",
        "codeEtape": "TLPGS1",
        "libEtape": "LP Productions végétales / Gestion de la santé des plantes",
        "noElement": "TPGS65A",
        "libElement": "Projet tuteuré",
        "codeNatureElp": "PRJ",
        "libNatureElp": "Projet",
        "codeCNU": "68",
        "libCNU": "Biologie des organismes",
        "codePeriode": "6",
        "libPeriode": "Enseignement du sixième semestre",
        "nbHeureCM": "0",
        "nbHeureTD": "0",
        "nbHeureTP": "3",
        "nbHeureCMTD": "0",
        "nbGroupeCM": "1",
        "nbGroupeTD": "1",
        "nbGroupeTP": "8",
        "nbGroupeCMTD": "0",
        "nbEtuInscritElpEtape": "8",
        "nbEtuInscritElpTotal": "8",
        "volumeHoraireElpPondereEtape": "24",
        "volumeHoraireElpTotal": "24",
        "nbEtuInscritPrevisionnelElpEtape": "15",
        "nbEtuInscritPrevisionnelElpTotal": "15",
        "nbEtape": "1"
    },
    {
        "annee": "2024",
        "codeStructureEtape": "AES",
        "libStructureEtape": "Faculté des Sciences",
        "codeEtape": "TLPGS1",
        "libEtape": "LP Productions végétales / Gestion de la santé des plantes",
        "noElement": "TPGS52A",
        "libElement": "Connaissance et gestion des produits phytosanitaires",
        "codeNatureElp": "MATI",
        "libNatureElp": "Matière",
        "codeCNU": "68",
        "libCNU": "Biologie des organismes",
        "codePeriode": "5",
        "libPeriode": "Enseignement du cinquième semestre",
        "nbHeureCM": "12",
        "nbHeureTD": "10",
        "nbHeureTP": "7",
        "nbHeureCMTD": "0",
        "nbGroupeCM": "1",
        "nbGroupeTD": "1",
        "nbGroupeTP": "1",
        "nbGroupeCMTD": "0",
        "nbEtuInscritElpEtape": "9",
        "nbEtuInscritElpTotal": "9",
        "volumeHoraireElpPondereEtape": "35",
        "volumeHoraireElpTotal": "35",
        "nbEtuInscritPrevisionnelElpEtape": "15",
        "nbEtuInscritPrevisionnelElpTotal": "15",
        "nbEtape": "1"
    },
    {
        "annee": "2024",
        "codeStructureEtape": "AES",
        "libStructureEtape": "Faculté des Sciences",
        "codeEtape": "TLPGS1",
        "libEtape": "LP Productions végétales / Gestion de la santé des plantes",
        "noElement": "TPGS62A",
        "libElement": "Risques et réglementation",
        "codeNatureElp": "MATI",
        "libNatureElp": "Matière",
        "codeCNU": "4600",
        "libCNU": "Santé publique, environnement et société",
        "codePeriode": "6",
        "libPeriode": "Enseignement du sixième semestre",
        "nbHeureCM": "25",
        "nbHeureTD": "25",
        "nbHeureTP": "0",
        "nbHeureCMTD": "0",
        "nbGroupeCM": "1",
        "nbGroupeTD": "1",
        "nbGroupeTP": "1",
        "nbGroupeCMTD": "0",
        "nbEtuInscritElpEtape": "8",
        "nbEtuInscritElpTotal": "8",
        "volumeHoraireElpPondereEtape": "62.5",
        "volumeHoraireElpTotal": "62.5",
        "nbEtuInscritPrevisionnelElpEtape": "15",
        "nbEtuInscritPrevisionnelElpTotal": "15",
        "nbEtape": "1"
    },
    {
        "annee": "2024",
        "codeStructureEtape": "AES",
        "libStructureEtape": "Faculté des Sciences",
        "codeEtape": "TLPGS1",
        "libEtape": "LP Productions végétales / Gestion de la santé des plantes",
        "noElement": "TPGS61A",
        "libElement": "Connaissance de l'entreprise",
        "codeNatureElp": "MATI",
        "libNatureElp": "Matière",
        "codeCNU": "06",
        "libCNU": "Sciences de gestion",
        "codePeriode": "6",
        "libPeriode": "Enseignement du sixième semestre",
        "nbHeureCM": "13",
        "nbHeureTD": "0",
        "nbHeureTP": "15",
        "nbHeureCMTD": "0",
        "nbGroupeCM": "1",
        "nbGroupeTD": "1",
        "nbGroupeTP": "1",
        "nbGroupeCMTD": "0",
        "nbEtuInscritElpEtape": "8",
        "nbEtuInscritElpTotal": "8",
        "volumeHoraireElpPondereEtape": "34.5",
        "volumeHoraireElpTotal": "34.5",
        "nbEtuInscritPrevisionnelElpEtape": "15",
        "nbEtuInscritPrevisionnelElpTotal": "15",
        "nbEtape": "1"
    }
]