[
    {
        "annee": "2024",
        "codeStructureEtape": "AES",
        "libStructureEtape": "Faculté des Sciences",
        "codeEtape": "TM2SPP1",
        "libEtape": "M2 BV / Biology and technology of Seeds and Plant Propaga.",
        "noElement": "TBV53B",
        "libElement": "Anglais",
        "codeNatureElp": "MATI",
        "libNatureElp": "Matière",
        "codeCNU": "11",
        "libCNU": "Langues et littératures anglaises et anglo-saxonnes",
        "codePeriode": "3",
        "libPeriode": "Enseignement du troisième semestre",
        "nbHeureCM": "0",
        "nbHeureTD": "8",
        "nbHeureTP": "28",
        "nbHeureCMTD": "0",
        "nbGroupeCM": "1",
        "nbGroupeTD": "1",
        "nbGroupeTP": "2",
        "nbGroupeCMTD": "0",
        "nbEtuInscritElpEtape": "5",
        "nbEtuInscritElpTotal": "29",
        "volumeHoraireElpPondereEtape": "11.03",
        "volumeHoraireElpTotal": "64",
        "nbEtuInscritPrevisionnelElpEtape": "40",
        "nbEtuInscritPrevisionnelElpTotal": "8",
        "nbEtape": "4"
    },
    {
        "annee": "2024",
        "codeStructureEtape": "AES",
        "libStructureEtape": "Faculté des Sciences",
        "codeEtape": "TM2SPP1",
        "libEtape": "M2 BV / Biology and technology of Seeds and Plant Propaga.",
        "noElement": "TBV535B",
        "libElement": "Seed conservation & management of plant biological resources",
        "codeNatureElp": "MATI",
        "libNatureElp": "Matière",
        "codeCNU": "65",
        "libCNU": "Biologie cellulaire",
        "codePeriode": "3",
        "libPeriode": "Enseignement du troisième semestre",
        "nbHeureCM": "27",
        "nbHeureTD": "4",
        "nbHeureTP": "4",
        "nbHeureCMTD": "0",
        "nbGroupeCM": "1",
        "nbGroupeTD": "1",
        "nbGroupeTP": "1",
        "nbGroupeCMTD": "0",
        "nbEtuInscritElpEtape": "5",
        "nbEtuInscritElpTotal": "5",
        "volumeHoraireElpPondereEtape": "48.5",
        "volumeHoraireElpTotal": "48.5",
        "nbEtuInscritPrevisionnelElpEtape": "8",
        "nbEtuInscritPrevisionnelElpTotal": "8",
        "nbEtape": "2"
    },
    {
        "annee": "2024",
        "codeStructureEtape": "AES",
        "libStructureEtape": "Faculté des Sciences",
        "codeEtape": "TM2SPP1",
        "libEtape": "M2 BV / Biology and technology of Seeds and Plant Propaga.",
        "noElement": "TBV532",
        "libElement": "Data Challenge",
        "codeNatureElp": "MATI",
        "libNatureElp": "Matière",
        "codeCNU": "26",
        "libCNU": "Mathématiques appliquées et applications des mathématiques",
        "codePeriode": "3",
        "libPeriode": "Enseignement du troisième semestre",
        "nbHeureCM": "2",
        "nbHeureTD": "12",
        "nbHeureTP": "32",
        "nbHeureCMTD": "0",
        "nbGroupeCM": "1",
        "nbGroupeTD": "1",
        "nbGroupeTP": "1",
        "nbGroupeCMTD": "0",
        "nbEtuInscritElpEtape": "5",
        "nbEtuInscritElpTotal": "17",
        "volumeHoraireElpPondereEtape": "13.82",
        "volumeHoraireElpTotal": "47",
        "nbEtuInscritPrevisionnelElpEtape": "30",
        "nbEtuInscritPrevisionnelElpTotal": "8",
        "nbEtape": "3"
    },
    {
        "annee": "2024",
        "codeStructureEtape": "AES",
        "libStructureEtape": "Faculté des Sciences",
        "codeEtape": "TM2SPP1",
        "libEtape": "M2 BV / Biology and technology of Seeds and Plant Propaga.",
        "noElement": "TBV536B",
        "libElement": "Seed and plant sanitary quality",
        "codeNatureElp": "MATI",
        "libNatureElp": "Matière",
        "codeCNU": "65",
        "libCNU": "Biologie cellulaire",
        "codePeriode": "3",
        "libPeriode": "Enseignement du troisième semestre",
        "nbHeureCM": "13",
        "nbHeureTD": "4",
        "nbHeureTP": "18",
        "nbHeureCMTD": "0",
        "nbGroupeCM": "1",
        "nbGroupeTD": "1",
        "nbGroupeTP": "1",
        "nbGroupeCMTD": "0",
        "nbEtuInscritElpEtape": "5",
        "nbEtuInscritElpTotal": "5",
        "volumeHoraireElpPondereEtape": "41.5",
        "volumeHoraireElpTotal": "41.5",
        "nbEtuInscritPrevisionnelElpEtape": "8",
        "nbEtuInscritPrevisionnelElpTotal": "8",
        "nbEtape": "2"
    },
    {
        "annee": "2024",
        "codeStructureEtape": "AES",
        "libStructureEtape": "Faculté des Sciences",
        "codeEtape": "TM2SPP1",
        "libEtape": "M2 BV / Biology and technology of Seeds and Plant Propaga.",
        "noElement": "TBV531",
        "libElement": "Modélisation",
        "codeNatureElp": "MATI",
        "libNatureElp": "Matière",
        "codeCNU": "26",
        "libCNU": "Mathématiques appliquées et applications des mathématiques",
        "codePeriode": "3",
        "libPeriode": "Enseignement du troisième semestre",
        "nbHeureCM": "6",
        "nbHeureTD": "0",
        "nbHeureTP": "10",
        "nbHeureCMTD": "0",
        "nbGroupeCM": "1",
        "nbGroupeTD": "1",
        "nbGroupeTP": "1",
        "nbGroupeCMTD": "0",
        "nbEtuInscritElpEtape": "5",
        "nbEtuInscritElpTotal": "17",
        "volumeHoraireElpPondereEtape": "5.59",
        "volumeHoraireElpTotal": "19",
        "nbEtuInscritPrevisionnelElpEtape": "30",
        "nbEtuInscritPrevisionnelElpTotal": "8",
        "nbEtape": "3"
    },
    {
        "annee": "2024",
        "codeStructureEtape": "AES",
        "libStructureEtape": "Faculté des Sciences",
        "codeEtape": "TM2SPP1",
        "libEtape": "M2 BV / Biology and technology of Seeds and Plant Propaga.",
        "noElement": "TBV534B",
        "libElement": "Biology & Biotechnology of seed & plant propagation material",
        "codeNatureElp": "MATI",
        "libNatureElp": "Matière",
        "codeCNU": "66",
        "libCNU": "Physiologie",
        "codePeriode": "3",
        "libPeriode": "Enseignement du troisième semestre",
        "nbHeureCM": "36",
        "nbHeureTD": "15",
        "nbHeureTP": "15",
        "nbHeureCMTD": "0",
        "nbGroupeCM": "1",
        "nbGroupeTD": "1",
        "nbGroupeTP": "1",
        "nbGroupeCMTD": "0",
        "nbEtuInscritElpEtape": "5",
        "nbEtuInscritElpTotal": "5",
        "volumeHoraireElpPondereEtape": "84",
        "volumeHoraireElpTotal": "84",
        "nbEtuInscritPrevisionnelElpEtape": "8",
        "nbEtuInscritPrevisionnelElpTotal": "8",
        "nbEtape": "2"
    },
    {
        "annee": "2024",
        "codeStructureEtape": "AES",
        "libStructureEtape": "Faculté des Sciences",
        "codeEtape": "TM2SPP1",
        "libEtape": "M2 BV / Biology and technology of Seeds and Plant Propaga.",
        "noElement": "TBV53C",
        "libElement": "3PE: Bilan de compétence / Gestion d'équipe",
        "codeNatureElp": "MATI",
        "libNatureElp": "Matière",
        "codeCNU": null,
        "libCNU": null,
        "codePeriode": "3",
        "libPeriode": "Enseignement du troisième semestre",
        "nbHeureCM": "0",
        "nbHeureTD": "10",
        "nbHeureTP": "15",
        "nbHeureCMTD": "0",
        "nbGroupeCM": "1",
        "nbGroupeTD": "1",
        "nbGroupeTP": "2",
        "nbGroupeCMTD": "0",
        "nbEtuInscritElpEtape": "5",
        "nbEtuInscritElpTotal": "29",
        "volumeHoraireElpPondereEtape": "6.9",
        "volumeHoraireElpTotal": "40",
        "nbEtuInscritPrevisionnelElpEtape": "0",
        "nbEtuInscritPrevisionnelElpTotal": "0",
        "nbEtape": "3"
    },
    {
        "annee": "2024",
        "codeStructureEtape": "AES",
        "libStructureEtape": "Faculté des Sciences",
        "codeEtape": "TM2SPP1",
        "libEtape": "M2 BV / Biology and technology of Seeds and Plant Propaga.",
        "noElement": "TBV541B",
        "libElement": "Conventional and organic production and seed technology",
        "codeNatureElp": "MATI",
        "libNatureElp": "Matière",
        "codeCNU": null,
        "libCNU": null,
        "codePeriode": "4",
        "libPeriode": "Enseignement du quatrième semestre",
        "nbHeureCM": "43",
        "nbHeureTD": "6",
        "nbHeureTP": "17",
        "nbHeureCMTD": "0",
        "nbGroupeCM": "1",
        "nbGroupeTD": "1",
        "nbGroupeTP": "1",
        "nbGroupeCMTD": "0",
        "nbEtuInscritElpEtape": "4",
        "nbEtuInscritElpTotal": "4",
        "volumeHoraireElpPondereEtape": "87.5",
        "volumeHoraireElpTotal": "87.5",
        "nbEtuInscritPrevisionnelElpEtape": "5",
        "nbEtuInscritPrevisionnelElpTotal": "5",
        "nbEtape": "2"
    },
    {
        "annee": "2024",
        "codeStructureEtape": "AES",
        "libStructureEtape": "Faculté des Sciences",
        "codeEtape": "TM2SPP1",
        "libEtape": "M2 BV / Biology and technology of Seeds and Plant Propaga.",
        "noElement": "TBV533B",
        "libElement": "Evolution and challenges of French an International indust.",
        "codeNatureElp": "MATI",
        "libNatureElp": "Matière",
        "codeCNU": null,
        "libCNU": null,
        "codePeriode": "3",
        "libPeriode": "Enseignement du troisième semestre",
        "nbHeureCM": "2",
        "nbHeureTD": "2",
        "nbHeureTP": "20",
        "nbHeureCMTD": "0",
        "nbGroupeCM": "1",
        "nbGroupeTD": "1",
        "nbGroupeTP": "1",
        "nbGroupeCMTD": "0",
        "nbEtuInscritElpEtape": "5",
        "nbEtuInscritElpTotal": "5",
        "volumeHoraireElpPondereEtape": "25",
        "volumeHoraireElpTotal": "25",
        "nbEtuInscritPrevisionnelElpEtape": "8",
        "nbEtuInscritPrevisionnelElpTotal": "8",
        "nbEtape": "2"
    },
    {
        "annee": "2024",
        "codeStructureEtape": "AES",
        "libStructureEtape": "Faculté des Sciences",
        "codeEtape": "TM2SPP1",
        "libEtape": "M2 BV / Biology and technology of Seeds and Plant Propaga.",
        "noElement": "TBV545B1",
        "libElement": "Stage",
        "codeNatureElp": "STAG",
        "libNatureElp": "Stage",
        "codeCNU": null,
        "libCNU": null,
        "codePeriode": "4",
        "libPeriode": "Enseignement du quatrième semestre",
        "nbHeureCM": "0",
        "nbHeureTD": "4",
        "nbHeureTP": "0",
        "nbHeureCMTD": "0",
        "nbGroupeCM": "5",
        "nbGroupeTD": "5",
        "nbGroupeTP": "5",
        "nbGroupeCMTD": "0",
        "nbEtuInscritElpEtape": "5",
        "nbEtuInscritElpTotal": "5",
        "volumeHoraireElpPondereEtape": "20",
        "volumeHoraireElpTotal": "20",
        "nbEtuInscritPrevisionnelElpEtape": "7",
        "nbEtuInscritPrevisionnelElpTotal": "7",
        "nbEtape": "2"
    },
    {
        "annee": "2024",
        "codeStructureEtape": "AES",
        "libStructureEtape": "Faculté des Sciences",
        "codeEtape": "TM2SPP1",
        "libEtape": "M2 BV / Biology and technology of Seeds and Plant Propaga.",
        "noElement": "TBV539",
        "libElement": "Projet commandité",
        "codeNatureElp": "MATI",
        "libNatureElp": "Matière",
        "codeCNU": "05",
        "libCNU": "Sciences économiques",
        "codePeriode": "3",
        "libPeriode": "Enseignement du troisième semestre",
        "nbHeureCM": "7",
        "nbHeureTD": "3",
        "nbHeureTP": "0",
        "nbHeureCMTD": "0",
        "nbGroupeCM": "1",
        "nbGroupeTD": "1",
        "nbGroupeTP": "2",
        "nbGroupeCMTD": "0",
        "nbEtuInscritElpEtape": "5",
        "nbEtuInscritElpTotal": "29",
        "volumeHoraireElpPondereEtape": "2.33",
        "volumeHoraireElpTotal": "13.5",
        "nbEtuInscritPrevisionnelElpEtape": "40",
        "nbEtuInscritPrevisionnelElpTotal": "8",
        "nbEtape": "4"
    },
    {
        "annee": "2024",
        "codeStructureEtape": "AES",
        "libStructureEtape": "Faculté des Sciences",
        "codeEtape": "TM2SPP1",
        "libEtape": "M2 BV / Biology and technology of Seeds and Plant Propaga.",
        "noElement": "TBV544",
        "libElement": "Communication scientifique",
        "codeNatureElp": "MATI",
        "libNatureElp": "Matière",
        "codeCNU": "71",
        "libCNU": "Sciences de l'information et de la communication",
        "codePeriode": "4",
        "libPeriode": "Enseignement du quatrième semestre",
        "nbHeureCM": "0",
        "nbHeureTD": "5",
        "nbHeureTP": "0",
        "nbHeureCMTD": "0",
        "nbGroupeCM": "1",
        "nbGroupeTD": "1",
        "nbGroupeTP": "1",
        "nbGroupeCMTD": "0",
        "nbEtuInscritElpEtape": "1",
        "nbEtuInscritElpTotal": "7",
        "volumeHoraireElpPondereEtape": ".71",
        "volumeHoraireElpTotal": "5",
        "nbEtuInscritPrevisionnelElpEtape": "8",
        "nbEtuInscritPrevisionnelElpTotal": "3",
        "nbEtape": "4"
    },
    {
        "annee": "2024",
        "codeStructureEtape": "AES",
        "libStructureEtape": "Faculté des Sciences",
        "codeEtape": "TM2SPP1",
        "libEtape": "M2 BV / Biology and technology of Seeds and Plant Propaga.",
        "noElement": "TBV542B",
        "libElement": "Biocontrol and biostimulation of seed and clonal material",
        "codeNatureElp": "MATI",
        "libNatureElp": "Matière",
        "codeCNU": "65",
        "libCNU": "Biologie cellulaire",
        "codePeriode": "4",
        "libPeriode": "Enseignement du quatrième semestre",
        "nbHeureCM": "12",
        "nbHeureTD": "4",
        "nbHeureTP": "6",
        "nbHeureCMTD": "0",
        "nbGroupeCM": "1",
        "nbGroupeTD": "1",
        "nbGroupeTP": "1",
        "nbGroupeCMTD": "0",
        "nbEtuInscritElpEtape": "4",
        "nbEtuInscritElpTotal": "4",
        "volumeHoraireElpPondereEtape": "28",
        "volumeHoraireElpTotal": "28",
        "nbEtuInscritPrevisionnelElpEtape": "5",
        "nbEtuInscritPrevisionnelElpTotal": "5",
        "nbEtape": "2"
    },
    {
        "annee": "2024",
        "codeStructureEtape": "AES",
        "libStructureEtape": "Faculté des Sciences",
        "codeEtape": "TM2SPP1",
        "libEtape": "M2 BV / Biology and technology of Seeds and Plant Propaga.",
        "noElement": "TBV545B2",
        "libElement": "Alternance",
        "codeNatureElp": "STAG",
        "libNatureElp": "Stage",
        "codeCNU": null,
        "libCNU": null,
        "codePeriode": "4",
        "libPeriode": "Enseignement du quatrième semestre",
        "nbHeureCM": "0",
        "nbHeureTD": "12",
        "nbHeureTP": "0",
        "nbHeureCMTD": "0",
        "nbGroupeCM": "1",
        "nbGroupeTD": "1",
        "nbGroupeTP": "1",
        "nbGroupeCMTD": "0",
        "nbEtuInscritElpEtape": "1",
        "nbEtuInscritElpTotal": "1",
        "volumeHoraireElpPondereEtape": "12",
        "volumeHoraireElpTotal": "12",
        "nbEtuInscritPrevisionnelElpEtape": "1",
        "nbEtuInscritPrevisionnelElpTotal": "1",
        "nbEtape": "2"
    },
    {
        "annee": "2024",
        "codeStructureEtape": "AES",
        "libStructureEtape": "Faculté des Sciences",
        "codeEtape": "TM2SPP1",
        "libEtape": "M2 BV / Biology and technology of Seeds and Plant Propaga.",
        "noElement": "TBV543B",
        "libElement": "Strategies in seed buisness and intellectual property",
        "codeNatureElp": "MATI",
        "libNatureElp": "Matière",
        "codeCNU": "05",
        "libCNU": "Sciences économiques",
        "codePeriode": "4",
        "libPeriode": "Enseignement du quatrième semestre",
        "nbHeureCM": "10",
        "nbHeureTD": "10",
        "nbHeureTP": "0",
        "nbHeureCMTD": "0",
        "nbGroupeCM": "1",
        "nbGroupeTD": "1",
        "nbGroupeTP": "1",
        "nbGroupeCMTD": "0",
        "nbEtuInscritElpEtape": "4",
        "nbEtuInscritElpTotal": "4",
        "volumeHoraireElpPondereEtape": "25",
        "volumeHoraireElpTotal": "25",
        "nbEtuInscritPrevisionnelElpEtape": "5",
        "nbEtuInscritPrevisionnelElpTotal": "5",
        "nbEtape": "2"
    }
]