[
    {
        "annee": "2024",
        "codeStructureEtape": "AES",
        "libStructureEtape": "Faculté des Sciences",
        "codeEtape": "TL2SV12",
        "libEtape": "L2 SVT",
        "noElement": "TCB2502U",
        "libElement": "Stage de recherche - P10",
        "codeNatureElp": "CHAR",
        "libNatureElp": "Charges d'Enseignement",
        "codeCNU": null,
        "libCNU": null,
        "codePeriode": "10",
        "libPeriode": "Période 10",
        "nbHeureCM": "0",
        "nbHeureTD": "0",
        "nbHeureTP": "0",
        "nbHeureCMTD": "0",
        "nbGroupeCM": "0",
        "nbGroupeTD": "0",
        "nbGroupeTP": "0",
        "nbGroupeCMTD": "0",
        "nbEtuInscritElpEtape": "0",
        "nbEtuInscritElpTotal": "0",
        "volumeHoraireElpPondereEtape": "0",
        "volumeHoraireElpTotal": "0",
        "nbEtuInscritPrevisionnelElpEtape": "14",
        "nbEtuInscritPrevisionnelElpTotal": "14",
        "nbEtape": "1"
    },
    {
        "annee": "2024",
        "codeStructureEtape": "AES",
        "libStructureEtape": "Faculté des Sciences",
        "codeEtape": "TL2SV12",
        "libEtape": "L2 SVT",
        "noElement": "TCB2301U",
        "libElement": "Anglais renforcement 1 - P8",
        "codeNatureElp": "CHAR",
        "libNatureElp": "Charges d'Enseignement",
        "codeCNU": null,
        "libCNU": null,
        "codePeriode": "08",
        "libPeriode": "Période 8",
        "nbHeureCM": "0",
        "nbHeureTD": "0",
        "nbHeureTP": "10",
        "nbHeureCMTD": "0",
        "nbGroupeCM": "0",
        "nbGroupeTD": "0",
        "nbGroupeTP": "1",
        "nbGroupeCMTD": "0",
        "nbEtuInscritElpEtape": "0",
        "nbEtuInscritElpTotal": "0",
        "volumeHoraireElpPondereEtape": "0",
        "volumeHoraireElpTotal": "10",
        "nbEtuInscritPrevisionnelElpEtape": "14",
        "nbEtuInscritPrevisionnelElpTotal": "14",
        "nbEtape": "1"
    },
    {
        "annee": "2024",
        "codeStructureEtape": "AES",
        "libStructureEtape": "Faculté des Sciences",
        "codeEtape": "TL2SV12",
        "libEtape": "L2 SVT",
        "noElement": "TCB2501U",
        "libElement": "Expression écrite et orale - préparation à la mobilité - P10",
        "codeNatureElp": "CHAR",
        "libNatureElp": "Charges d'Enseignement",
        "codeCNU": null,
        "libCNU": null,
        "codePeriode": "10",
        "libPeriode": "Période 10",
        "nbHeureCM": "0",
        "nbHeureTD": "14",
        "nbHeureTP": "0",
        "nbHeureCMTD": "0",
        "nbGroupeCM": "0",
        "nbGroupeTD": "1",
        "nbGroupeTP": "0",
        "nbGroupeCMTD": "0",
        "nbEtuInscritElpEtape": "0",
        "nbEtuInscritElpTotal": "0",
        "volumeHoraireElpPondereEtape": "0",
        "volumeHoraireElpTotal": "14",
        "nbEtuInscritPrevisionnelElpEtape": "14",
        "nbEtuInscritPrevisionnelElpTotal": "14",
        "nbEtape": "1"
    },
    {
        "annee": "2024",
        "codeStructureEtape": "AES",
        "libStructureEtape": "Faculté des Sciences",
        "codeEtape": "TL2SV12",
        "libEtape": "L2 SVT",
        "noElement": "TCB2202U",
        "libElement": "Physique appliquée à l'imagerie biologique - P7",
        "codeNatureElp": "CHAR",
        "libNatureElp": "Charges d'Enseignement",
        "codeCNU": null,
        "libCNU": null,
        "codePeriode": "07",
        "libPeriode": "Période 7",
        "nbHeureCM": "12",
        "nbHeureTD": "8",
        "nbHeureTP": "8",
        "nbHeureCMTD": "0",
        "nbGroupeCM": "1",
        "nbGroupeTD": "1",
        "nbGroupeTP": "1",
        "nbGroupeCMTD": "0",
        "nbEtuInscritElpEtape": "0",
        "nbEtuInscritElpTotal": "0",
        "volumeHoraireElpPondereEtape": "0",
        "volumeHoraireElpTotal": "34",
        "nbEtuInscritPrevisionnelElpEtape": "14",
        "nbEtuInscritPrevisionnelElpTotal": "14",
        "nbEtape": "1"
    },
    {
        "annee": "2024",
        "codeStructureEtape": "AES",
        "libStructureEtape": "Faculté des Sciences",
        "codeEtape": "TL2SV12",
        "libEtape": "L2 SVT",
        "noElement": "TCB2201U",
        "libElement": "Calcul matriciel 2 - P7",
        "codeNatureElp": "CHAR",
        "libNatureElp": "Charges d'Enseignement",
        "codeCNU": null,
        "libCNU": null,
        "codePeriode": "07",
        "libPeriode": "Période 7",
        "nbHeureCM": "0",
        "nbHeureTD": "0",
        "nbHeureTP": "4",
        "nbHeureCMTD": "12",
        "nbGroupeCM": "0",
        "nbGroupeTD": "0",
        "nbGroupeTP": "1",
        "nbGroupeCMTD": "1",
        "nbEtuInscritElpEtape": "0",
        "nbEtuInscritElpTotal": "0",
        "volumeHoraireElpPondereEtape": "0",
        "volumeHoraireElpTotal": "19",
        "nbEtuInscritPrevisionnelElpEtape": "14",
        "nbEtuInscritPrevisionnelElpTotal": "14",
        "nbEtape": "1"
    },
    {
        "annee": "2024",
        "codeStructureEtape": "AES",
        "libStructureEtape": "Faculté des Sciences",
        "codeEtape": "TL2SV12",
        "libEtape": "L2 SVT",
        "noElement": "TCB2401U",
        "libElement": "Création et gestion de bases de données biologiques - P9",
        "codeNatureElp": "CHAR",
        "libNatureElp": "Charges d'Enseignement",
        "codeCNU": null,
        "libCNU": null,
        "codePeriode": "09",
        "libPeriode": "Période 9",
        "nbHeureCM": "0",
        "nbHeureTD": "0",
        "nbHeureTP": "0",
        "nbHeureCMTD": "25",
        "nbGroupeCM": "0",
        "nbGroupeTD": "0",
        "nbGroupeTP": "0",
        "nbGroupeCMTD": "1",
        "nbEtuInscritElpEtape": "0",
        "nbEtuInscritElpTotal": "0",
        "volumeHoraireElpPondereEtape": "0",
        "volumeHoraireElpTotal": "31.25",
        "nbEtuInscritPrevisionnelElpEtape": "14",
        "nbEtuInscritPrevisionnelElpTotal": "14",
        "nbEtape": "1"
    },
    {
        "annee": "2024",
        "codeStructureEtape": "AES",
        "libStructureEtape": "Faculté des Sciences",
        "codeEtape": "TL2SV12",
        "libEtape": "L2 SVT",
        "noElement": "TCB2101U",
        "libElement": "Calcul matriciel 1 - P6",
        "codeNatureElp": "CHAR",
        "libNatureElp": "Charges d'Enseignement",
        "codeCNU": null,
        "libCNU": null,
        "codePeriode": "6",
        "libPeriode": "Enseignement du sixième semestre",
        "nbHeureCM": "0",
        "nbHeureTD": "0",
        "nbHeureTP": "0",
        "nbHeureCMTD": "14",
        "nbGroupeCM": "0",
        "nbGroupeTD": "0",
        "nbGroupeTP": "0",
        "nbGroupeCMTD": "1",
        "nbEtuInscritElpEtape": "0",
        "nbEtuInscritElpTotal": "0",
        "volumeHoraireElpPondereEtape": "0",
        "volumeHoraireElpTotal": "17.5",
        "nbEtuInscritPrevisionnelElpEtape": "14",
        "nbEtuInscritPrevisionnelElpTotal": "14",
        "nbEtape": "1"
    }
]