[
    {
        "annee": "2024",
        "codeStructureEtape": "AES",
        "libStructureEtape": "Faculté des Sciences",
        "codeEtape": "TLPMEG1",
        "libEtape": "LP Maîtrise énergie, électricité / Génie thermique",
        "noElement": "TMEP61",
        "libElement": "Projet tuteuré",
        "codeNatureElp": "PRJ",
        "libNatureElp": "Projet",
        "codeCNU": "62",
        "libCNU": "Energétique, génie des procédés",
        "codePeriode": "AN",
        "libPeriode": "Enseignement toute l'année",
        "nbHeureCM": "0",
        "nbHeureTD": "10",
        "nbHeureTP": "0",
        "nbHeureCMTD": "0",
        "nbGroupeCM": "10",
        "nbGroupeTD": "10",
        "nbGroupeTP": "10",
        "nbGroupeCMTD": "0",
        "nbEtuInscritElpEtape": "10",
        "nbEtuInscritElpTotal": "10",
        "volumeHoraireElpPondereEtape": "100",
        "volumeHoraireElpTotal": "100",
        "nbEtuInscritPrevisionnelElpEtape": "9",
        "nbEtuInscritPrevisionnelElpTotal": "9",
        "nbEtape": "1"
    },
    {
        "annee": "2024",
        "codeStructureEtape": "AES",
        "libStructureEtape": "Faculté des Sciences",
        "codeEtape": "TLPMEG1",
        "libEtape": "LP Maîtrise énergie, électricité / Génie thermique",
        "noElement": "TMEP71",
        "libElement": "Stage industriel",
        "codeNatureElp": "STAG",
        "libNatureElp": "Stage",
        "codeCNU": "62",
        "libCNU": "Energétique, génie des procédés",
        "codePeriode": "AN",
        "libPeriode": "Enseignement toute l'année",
        "nbHeureCM": "0",
        "nbHeureTD": "12",
        "nbHeureTP": "0",
        "nbHeureCMTD": "0",
        "nbGroupeCM": "10",
        "nbGroupeTD": "10",
        "nbGroupeTP": "10",
        "nbGroupeCMTD": "0",
        "nbEtuInscritElpEtape": "10",
        "nbEtuInscritElpTotal": "10",
        "volumeHoraireElpPondereEtape": "120",
        "volumeHoraireElpTotal": "120",
        "nbEtuInscritPrevisionnelElpEtape": "9",
        "nbEtuInscritPrevisionnelElpTotal": "9",
        "nbEtape": "1"
    },
    {
        "annee": "2024",
        "codeStructureEtape": "AES",
        "libStructureEtape": "Faculté des Sciences",
        "codeEtape": "TLPMEG1",
        "libEtape": "LP Maîtrise énergie, électricité / Génie thermique",
        "noElement": "TMEP41",
        "libElement": "Réglementa. environne., bâtiments durables et règles d'urba.",
        "codeNatureElp": "MATI",
        "libNatureElp": "Matière",
        "codeCNU": "62",
        "libCNU": "Energétique, génie des procédés",
        "codePeriode": "AN",
        "libPeriode": "Enseignement toute l'année",
        "nbHeureCM": "24",
        "nbHeureTD": "4",
        "nbHeureTP": "4",
        "nbHeureCMTD": "0",
        "nbGroupeCM": "1",
        "nbGroupeTD": "1",
        "nbGroupeTP": "1",
        "nbGroupeCMTD": "0",
        "nbEtuInscritElpEtape": "10",
        "nbEtuInscritElpTotal": "10",
        "volumeHoraireElpPondereEtape": "44",
        "volumeHoraireElpTotal": "44",
        "nbEtuInscritPrevisionnelElpEtape": "9",
        "nbEtuInscritPrevisionnelElpTotal": "9",
        "nbEtape": "1"
    },
    {
        "annee": "2024",
        "codeStructureEtape": "AES",
        "libStructureEtape": "Faculté des Sciences",
        "codeEtape": "TLPMEG1",
        "libEtape": "LP Maîtrise énergie, électricité / Génie thermique",
        "noElement": "TMEP22",
        "libElement": "Communication en anglais",
        "codeNatureElp": "MATI",
        "libNatureElp": "Matière",
        "codeCNU": "11",
        "libCNU": "Langues et littératures anglaises et anglo-saxonnes",
        "codePeriode": "AN",
        "libPeriode": "Enseignement toute l'année",
        "nbHeureCM": "0",
        "nbHeureTD": "0",
        "nbHeureTP": "21",
        "nbHeureCMTD": "0",
        "nbGroupeCM": "1",
        "nbGroupeTD": "1",
        "nbGroupeTP": "1",
        "nbGroupeCMTD": "0",
        "nbEtuInscritElpEtape": "10",
        "nbEtuInscritElpTotal": "10",
        "volumeHoraireElpPondereEtape": "21",
        "volumeHoraireElpTotal": "21",
        "nbEtuInscritPrevisionnelElpEtape": "9",
        "nbEtuInscritPrevisionnelElpTotal": "9",
        "nbEtape": "1"
    },
    {
        "annee": "2024",
        "codeStructureEtape": "AES",
        "libStructureEtape": "Faculté des Sciences",
        "codeEtape": "TLPMEG1",
        "libEtape": "LP Maîtrise énergie, électricité / Génie thermique",
        "noElement": "TMEP34",
        "libElement": "Chimie : réactions / stockage",
        "codeNatureElp": "MATI",
        "libNatureElp": "Matière",
        "codeCNU": "33",
        "libCNU": "Chimie des matériaux",
        "codePeriode": "AN",
        "libPeriode": "Enseignement toute l'année",
        "nbHeureCM": "8",
        "nbHeureTD": "6",
        "nbHeureTP": "0",
        "nbHeureCMTD": "0",
        "nbGroupeCM": "1",
        "nbGroupeTD": "1",
        "nbGroupeTP": "1",
        "nbGroupeCMTD": "0",
        "nbEtuInscritElpEtape": "10",
        "nbEtuInscritElpTotal": "10",
        "volumeHoraireElpPondereEtape": "18",
        "volumeHoraireElpTotal": "18",
        "nbEtuInscritPrevisionnelElpEtape": "9",
        "nbEtuInscritPrevisionnelElpTotal": "9",
        "nbEtape": "1"
    },
    {
        "annee": "2024",
        "codeStructureEtape": "AES",
        "libStructureEtape": "Faculté des Sciences",
        "codeEtape": "TLPMEG1",
        "libEtape": "LP Maîtrise énergie, électricité / Génie thermique",
        "noElement": "TMEP31",
        "libElement": "Modélisation, statistique et analyse appliquée à l'énergéti.",
        "codeNatureElp": "MATI",
        "libNatureElp": "Matière",
        "codeCNU": "26",
        "libCNU": "Mathématiques appliquées et applications des mathématiques",
        "codePeriode": "AN",
        "libPeriode": "Enseignement toute l'année",
        "nbHeureCM": "8",
        "nbHeureTD": "12",
        "nbHeureTP": "15",
        "nbHeureCMTD": "0",
        "nbGroupeCM": "1",
        "nbGroupeTD": "1",
        "nbGroupeTP": "1",
        "nbGroupeCMTD": "0",
        "nbEtuInscritElpEtape": "10",
        "nbEtuInscritElpTotal": "10",
        "volumeHoraireElpPondereEtape": "39",
        "volumeHoraireElpTotal": "39",
        "nbEtuInscritPrevisionnelElpEtape": "9",
        "nbEtuInscritPrevisionnelElpTotal": "9",
        "nbEtape": "1"
    },
    {
        "annee": "2024",
        "codeStructureEtape": "AES",
        "libStructureEtape": "Faculté des Sciences",
        "codeEtape": "TLPMEG1",
        "libEtape": "LP Maîtrise énergie, électricité / Génie thermique",
        "noElement": "TMEP35",
        "libElement": "Thermodynamique",
        "codeNatureElp": "MATI",
        "libNatureElp": "Matière",
        "codeCNU": "62",
        "libCNU": "Energétique, génie des procédés",
        "codePeriode": "AN",
        "libPeriode": "Enseignement toute l'année",
        "nbHeureCM": "18",
        "nbHeureTD": "6",
        "nbHeureTP": "0",
        "nbHeureCMTD": "0",
        "nbGroupeCM": "1",
        "nbGroupeTD": "1",
        "nbGroupeTP": "1",
        "nbGroupeCMTD": "0",
        "nbEtuInscritElpEtape": "10",
        "nbEtuInscritElpTotal": "10",
        "volumeHoraireElpPondereEtape": "33",
        "volumeHoraireElpTotal": "33",
        "nbEtuInscritPrevisionnelElpEtape": "9",
        "nbEtuInscritPrevisionnelElpTotal": "9",
        "nbEtape": "1"
    },
    {
        "annee": "2024",
        "codeStructureEtape": "AES",
        "libStructureEtape": "Faculté des Sciences",
        "codeEtape": "TLPMEG1",
        "libEtape": "LP Maîtrise énergie, électricité / Génie thermique",
        "noElement": "TMEP33",
        "libElement": "Electricité",
        "codeNatureElp": "MATI",
        "libNatureElp": "Matière",
        "codeCNU": "63",
        "libCNU": "Génie électrique, électronique, photonique et systèmes",
        "codePeriode": "AN",
        "libPeriode": "Enseignement toute l'année",
        "nbHeureCM": "8",
        "nbHeureTD": "0",
        "nbHeureTP": "0",
        "nbHeureCMTD": "0",
        "nbGroupeCM": "1",
        "nbGroupeTD": "1",
        "nbGroupeTP": "1",
        "nbGroupeCMTD": "0",
        "nbEtuInscritElpEtape": "10",
        "nbEtuInscritElpTotal": "10",
        "volumeHoraireElpPondereEtape": "12",
        "volumeHoraireElpTotal": "12",
        "nbEtuInscritPrevisionnelElpEtape": "9",
        "nbEtuInscritPrevisionnelElpTotal": "9",
        "nbEtape": "1"
    },
    {
        "annee": "2024",
        "codeStructureEtape": "AES",
        "libStructureEtape": "Faculté des Sciences",
        "codeEtape": "TLPMEG1",
        "libEtape": "LP Maîtrise énergie, électricité / Génie thermique",
        "noElement": "TMEP21",
        "libElement": "Développement personnel, techniques d'insertion profession.",
        "codeNatureElp": "MATI",
        "libNatureElp": "Matière",
        "codeCNU": "71",
        "libCNU": "Sciences de l'information et de la communication",
        "codePeriode": "AN",
        "libPeriode": "Enseignement toute l'année",
        "nbHeureCM": "0",
        "nbHeureTD": "0",
        "nbHeureTP": "20",
        "nbHeureCMTD": "0",
        "nbGroupeCM": "1",
        "nbGroupeTD": "1",
        "nbGroupeTP": "1",
        "nbGroupeCMTD": "0",
        "nbEtuInscritElpEtape": "10",
        "nbEtuInscritElpTotal": "10",
        "volumeHoraireElpPondereEtape": "20",
        "volumeHoraireElpTotal": "20",
        "nbEtuInscritPrevisionnelElpEtape": "9",
        "nbEtuInscritPrevisionnelElpTotal": "9",
        "nbEtape": "1"
    },
    {
        "annee": "2024",
        "codeStructureEtape": "AES",
        "libStructureEtape": "Faculté des Sciences",
        "codeEtape": "TLPMEG1",
        "libEtape": "LP Maîtrise énergie, électricité / Génie thermique",
        "noElement": "TMEPCH",
        "libElement": "Charges - LP Maîtrise énergie, électricité, dév. durable",
        "codeNatureElp": "CHAR",
        "libNatureElp": "Charges d'Enseignement",
        "codeCNU": null,
        "libCNU": null,
        "codePeriode": null,
        "libPeriode": null,
        "nbHeureCM": "0",
        "nbHeureTD": "0",
        "nbHeureTP": "0",
        "nbHeureCMTD": "0",
        "nbGroupeCM": "0",
        "nbGroupeTD": "0",
        "nbGroupeTP": "0",
        "nbGroupeCMTD": "0",
        "nbEtuInscritElpEtape": "10",
        "nbEtuInscritElpTotal": "10",
        "volumeHoraireElpPondereEtape": "0",
        "volumeHoraireElpTotal": "0",
        "nbEtuInscritPrevisionnelElpEtape": "9",
        "nbEtuInscritPrevisionnelElpTotal": "9",
        "nbEtape": "1"
    },
    {
        "annee": "2024",
        "codeStructureEtape": "AES",
        "libStructureEtape": "Faculté des Sciences",
        "codeEtape": "TLPMEG1",
        "libEtape": "LP Maîtrise énergie, électricité / Génie thermique",
        "noElement": "TMEP52",
        "libElement": "Actions sur les systèmes",
        "codeNatureElp": "MATI",
        "libNatureElp": "Matière",
        "codeCNU": "62",
        "libCNU": "Energétique, génie des procédés",
        "codePeriode": "AN",
        "libPeriode": "Enseignement toute l'année",
        "nbHeureCM": "36",
        "nbHeureTD": "40",
        "nbHeureTP": "26",
        "nbHeureCMTD": "0",
        "nbGroupeCM": "1",
        "nbGroupeTD": "1",
        "nbGroupeTP": "1",
        "nbGroupeCMTD": "0",
        "nbEtuInscritElpEtape": "10",
        "nbEtuInscritElpTotal": "10",
        "volumeHoraireElpPondereEtape": "120",
        "volumeHoraireElpTotal": "120",
        "nbEtuInscritPrevisionnelElpEtape": "9",
        "nbEtuInscritPrevisionnelElpTotal": "9",
        "nbEtape": "1"
    },
    {
        "annee": "2024",
        "codeStructureEtape": "AES",
        "libStructureEtape": "Faculté des Sciences",
        "codeEtape": "TLPMEG1",
        "libEtape": "LP Maîtrise énergie, électricité / Génie thermique",
        "noElement": "TMEP12",
        "libElement": "Outils : RH, projet, juridique, gestion, marketing",
        "codeNatureElp": "MATI",
        "libNatureElp": "Matière",
        "codeCNU": "06",
        "libCNU": "Sciences de gestion",
        "codePeriode": "AN",
        "libPeriode": "Enseignement toute l'année",
        "nbHeureCM": "18",
        "nbHeureTD": "18",
        "nbHeureTP": "8",
        "nbHeureCMTD": "0",
        "nbGroupeCM": "1",
        "nbGroupeTD": "1",
        "nbGroupeTP": "1",
        "nbGroupeCMTD": "0",
        "nbEtuInscritElpEtape": "10",
        "nbEtuInscritElpTotal": "10",
        "volumeHoraireElpPondereEtape": "53",
        "volumeHoraireElpTotal": "53",
        "nbEtuInscritPrevisionnelElpEtape": "9",
        "nbEtuInscritPrevisionnelElpTotal": "9",
        "nbEtape": "1"
    },
    {
        "annee": "2024",
        "codeStructureEtape": "AES",
        "libStructureEtape": "Faculté des Sciences",
        "codeEtape": "TLPMEG1",
        "libEtape": "LP Maîtrise énergie, électricité / Génie thermique",
        "noElement": "TMEP51",
        "libElement": "Actions sur le bâti",
        "codeNatureElp": "MATI",
        "libNatureElp": "Matière",
        "codeCNU": "62",
        "libCNU": "Energétique, génie des procédés",
        "codePeriode": "AN",
        "libPeriode": "Enseignement toute l'année",
        "nbHeureCM": "11",
        "nbHeureTD": "11.5",
        "nbHeureTP": "7.5",
        "nbHeureCMTD": "0",
        "nbGroupeCM": "1",
        "nbGroupeTD": "1",
        "nbGroupeTP": "1",
        "nbGroupeCMTD": "0",
        "nbEtuInscritElpEtape": "10",
        "nbEtuInscritElpTotal": "10",
        "volumeHoraireElpPondereEtape": "35.5",
        "volumeHoraireElpTotal": "35.5",
        "nbEtuInscritPrevisionnelElpEtape": "9",
        "nbEtuInscritPrevisionnelElpTotal": "9",
        "nbEtape": "1"
    },
    {
        "annee": "2024",
        "codeStructureEtape": "AES",
        "libStructureEtape": "Faculté des Sciences",
        "codeEtape": "TLPMEG1",
        "libEtape": "LP Maîtrise énergie, électricité / Génie thermique",
        "noElement": "TMEP11",
        "libElement": "Qualité, sécurité, énergie et environnement",
        "codeNatureElp": "MATI",
        "libNatureElp": "Matière",
        "codeCNU": "06",
        "libCNU": "Sciences de gestion",
        "codePeriode": "AN",
        "libPeriode": "Enseignement toute l'année",
        "nbHeureCM": "8",
        "nbHeureTD": "8",
        "nbHeureTP": "0",
        "nbHeureCMTD": "0",
        "nbGroupeCM": "1",
        "nbGroupeTD": "1",
        "nbGroupeTP": "1",
        "nbGroupeCMTD": "0",
        "nbEtuInscritElpEtape": "10",
        "nbEtuInscritElpTotal": "10",
        "volumeHoraireElpPondereEtape": "20",
        "volumeHoraireElpTotal": "20",
        "nbEtuInscritPrevisionnelElpEtape": "9",
        "nbEtuInscritPrevisionnelElpTotal": "9",
        "nbEtape": "1"
    },
    {
        "annee": "2024",
        "codeStructureEtape": "AES",
        "libStructureEtape": "Faculté des Sciences",
        "codeEtape": "TLPMEG1",
        "libEtape": "LP Maîtrise énergie, électricité / Génie thermique",
        "noElement": "TMEP42",
        "libElement": "Outils d'analyse et expertise énergétique des bâtiments",
        "codeNatureElp": "MATI",
        "libNatureElp": "Matière",
        "codeCNU": "62",
        "libCNU": "Energétique, génie des procédés",
        "codePeriode": "AN",
        "libPeriode": "Enseignement toute l'année",
        "nbHeureCM": "36",
        "nbHeureTD": "40.5",
        "nbHeureTP": "19.5",
        "nbHeureCMTD": "0",
        "nbGroupeCM": "1",
        "nbGroupeTD": "1",
        "nbGroupeTP": "1",
        "nbGroupeCMTD": "0",
        "nbEtuInscritElpEtape": "10",
        "nbEtuInscritElpTotal": "10",
        "volumeHoraireElpPondereEtape": "114",
        "volumeHoraireElpTotal": "114",
        "nbEtuInscritPrevisionnelElpEtape": "9",
        "nbEtuInscritPrevisionnelElpTotal": "9",
        "nbEtape": "1"
    },
    {
        "annee": "2024",
        "codeStructureEtape": "AES",
        "libStructureEtape": "Faculté des Sciences",
        "codeEtape": "TLPMEG1",
        "libEtape": "LP Maîtrise énergie, électricité / Génie thermique",
        "noElement": "TMEP32",
        "libElement": "Energétique - transformations de l'énergie",
        "codeNatureElp": "MATI",
        "libNatureElp": "Matière",
        "codeCNU": "62",
        "libCNU": "Energétique, génie des procédés",
        "codePeriode": "AN",
        "libPeriode": "Enseignement toute l'année",
        "nbHeureCM": "21",
        "nbHeureTD": "0",
        "nbHeureTP": "10",
        "nbHeureCMTD": "0",
        "nbGroupeCM": "1",
        "nbGroupeTD": "1",
        "nbGroupeTP": "1",
        "nbGroupeCMTD": "0",
        "nbEtuInscritElpEtape": "10",
        "nbEtuInscritElpTotal": "10",
        "volumeHoraireElpPondereEtape": "41.5",
        "volumeHoraireElpTotal": "41.5",
        "nbEtuInscritPrevisionnelElpEtape": "9",
        "nbEtuInscritPrevisionnelElpTotal": "9",
        "nbEtape": "1"
    }
]