[
    {
        "annee": "2024",
        "codeStructureEtape": "AES",
        "libStructureEtape": "Faculté des Sciences",
        "codeEtape": "TM2PSI3",
        "libEtape": "M2 Photonique signal imagerie (PSI)",
        "noElement": "TPH53G",
        "libElement": "Qualité, conception de produits, innovation",
        "codeNatureElp": "MATI",
        "libNatureElp": "Matière",
        "codeCNU": "05",
        "libCNU": "Sciences économiques",
        "codePeriode": "3",
        "libPeriode": "Enseignement du troisième semestre",
        "nbHeureCM": "12",
        "nbHeureTD": "0",
        "nbHeureTP": "0",
        "nbHeureCMTD": "0",
        "nbGroupeCM": "1",
        "nbGroupeTD": "1",
        "nbGroupeTP": "0",
        "nbGroupeCMTD": "0",
        "nbEtuInscritElpEtape": "15",
        "nbEtuInscritElpTotal": "15",
        "volumeHoraireElpPondereEtape": "18",
        "volumeHoraireElpTotal": "18",
        "nbEtuInscritPrevisionnelElpEtape": "12",
        "nbEtuInscritPrevisionnelElpTotal": "12",
        "nbEtape": "1"
    },
    {
        "annee": "2024",
        "codeStructureEtape": "AES",
        "libStructureEtape": "Faculté des Sciences",
        "codeEtape": "TM2PSI3",
        "libEtape": "M2 Photonique signal imagerie (PSI)",
        "noElement": "TPH533",
        "libElement": "Fibres optiques, composants actifs & passifs",
        "codeNatureElp": "MATI",
        "libNatureElp": "Matière",
        "codeCNU": "30",
        "libCNU": "Milieux dilués et optique",
        "codePeriode": "3",
        "libPeriode": "Enseignement du troisième semestre",
        "nbHeureCM": "17",
        "nbHeureTD": "8",
        "nbHeureTP": "3",
        "nbHeureCMTD": "0",
        "nbGroupeCM": "1",
        "nbGroupeTD": "1",
        "nbGroupeTP": "1",
        "nbGroupeCMTD": "0",
        "nbEtuInscritElpEtape": "16",
        "nbEtuInscritElpTotal": "16",
        "volumeHoraireElpPondereEtape": "36.5",
        "volumeHoraireElpTotal": "36.5",
        "nbEtuInscritPrevisionnelElpEtape": "12",
        "nbEtuInscritPrevisionnelElpTotal": "12",
        "nbEtape": "1"
    },
    {
        "annee": "2024",
        "codeStructureEtape": "AES",
        "libStructureEtape": "Faculté des Sciences",
        "codeEtape": "TM2PSI3",
        "libEtape": "M2 Photonique signal imagerie (PSI)",
        "noElement": "TPH53E",
        "libElement": "Création d'entreprises, droit des entreprises",
        "codeNatureElp": "MATI",
        "libNatureElp": "Matière",
        "codeCNU": "01",
        "libCNU": "Droit privé et sciences criminelles",
        "codePeriode": "3",
        "libPeriode": "Enseignement du troisième semestre",
        "nbHeureCM": "14",
        "nbHeureTD": "0",
        "nbHeureTP": "0",
        "nbHeureCMTD": "0",
        "nbGroupeCM": "1",
        "nbGroupeTD": "1",
        "nbGroupeTP": "1",
        "nbGroupeCMTD": "0",
        "nbEtuInscritElpEtape": "15",
        "nbEtuInscritElpTotal": "15",
        "volumeHoraireElpPondereEtape": "21",
        "volumeHoraireElpTotal": "21",
        "nbEtuInscritPrevisionnelElpEtape": "12",
        "nbEtuInscritPrevisionnelElpTotal": "12",
        "nbEtape": "1"
    },
    {
        "annee": "2024",
        "codeStructureEtape": "AES",
        "libStructureEtape": "Faculté des Sciences",
        "codeEtape": "TM2PSI3",
        "libEtape": "M2 Photonique signal imagerie (PSI)",
        "noElement": "TPH531",
        "libElement": "Photonique moléculaire",
        "codeNatureElp": "MATI",
        "libNatureElp": "Matière",
        "codeCNU": "30",
        "libCNU": "Milieux dilués et optique",
        "codePeriode": "3",
        "libPeriode": "Enseignement du troisième semestre",
        "nbHeureCM": "17",
        "nbHeureTD": "8",
        "nbHeureTP": "3",
        "nbHeureCMTD": "0",
        "nbGroupeCM": "1",
        "nbGroupeTD": "1",
        "nbGroupeTP": "1",
        "nbGroupeCMTD": "0",
        "nbEtuInscritElpEtape": "16",
        "nbEtuInscritElpTotal": "16",
        "volumeHoraireElpPondereEtape": "36.5",
        "volumeHoraireElpTotal": "36.5",
        "nbEtuInscritPrevisionnelElpEtape": "12",
        "nbEtuInscritPrevisionnelElpTotal": "12",
        "nbEtape": "1"
    },
    {
        "annee": "2024",
        "codeStructureEtape": "AES",
        "libStructureEtape": "Faculté des Sciences",
        "codeEtape": "TM2PSI3",
        "libEtape": "M2 Photonique signal imagerie (PSI)",
        "noElement": "TPH534",
        "libElement": "Optique non linéaire et applications",
        "codeNatureElp": "MATI",
        "libNatureElp": "Matière",
        "codeCNU": "30",
        "libCNU": "Milieux dilués et optique",
        "codePeriode": "3",
        "libPeriode": "Enseignement du troisième semestre",
        "nbHeureCM": "17",
        "nbHeureTD": "8",
        "nbHeureTP": "3",
        "nbHeureCMTD": "0",
        "nbGroupeCM": "1",
        "nbGroupeTD": "1",
        "nbGroupeTP": "1",
        "nbGroupeCMTD": "0",
        "nbEtuInscritElpEtape": "16",
        "nbEtuInscritElpTotal": "16",
        "volumeHoraireElpPondereEtape": "36.5",
        "volumeHoraireElpTotal": "36.5",
        "nbEtuInscritPrevisionnelElpEtape": "12",
        "nbEtuInscritPrevisionnelElpTotal": "12",
        "nbEtape": "1"
    },
    {
        "annee": "2024",
        "codeStructureEtape": "AES",
        "libStructureEtape": "Faculté des Sciences",
        "codeEtape": "TM2PSI3",
        "libEtape": "M2 Photonique signal imagerie (PSI)",
        "noElement": "TPH535",
        "libElement": "Traitement du signal",
        "codeNatureElp": "MATI",
        "libNatureElp": "Matière",
        "codeCNU": "61",
        "libCNU": "Génie informatique, automatique et traitement du signal",
        "codePeriode": "3",
        "libPeriode": "Enseignement du troisième semestre",
        "nbHeureCM": "17",
        "nbHeureTD": "8",
        "nbHeureTP": "8",
        "nbHeureCMTD": "0",
        "nbGroupeCM": "1",
        "nbGroupeTD": "1",
        "nbGroupeTP": "1",
        "nbGroupeCMTD": "0",
        "nbEtuInscritElpEtape": "15",
        "nbEtuInscritElpTotal": "15",
        "volumeHoraireElpPondereEtape": "41.5",
        "volumeHoraireElpTotal": "41.5",
        "nbEtuInscritPrevisionnelElpEtape": "11",
        "nbEtuInscritPrevisionnelElpTotal": "11",
        "nbEtape": "1"
    },
    {
        "annee": "2024",
        "codeStructureEtape": "AES",
        "libStructureEtape": "Faculté des Sciences",
        "codeEtape": "TM2PSI3",
        "libEtape": "M2 Photonique signal imagerie (PSI)",
        "noElement": "TPH53F",
        "libElement": "Fiabilité, gestion de projets, sûreté de fonctionnement",
        "codeNatureElp": "MATI",
        "libNatureElp": "Matière",
        "codeCNU": "06",
        "libCNU": "Sciences de gestion",
        "codePeriode": "3",
        "libPeriode": "Enseignement du troisième semestre",
        "nbHeureCM": "8",
        "nbHeureTD": "0",
        "nbHeureTP": "0",
        "nbHeureCMTD": "0",
        "nbGroupeCM": "1",
        "nbGroupeTD": "1",
        "nbGroupeTP": "1",
        "nbGroupeCMTD": "0",
        "nbEtuInscritElpEtape": "15",
        "nbEtuInscritElpTotal": "15",
        "volumeHoraireElpPondereEtape": "12",
        "volumeHoraireElpTotal": "12",
        "nbEtuInscritPrevisionnelElpEtape": "12",
        "nbEtuInscritPrevisionnelElpTotal": "12",
        "nbEtape": "1"
    },
    {
        "annee": "2024",
        "codeStructureEtape": "AES",
        "libStructureEtape": "Faculté des Sciences",
        "codeEtape": "TM2PSI3",
        "libEtape": "M2 Photonique signal imagerie (PSI)",
        "noElement": "TPH53CB",
        "libElement": "Physique numérique avancée",
        "codeNatureElp": "MATI",
        "libNatureElp": "Matière",
        "codeCNU": "61",
        "libCNU": "Génie informatique, automatique et traitement du signal",
        "codePeriode": "3",
        "libPeriode": "Enseignement du troisième semestre",
        "nbHeureCM": "9",
        "nbHeureTD": "8",
        "nbHeureTP": "9",
        "nbHeureCMTD": "0",
        "nbGroupeCM": "1",
        "nbGroupeTD": "1",
        "nbGroupeTP": "1",
        "nbGroupeCMTD": "0",
        "nbEtuInscritElpEtape": "15",
        "nbEtuInscritElpTotal": "15",
        "volumeHoraireElpPondereEtape": "30.5",
        "volumeHoraireElpTotal": "30.5",
        "nbEtuInscritPrevisionnelElpEtape": "11",
        "nbEtuInscritPrevisionnelElpTotal": "11",
        "nbEtape": "1"
    },
    {
        "annee": "2024",
        "codeStructureEtape": "AES",
        "libStructureEtape": "Faculté des Sciences",
        "codeEtape": "TM2PSI3",
        "libEtape": "M2 Photonique signal imagerie (PSI)",
        "noElement": "TPH53B",
        "libElement": "Imagerie computationnelle",
        "codeNatureElp": "MATI",
        "libNatureElp": "Matière",
        "codeCNU": "61",
        "libCNU": "Génie informatique, automatique et traitement du signal",
        "codePeriode": "3",
        "libPeriode": "Enseignement du troisième semestre",
        "nbHeureCM": "17",
        "nbHeureTD": "8",
        "nbHeureTP": "0",
        "nbHeureCMTD": "0",
        "nbGroupeCM": "1",
        "nbGroupeTD": "1",
        "nbGroupeTP": "0",
        "nbGroupeCMTD": "0",
        "nbEtuInscritElpEtape": "15",
        "nbEtuInscritElpTotal": "15",
        "volumeHoraireElpPondereEtape": "33.5",
        "volumeHoraireElpTotal": "33.5",
        "nbEtuInscritPrevisionnelElpEtape": "12",
        "nbEtuInscritPrevisionnelElpTotal": "12",
        "nbEtape": "1"
    },
    {
        "annee": "2024",
        "codeStructureEtape": "AES",
        "libStructureEtape": "Faculté des Sciences",
        "codeEtape": "TM2PSI3",
        "libEtape": "M2 Photonique signal imagerie (PSI)",
        "noElement": "TPH53D",
        "libElement": "Infographie, synthèse d'images et réalité virtuelle",
        "codeNatureElp": "MATI",
        "libNatureElp": "Matière",
        "codeCNU": "61",
        "libCNU": "Génie informatique, automatique et traitement du signal",
        "codePeriode": "3",
        "libPeriode": "Enseignement du troisième semestre",
        "nbHeureCM": "17",
        "nbHeureTD": "8",
        "nbHeureTP": "0",
        "nbHeureCMTD": "0",
        "nbGroupeCM": "1",
        "nbGroupeTD": "1",
        "nbGroupeTP": "1",
        "nbGroupeCMTD": "0",
        "nbEtuInscritElpEtape": "15",
        "nbEtuInscritElpTotal": "15",
        "volumeHoraireElpPondereEtape": "33.5",
        "volumeHoraireElpTotal": "33.5",
        "nbEtuInscritPrevisionnelElpEtape": "12",
        "nbEtuInscritPrevisionnelElpTotal": "12",
        "nbEtape": "1"
    },
    {
        "annee": "2024",
        "codeStructureEtape": "AES",
        "libStructureEtape": "Faculté des Sciences",
        "codeEtape": "TM2PSI3",
        "libEtape": "M2 Photonique signal imagerie (PSI)",
        "noElement": "TPH532",
        "libElement": "Laser, interaction laser-matière",
        "codeNatureElp": "MATI",
        "libNatureElp": "Matière",
        "codeCNU": "30",
        "libCNU": "Milieux dilués et optique",
        "codePeriode": "3",
        "libPeriode": "Enseignement du troisième semestre",
        "nbHeureCM": "17",
        "nbHeureTD": "8",
        "nbHeureTP": "3",
        "nbHeureCMTD": "0",
        "nbGroupeCM": "1",
        "nbGroupeTD": "1",
        "nbGroupeTP": "1",
        "nbGroupeCMTD": "0",
        "nbEtuInscritElpEtape": "16",
        "nbEtuInscritElpTotal": "16",
        "volumeHoraireElpPondereEtape": "36.5",
        "volumeHoraireElpTotal": "36.5",
        "nbEtuInscritPrevisionnelElpEtape": "12",
        "nbEtuInscritPrevisionnelElpTotal": "12",
        "nbEtape": "1"
    },
    {
        "annee": "2024",
        "codeStructureEtape": "AES",
        "libStructureEtape": "Faculté des Sciences",
        "codeEtape": "TM2PSI3",
        "libEtape": "M2 Photonique signal imagerie (PSI)",
        "noElement": "TPH541B",
        "libElement": "Stage d'alternance",
        "codeNatureElp": "STAG",
        "libNatureElp": "Stage",
        "codeCNU": null,
        "libCNU": null,
        "codePeriode": "4",
        "libPeriode": "Enseignement du quatrième semestre",
        "nbHeureCM": "0",
        "nbHeureTD": "12",
        "nbHeureTP": "0",
        "nbHeureCMTD": "0",
        "nbGroupeCM": "1",
        "nbGroupeTD": "1",
        "nbGroupeTP": "1",
        "nbGroupeCMTD": "0",
        "nbEtuInscritElpEtape": "1",
        "nbEtuInscritElpTotal": "1",
        "volumeHoraireElpPondereEtape": "12",
        "volumeHoraireElpTotal": "12",
        "nbEtuInscritPrevisionnelElpEtape": "0",
        "nbEtuInscritPrevisionnelElpTotal": "0",
        "nbEtape": "1"
    },
    {
        "annee": "2024",
        "codeStructureEtape": "AES",
        "libStructureEtape": "Faculté des Sciences",
        "codeEtape": "TM2PSI3",
        "libEtape": "M2 Photonique signal imagerie (PSI)",
        "noElement": "TPH539",
        "libElement": "Visionique, acquisition, visualisation des images",
        "codeNatureElp": "MATI",
        "libNatureElp": "Matière",
        "codeCNU": "63",
        "libCNU": "Génie électrique, électronique, photonique et systèmes",
        "codePeriode": "3",
        "libPeriode": "Enseignement du troisième semestre",
        "nbHeureCM": "17",
        "nbHeureTD": "8",
        "nbHeureTP": "4",
        "nbHeureCMTD": "0",
        "nbGroupeCM": "1",
        "nbGroupeTD": "1",
        "nbGroupeTP": "1",
        "nbGroupeCMTD": "0",
        "nbEtuInscritElpEtape": "15",
        "nbEtuInscritElpTotal": "15",
        "volumeHoraireElpPondereEtape": "37.5",
        "volumeHoraireElpTotal": "37.5",
        "nbEtuInscritPrevisionnelElpEtape": "12",
        "nbEtuInscritPrevisionnelElpTotal": "12",
        "nbEtape": "1"
    },
    {
        "annee": "2024",
        "codeStructureEtape": "AES",
        "libStructureEtape": "Faculté des Sciences",
        "codeEtape": "TM2PSI3",
        "libEtape": "M2 Photonique signal imagerie (PSI)",
        "noElement": "TPH538",
        "libElement": "Physique de l'imagerie",
        "codeNatureElp": "MATI",
        "libNatureElp": "Matière",
        "codeCNU": "63",
        "libCNU": "Génie électrique, électronique, photonique et systèmes",
        "codePeriode": "3",
        "libPeriode": "Enseignement du troisième semestre",
        "nbHeureCM": "17",
        "nbHeureTD": "8",
        "nbHeureTP": "8",
        "nbHeureCMTD": "0",
        "nbGroupeCM": "1",
        "nbGroupeTD": "1",
        "nbGroupeTP": "1",
        "nbGroupeCMTD": "0",
        "nbEtuInscritElpEtape": "15",
        "nbEtuInscritElpTotal": "15",
        "volumeHoraireElpPondereEtape": "41.5",
        "volumeHoraireElpTotal": "41.5",
        "nbEtuInscritPrevisionnelElpEtape": "12",
        "nbEtuInscritPrevisionnelElpTotal": "12",
        "nbEtape": "1"
    },
    {
        "annee": "2024",
        "codeStructureEtape": "AES",
        "libStructureEtape": "Faculté des Sciences",
        "codeEtape": "TM2PSI3",
        "libEtape": "M2 Photonique signal imagerie (PSI)",
        "noElement": "TPH536",
        "libElement": "Théorie de l'information",
        "codeNatureElp": "MATI",
        "libNatureElp": "Matière",
        "codeCNU": "61",
        "libCNU": "Génie informatique, automatique et traitement du signal",
        "codePeriode": "3",
        "libPeriode": "Enseignement du troisième semestre",
        "nbHeureCM": "17",
        "nbHeureTD": "8",
        "nbHeureTP": "4",
        "nbHeureCMTD": "0",
        "nbGroupeCM": "1",
        "nbGroupeTD": "1",
        "nbGroupeTP": "1",
        "nbGroupeCMTD": "0",
        "nbEtuInscritElpEtape": "15",
        "nbEtuInscritElpTotal": "15",
        "volumeHoraireElpPondereEtape": "37.5",
        "volumeHoraireElpTotal": "37.5",
        "nbEtuInscritPrevisionnelElpEtape": "12",
        "nbEtuInscritPrevisionnelElpTotal": "12",
        "nbEtape": "1"
    },
    {
        "annee": "2024",
        "codeStructureEtape": "AES",
        "libStructureEtape": "Faculté des Sciences",
        "codeEtape": "TM2PSI3",
        "libEtape": "M2 Photonique signal imagerie (PSI)",
        "noElement": "TPH53H",
        "libElement": "Projet / projet d'alternance",
        "codeNatureElp": "PRJ",
        "libNatureElp": "Projet",
        "codeCNU": null,
        "libCNU": null,
        "codePeriode": "3",
        "libPeriode": "Enseignement du troisième semestre",
        "nbHeureCM": "0",
        "nbHeureTD": "0",
        "nbHeureTP": "0",
        "nbHeureCMTD": "0",
        "nbGroupeCM": "1",
        "nbGroupeTD": "1",
        "nbGroupeTP": "1",
        "nbGroupeCMTD": "0",
        "nbEtuInscritElpEtape": "16",
        "nbEtuInscritElpTotal": "16",
        "volumeHoraireElpPondereEtape": "0",
        "volumeHoraireElpTotal": "0",
        "nbEtuInscritPrevisionnelElpEtape": "12",
        "nbEtuInscritPrevisionnelElpTotal": "12",
        "nbEtape": "1"
    },
    {
        "annee": "2024",
        "codeStructureEtape": "AES",
        "libStructureEtape": "Faculté des Sciences",
        "codeEtape": "TM2PSI3",
        "libEtape": "M2 Photonique signal imagerie (PSI)",
        "noElement": "TPH53A",
        "libElement": "Traitement numérique des images",
        "codeNatureElp": "MATI",
        "libNatureElp": "Matière",
        "codeCNU": "63",
        "libCNU": "Génie électrique, électronique, photonique et systèmes",
        "codePeriode": "3",
        "libPeriode": "Enseignement du troisième semestre",
        "nbHeureCM": "17",
        "nbHeureTD": "8",
        "nbHeureTP": "4",
        "nbHeureCMTD": "0",
        "nbGroupeCM": "1",
        "nbGroupeTD": "1",
        "nbGroupeTP": "1",
        "nbGroupeCMTD": "0",
        "nbEtuInscritElpEtape": "15",
        "nbEtuInscritElpTotal": "15",
        "volumeHoraireElpPondereEtape": "37.5",
        "volumeHoraireElpTotal": "37.5",
        "nbEtuInscritPrevisionnelElpEtape": "11",
        "nbEtuInscritPrevisionnelElpTotal": "11",
        "nbEtape": "1"
    },
    {
        "annee": "2024",
        "codeStructureEtape": "AES",
        "libStructureEtape": "Faculté des Sciences",
        "codeEtape": "TM2PSI3",
        "libEtape": "M2 Photonique signal imagerie (PSI)",
        "noElement": "TPH541A",
        "libElement": "Stage",
        "codeNatureElp": "STAG",
        "libNatureElp": "Stage",
        "codeCNU": null,
        "libCNU": null,
        "codePeriode": "4",
        "libPeriode": "Enseignement du quatrième semestre",
        "nbHeureCM": "0",
        "nbHeureTD": "4",
        "nbHeureTP": "0",
        "nbHeureCMTD": "0",
        "nbGroupeCM": "13",
        "nbGroupeTD": "13",
        "nbGroupeTP": "13",
        "nbGroupeCMTD": "0",
        "nbEtuInscritElpEtape": "0",
        "nbEtuInscritElpTotal": "0",
        "volumeHoraireElpPondereEtape": "0",
        "volumeHoraireElpTotal": "52",
        "nbEtuInscritPrevisionnelElpEtape": "13",
        "nbEtuInscritPrevisionnelElpTotal": "13",
        "nbEtape": "1"
    },
    {
        "annee": "2024",
        "codeStructureEtape": "AES",
        "libStructureEtape": "Faculté des Sciences",
        "codeEtape": "TM2PSI3",
        "libEtape": "M2 Photonique signal imagerie (PSI)",
        "noElement": "TPH537",
        "libElement": "Traitement optique du signal et holographie",
        "codeNatureElp": "MATI",
        "libNatureElp": "Matière",
        "codeCNU": "61",
        "libCNU": "Génie informatique, automatique et traitement du signal",
        "codePeriode": "3",
        "libPeriode": "Enseignement du troisième semestre",
        "nbHeureCM": "17",
        "nbHeureTD": "8",
        "nbHeureTP": "0",
        "nbHeureCMTD": "0",
        "nbGroupeCM": "1",
        "nbGroupeTD": "1",
        "nbGroupeTP": "0",
        "nbGroupeCMTD": "0",
        "nbEtuInscritElpEtape": "15",
        "nbEtuInscritElpTotal": "15",
        "volumeHoraireElpPondereEtape": "33.5",
        "volumeHoraireElpTotal": "33.5",
        "nbEtuInscritPrevisionnelElpEtape": "12",
        "nbEtuInscritPrevisionnelElpTotal": "12",
        "nbEtape": "1"
    }
]