[
    {
        "annee": "2024",
        "codeStructureEtape": "AES",
        "libStructureEtape": "Faculté des Sciences",
        "codeEtape": "TL3MAT13",
        "libEtape": "L3 Mathématiques",
        "noElement": "TMD355B",
        "libElement": "Anglais - semestre 5",
        "codeNatureElp": "MATI",
        "libNatureElp": "Matière",
        "codeCNU": null,
        "libCNU": null,
        "codePeriode": "5",
        "libPeriode": "Enseignement du cinquième semestre",
        "nbHeureCM": "7.67",
        "nbHeureTD": "10.67",
        "nbHeureTP": "0",
        "nbHeureCMTD": "0",
        "nbGroupeCM": "1",
        "nbGroupeTD": "2",
        "nbGroupeTP": "3",
        "nbGroupeCMTD": "0",
        "nbEtuInscritElpEtape": "58",
        "nbEtuInscritElpTotal": "58",
        "volumeHoraireElpPondereEtape": "32.85",
        "volumeHoraireElpTotal": "32.85",
        "nbEtuInscritPrevisionnelElpEtape": "55",
        "nbEtuInscritPrevisionnelElpTotal": "55",
        "nbEtape": "1"
    },
    {
        "annee": "2024",
        "codeStructureEtape": "AES",
        "libStructureEtape": "Faculté des Sciences",
        "codeEtape": "TL3MAT13",
        "libEtape": "L3 Mathématiques",
        "noElement": "TMD353",
        "libElement": "Calcul différentiel",
        "codeNatureElp": "MATI",
        "libNatureElp": "Matière",
        "codeCNU": null,
        "libCNU": null,
        "codePeriode": "5",
        "libPeriode": "Enseignement du cinquième semestre",
        "nbHeureCM": "23",
        "nbHeureTD": "32",
        "nbHeureTP": "0",
        "nbHeureCMTD": "0",
        "nbGroupeCM": "2",
        "nbGroupeTD": "2",
        "nbGroupeTP": "4",
        "nbGroupeCMTD": "0",
        "nbEtuInscritElpEtape": "64",
        "nbEtuInscritElpTotal": "64",
        "volumeHoraireElpPondereEtape": "133",
        "volumeHoraireElpTotal": "133",
        "nbEtuInscritPrevisionnelElpEtape": "60",
        "nbEtuInscritPrevisionnelElpTotal": "60",
        "nbEtape": "1"
    },
    {
        "annee": "2024",
        "codeStructureEtape": "AES",
        "libStructureEtape": "Faculté des Sciences",
        "codeEtape": "TL3MAT13",
        "libEtape": "L3 Mathématiques",
        "noElement": "TMD365B",
        "libElement": "Anglais - semestre 6",
        "codeNatureElp": "MATI",
        "libNatureElp": "Matière",
        "codeCNU": null,
        "libCNU": null,
        "codePeriode": "6",
        "libPeriode": "Enseignement du sixième semestre",
        "nbHeureCM": "7.67",
        "nbHeureTD": "10.67",
        "nbHeureTP": "0",
        "nbHeureCMTD": "0",
        "nbGroupeCM": "1",
        "nbGroupeTD": "2",
        "nbGroupeTP": "3",
        "nbGroupeCMTD": "0",
        "nbEtuInscritElpEtape": "59",
        "nbEtuInscritElpTotal": "59",
        "volumeHoraireElpPondereEtape": "32.85",
        "volumeHoraireElpTotal": "32.85",
        "nbEtuInscritPrevisionnelElpEtape": "57",
        "nbEtuInscritPrevisionnelElpTotal": "57",
        "nbEtape": "1"
    },
    {
        "annee": "2024",
        "codeStructureEtape": "AES",
        "libStructureEtape": "Faculté des Sciences",
        "codeEtape": "TL3MAT13",
        "libEtape": "L3 Mathématiques",
        "noElement": "TMD365A",
        "libElement": "Équations différentielles",
        "codeNatureElp": "MATI",
        "libNatureElp": "Matière",
        "codeCNU": null,
        "libCNU": null,
        "codePeriode": "6",
        "libPeriode": "Enseignement du sixième semestre",
        "nbHeureCM": "15.33",
        "nbHeureTD": "21.33",
        "nbHeureTP": "0",
        "nbHeureCMTD": "0",
        "nbGroupeCM": "1",
        "nbGroupeTD": "2",
        "nbGroupeTP": "3",
        "nbGroupeCMTD": "0",
        "nbEtuInscritElpEtape": "56",
        "nbEtuInscritElpTotal": "56",
        "volumeHoraireElpPondereEtape": "65.66",
        "volumeHoraireElpTotal": "65.66",
        "nbEtuInscritPrevisionnelElpEtape": "59",
        "nbEtuInscritPrevisionnelElpTotal": "59",
        "nbEtape": "1"
    },
    {
        "annee": "2024",
        "codeStructureEtape": "AES",
        "libStructureEtape": "Faculté des Sciences",
        "codeEtape": "TL3MAT13",
        "libEtape": "L3 Mathématiques",
        "noElement": "TMD352",
        "libElement": "Intégration",
        "codeNatureElp": "MATI",
        "libNatureElp": "Matière",
        "codeCNU": null,
        "libCNU": null,
        "codePeriode": "5",
        "libPeriode": "Enseignement du cinquième semestre",
        "nbHeureCM": "23",
        "nbHeureTD": "32",
        "nbHeureTP": "0",
        "nbHeureCMTD": "0",
        "nbGroupeCM": "2",
        "nbGroupeTD": "2",
        "nbGroupeTP": "4",
        "nbGroupeCMTD": "0",
        "nbEtuInscritElpEtape": "61",
        "nbEtuInscritElpTotal": "61",
        "volumeHoraireElpPondereEtape": "133",
        "volumeHoraireElpTotal": "133",
        "nbEtuInscritPrevisionnelElpEtape": "61",
        "nbEtuInscritPrevisionnelElpTotal": "61",
        "nbEtape": "1"
    },
    {
        "annee": "2024",
        "codeStructureEtape": "AES",
        "libStructureEtape": "Faculté des Sciences",
        "codeEtape": "TL3MAT13",
        "libEtape": "L3 Mathématiques",
        "noElement": "TMD363",
        "libElement": "Anneaux",
        "codeNatureElp": "MATI",
        "libNatureElp": "Matière",
        "codeCNU": null,
        "libCNU": null,
        "codePeriode": "6",
        "libPeriode": "Enseignement du sixième semestre",
        "nbHeureCM": "23",
        "nbHeureTD": "32",
        "nbHeureTP": "0",
        "nbHeureCMTD": "0",
        "nbGroupeCM": "2",
        "nbGroupeTD": "2",
        "nbGroupeTP": "4",
        "nbGroupeCMTD": "0",
        "nbEtuInscritElpEtape": "64",
        "nbEtuInscritElpTotal": "64",
        "volumeHoraireElpPondereEtape": "133",
        "volumeHoraireElpTotal": "133",
        "nbEtuInscritPrevisionnelElpEtape": "59",
        "nbEtuInscritPrevisionnelElpTotal": "59",
        "nbEtape": "1"
    },
    {
        "annee": "2024",
        "codeStructureEtape": "AES",
        "libStructureEtape": "Faculté des Sciences",
        "codeEtape": "TL3MAT13",
        "libEtape": "L3 Mathématiques",
        "noElement": "TMD361",
        "libElement": "Analyse complexe",
        "codeNatureElp": "MATI",
        "libNatureElp": "Matière",
        "codeCNU": null,
        "libCNU": null,
        "codePeriode": "6",
        "libPeriode": "Enseignement du sixième semestre",
        "nbHeureCM": "23",
        "nbHeureTD": "32",
        "nbHeureTP": "0",
        "nbHeureCMTD": "0",
        "nbGroupeCM": "2",
        "nbGroupeTD": "2",
        "nbGroupeTP": "4",
        "nbGroupeCMTD": "0",
        "nbEtuInscritElpEtape": "67",
        "nbEtuInscritElpTotal": "67",
        "volumeHoraireElpPondereEtape": "133",
        "volumeHoraireElpTotal": "133",
        "nbEtuInscritPrevisionnelElpEtape": "64",
        "nbEtuInscritPrevisionnelElpTotal": "64",
        "nbEtape": "1"
    },
    {
        "annee": "2024",
        "codeStructureEtape": "AES",
        "libStructureEtape": "Faculté des Sciences",
        "codeEtape": "TL3MAT13",
        "libEtape": "L3 Mathématiques",
        "noElement": "TMD362",
        "libElement": "Probabilités",
        "codeNatureElp": "MATI",
        "libNatureElp": "Matière",
        "codeCNU": null,
        "libCNU": null,
        "codePeriode": "6",
        "libPeriode": "Enseignement du sixième semestre",
        "nbHeureCM": "23",
        "nbHeureTD": "32",
        "nbHeureTP": "0",
        "nbHeureCMTD": "0",
        "nbGroupeCM": "2",
        "nbGroupeTD": "2",
        "nbGroupeTP": "4",
        "nbGroupeCMTD": "0",
        "nbEtuInscritElpEtape": "67",
        "nbEtuInscritElpTotal": "67",
        "volumeHoraireElpPondereEtape": "133",
        "volumeHoraireElpTotal": "133",
        "nbEtuInscritPrevisionnelElpEtape": "65",
        "nbEtuInscritPrevisionnelElpTotal": "65",
        "nbEtape": "1"
    },
    {
        "annee": "2024",
        "codeStructureEtape": "AES",
        "libStructureEtape": "Faculté des Sciences",
        "codeEtape": "TL3MAT13",
        "libEtape": "L3 Mathématiques",
        "noElement": "TMD355A",
        "libElement": "Algèbre",
        "codeNatureElp": "MATI",
        "libNatureElp": "Matière",
        "codeCNU": null,
        "libCNU": null,
        "codePeriode": "5",
        "libPeriode": "Enseignement du cinquième semestre",
        "nbHeureCM": "15.33",
        "nbHeureTD": "21.33",
        "nbHeureTP": "0",
        "nbHeureCMTD": "0",
        "nbGroupeCM": "2",
        "nbGroupeTD": "2",
        "nbGroupeTP": "4",
        "nbGroupeCMTD": "0",
        "nbEtuInscritElpEtape": "63",
        "nbEtuInscritElpTotal": "63",
        "volumeHoraireElpPondereEtape": "88.65",
        "volumeHoraireElpTotal": "88.65",
        "nbEtuInscritPrevisionnelElpEtape": "58",
        "nbEtuInscritPrevisionnelElpTotal": "58",
        "nbEtape": "1"
    },
    {
        "annee": "2024",
        "codeStructureEtape": "AES",
        "libStructureEtape": "Faculté des Sciences",
        "codeEtape": "TL3MAT13",
        "libEtape": "L3 Mathématiques",
        "noElement": "TMD354",
        "libElement": "Groupes",
        "codeNatureElp": "MATI",
        "libNatureElp": "Matière",
        "codeCNU": null,
        "libCNU": null,
        "codePeriode": "5",
        "libPeriode": "Enseignement du cinquième semestre",
        "nbHeureCM": "23",
        "nbHeureTD": "32",
        "nbHeureTP": "0",
        "nbHeureCMTD": "0",
        "nbGroupeCM": "1",
        "nbGroupeTD": "2",
        "nbGroupeTP": "3",
        "nbGroupeCMTD": "0",
        "nbEtuInscritElpEtape": "57",
        "nbEtuInscritElpTotal": "57",
        "volumeHoraireElpPondereEtape": "98.5",
        "volumeHoraireElpTotal": "98.5",
        "nbEtuInscritPrevisionnelElpEtape": "55",
        "nbEtuInscritPrevisionnelElpTotal": "55",
        "nbEtape": "1"
    },
    {
        "annee": "2024",
        "codeStructureEtape": "AES",
        "libStructureEtape": "Faculté des Sciences",
        "codeEtape": "TL3MAT13",
        "libEtape": "L3 Mathématiques",
        "noElement": "TMD364",
        "libElement": "Géométrie",
        "codeNatureElp": "MATI",
        "libNatureElp": "Matière",
        "codeCNU": null,
        "libCNU": null,
        "codePeriode": "6",
        "libPeriode": "Enseignement du sixième semestre",
        "nbHeureCM": "23",
        "nbHeureTD": "32",
        "nbHeureTP": "0",
        "nbHeureCMTD": "0",
        "nbGroupeCM": "2",
        "nbGroupeTD": "2",
        "nbGroupeTP": "4",
        "nbGroupeCMTD": "0",
        "nbEtuInscritElpEtape": "66",
        "nbEtuInscritElpTotal": "66",
        "volumeHoraireElpPondereEtape": "133",
        "volumeHoraireElpTotal": "133",
        "nbEtuInscritPrevisionnelElpEtape": "62",
        "nbEtuInscritPrevisionnelElpTotal": "62",
        "nbEtape": "1"
    },
    {
        "annee": "2024",
        "codeStructureEtape": "AES",
        "libStructureEtape": "Faculté des Sciences",
        "codeEtape": "TL3MAT13",
        "libEtape": "L3 Mathématiques",
        "noElement": "TMD351",
        "libElement": "Topologie",
        "codeNatureElp": "MATI",
        "libNatureElp": "Matière",
        "codeCNU": null,
        "libCNU": null,
        "codePeriode": "5",
        "libPeriode": "Enseignement du cinquième semestre",
        "nbHeureCM": "23",
        "nbHeureTD": "32",
        "nbHeureTP": "0",
        "nbHeureCMTD": "0",
        "nbGroupeCM": "1",
        "nbGroupeTD": "2",
        "nbGroupeTP": "3",
        "nbGroupeCMTD": "0",
        "nbEtuInscritElpEtape": "59",
        "nbEtuInscritElpTotal": "59",
        "volumeHoraireElpPondereEtape": "98.5",
        "volumeHoraireElpTotal": "98.5",
        "nbEtuInscritPrevisionnelElpEtape": "62",
        "nbEtuInscritPrevisionnelElpTotal": "62",
        "nbEtape": "1"
    }
]