[
    {
        "annee": "2024",
        "codeStructureEtape": "AES",
        "libStructureEtape": "Faculté des Sciences",
        "codeEtape": "TLPMI1",
        "libEtape": "LP Métiers de l'informatique : applications web",
        "noElement": "TMIP15",
        "libElement": "Bases du développement web",
        "codeNatureElp": "MATI",
        "libNatureElp": "Matière",
        "codeCNU": "27",
        "libCNU": "Informatique",
        "codePeriode": "AN",
        "libPeriode": "Enseignement toute l'année",
        "nbHeureCM": "15",
        "nbHeureTD": "5",
        "nbHeureTP": "25",
        "nbHeureCMTD": "0",
        "nbGroupeCM": "1",
        "nbGroupeTD": "1",
        "nbGroupeTP": "1",
        "nbGroupeCMTD": "0",
        "nbEtuInscritElpEtape": "19",
        "nbEtuInscritElpTotal": "19",
        "volumeHoraireElpPondereEtape": "52.5",
        "volumeHoraireElpTotal": "52.5",
        "nbEtuInscritPrevisionnelElpEtape": "18",
        "nbEtuInscritPrevisionnelElpTotal": "18",
        "nbEtape": "1"
    },
    {
        "annee": "2024",
        "codeStructureEtape": "AES",
        "libStructureEtape": "Faculté des Sciences",
        "codeEtape": "TLPMI1",
        "libEtape": "LP Métiers de l'informatique : applications web",
        "noElement": "TMIP11",
        "libElement": "Algorithmique & programmation objet",
        "codeNatureElp": "MATI",
        "libNatureElp": "Matière",
        "codeCNU": "27",
        "libCNU": "Informatique",
        "codePeriode": "AN",
        "libPeriode": "Enseignement toute l'année",
        "nbHeureCM": "27",
        "nbHeureTD": "30",
        "nbHeureTP": "20",
        "nbHeureCMTD": "0",
        "nbGroupeCM": "1",
        "nbGroupeTD": "1",
        "nbGroupeTP": "1",
        "nbGroupeCMTD": "0",
        "nbEtuInscritElpEtape": "19",
        "nbEtuInscritElpTotal": "19",
        "volumeHoraireElpPondereEtape": "90.5",
        "volumeHoraireElpTotal": "90.5",
        "nbEtuInscritPrevisionnelElpEtape": "18",
        "nbEtuInscritPrevisionnelElpTotal": "18",
        "nbEtape": "1"
    },
    {
        "annee": "2024",
        "codeStructureEtape": "AES",
        "libStructureEtape": "Faculté des Sciences",
        "codeEtape": "TLPMI1",
        "libEtape": "LP Métiers de l'informatique : applications web",
        "noElement": "TMIP14",
        "libElement": "Conception des SI & bases de données",
        "codeNatureElp": "MATI",
        "libNatureElp": "Matière",
        "codeCNU": "27",
        "libCNU": "Informatique",
        "codePeriode": "AN",
        "libPeriode": "Enseignement toute l'année",
        "nbHeureCM": "27",
        "nbHeureTD": "18",
        "nbHeureTP": "20",
        "nbHeureCMTD": "0",
        "nbGroupeCM": "1",
        "nbGroupeTD": "1",
        "nbGroupeTP": "1",
        "nbGroupeCMTD": "0",
        "nbEtuInscritElpEtape": "19",
        "nbEtuInscritElpTotal": "19",
        "volumeHoraireElpPondereEtape": "78.5",
        "volumeHoraireElpTotal": "78.5",
        "nbEtuInscritPrevisionnelElpEtape": "18",
        "nbEtuInscritPrevisionnelElpTotal": "18",
        "nbEtape": "1"
    },
    {
        "annee": "2024",
        "codeStructureEtape": "AES",
        "libStructureEtape": "Faculté des Sciences",
        "codeEtape": "TLPMI1",
        "libEtape": "LP Métiers de l'informatique : applications web",
        "noElement": "TMIP12",
        "libElement": "Systèmes & réseaux",
        "codeNatureElp": "MATI",
        "libNatureElp": "Matière",
        "codeCNU": "27",
        "libCNU": "Informatique",
        "codePeriode": "AN",
        "libPeriode": "Enseignement toute l'année",
        "nbHeureCM": "20",
        "nbHeureTD": "4",
        "nbHeureTP": "48",
        "nbHeureCMTD": "0",
        "nbGroupeCM": "1",
        "nbGroupeTD": "1",
        "nbGroupeTP": "1",
        "nbGroupeCMTD": "0",
        "nbEtuInscritElpEtape": "19",
        "nbEtuInscritElpTotal": "19",
        "volumeHoraireElpPondereEtape": "82",
        "volumeHoraireElpTotal": "82",
        "nbEtuInscritPrevisionnelElpEtape": "18",
        "nbEtuInscritPrevisionnelElpTotal": "18",
        "nbEtape": "1"
    },
    {
        "annee": "2024",
        "codeStructureEtape": "AES",
        "libStructureEtape": "Faculté des Sciences",
        "codeEtape": "TLPMI1",
        "libEtape": "LP Métiers de l'informatique : applications web",
        "noElement": "TMIP17",
        "libElement": "Communication & environnement professionnel",
        "codeNatureElp": "MATI",
        "libNatureElp": "Matière",
        "codeCNU": "27",
        "libCNU": "Informatique",
        "codePeriode": "AN",
        "libPeriode": "Enseignement toute l'année",
        "nbHeureCM": "35",
        "nbHeureTD": "15",
        "nbHeureTP": "0",
        "nbHeureCMTD": "0",
        "nbGroupeCM": "1",
        "nbGroupeTD": "1",
        "nbGroupeTP": "1",
        "nbGroupeCMTD": "0",
        "nbEtuInscritElpEtape": "19",
        "nbEtuInscritElpTotal": "19",
        "volumeHoraireElpPondereEtape": "67.5",
        "volumeHoraireElpTotal": "67.5",
        "nbEtuInscritPrevisionnelElpEtape": "18",
        "nbEtuInscritPrevisionnelElpTotal": "18",
        "nbEtape": "1"
    },
    {
        "annee": "2024",
        "codeStructureEtape": "AES",
        "libStructureEtape": "Faculté des Sciences",
        "codeEtape": "TLPMI1",
        "libEtape": "LP Métiers de l'informatique : applications web",
        "noElement": "TMIP18",
        "libElement": "Projet(s) tuteuré(s)",
        "codeNatureElp": "PRJ",
        "libNatureElp": "Projet",
        "codeCNU": null,
        "libCNU": null,
        "codePeriode": "AN",
        "libPeriode": "Enseignement toute l'année",
        "nbHeureCM": "0",
        "nbHeureTD": "2",
        "nbHeureTP": "0",
        "nbHeureCMTD": "0",
        "nbGroupeCM": "19",
        "nbGroupeTD": "19",
        "nbGroupeTP": "19",
        "nbGroupeCMTD": "0",
        "nbEtuInscritElpEtape": "19",
        "nbEtuInscritElpTotal": "19",
        "volumeHoraireElpPondereEtape": "38",
        "volumeHoraireElpTotal": "38",
        "nbEtuInscritPrevisionnelElpEtape": "18",
        "nbEtuInscritPrevisionnelElpTotal": "18",
        "nbEtape": "1"
    },
    {
        "annee": "2024",
        "codeStructureEtape": "AES",
        "libStructureEtape": "Faculté des Sciences",
        "codeEtape": "TLPMI1",
        "libEtape": "LP Métiers de l'informatique : applications web",
        "noElement": "TMIP13",
        "libElement": "Outils DevOPS",
        "codeNatureElp": "MATI",
        "libNatureElp": "Matière",
        "codeCNU": "27",
        "libCNU": "Informatique",
        "codePeriode": "AN",
        "libPeriode": "Enseignement toute l'année",
        "nbHeureCM": "15",
        "nbHeureTD": "8",
        "nbHeureTP": "43",
        "nbHeureCMTD": "0",
        "nbGroupeCM": "1",
        "nbGroupeTD": "1",
        "nbGroupeTP": "1",
        "nbGroupeCMTD": "0",
        "nbEtuInscritElpEtape": "19",
        "nbEtuInscritElpTotal": "19",
        "volumeHoraireElpPondereEtape": "73.5",
        "volumeHoraireElpTotal": "73.5",
        "nbEtuInscritPrevisionnelElpEtape": "18",
        "nbEtuInscritPrevisionnelElpTotal": "18",
        "nbEtape": "1"
    },
    {
        "annee": "2024",
        "codeStructureEtape": "AES",
        "libStructureEtape": "Faculté des Sciences",
        "codeEtape": "TLPMI1",
        "libEtape": "LP Métiers de l'informatique : applications web",
        "noElement": "TMIP19A",
        "libElement": "Stage",
        "codeNatureElp": "STAG",
        "libNatureElp": "Stage",
        "codeCNU": null,
        "libCNU": null,
        "codePeriode": "AN",
        "libPeriode": "Enseignement toute l'année",
        "nbHeureCM": "0",
        "nbHeureTD": "3",
        "nbHeureTP": "0",
        "nbHeureCMTD": "0",
        "nbGroupeCM": "0",
        "nbGroupeTD": "15",
        "nbGroupeTP": "0",
        "nbGroupeCMTD": "0",
        "nbEtuInscritElpEtape": "15",
        "nbEtuInscritElpTotal": "15",
        "volumeHoraireElpPondereEtape": "45",
        "volumeHoraireElpTotal": "45",
        "nbEtuInscritPrevisionnelElpEtape": "14",
        "nbEtuInscritPrevisionnelElpTotal": "14",
        "nbEtape": "1"
    },
    {
        "annee": "2024",
        "codeStructureEtape": "AES",
        "libStructureEtape": "Faculté des Sciences",
        "codeEtape": "TLPMI1",
        "libEtape": "LP Métiers de l'informatique : applications web",
        "noElement": "TMIP19B",
        "libElement": "Alternance",
        "codeNatureElp": "STAG",
        "libNatureElp": "Stage",
        "codeCNU": null,
        "libCNU": null,
        "codePeriode": "AN",
        "libPeriode": "Enseignement toute l'année",
        "nbHeureCM": "0",
        "nbHeureTD": "12",
        "nbHeureTP": "0",
        "nbHeureCMTD": "0",
        "nbGroupeCM": "0",
        "nbGroupeTD": "4",
        "nbGroupeTP": "0",
        "nbGroupeCMTD": "0",
        "nbEtuInscritElpEtape": "4",
        "nbEtuInscritElpTotal": "4",
        "volumeHoraireElpPondereEtape": "48",
        "volumeHoraireElpTotal": "48",
        "nbEtuInscritPrevisionnelElpEtape": "4",
        "nbEtuInscritPrevisionnelElpTotal": "4",
        "nbEtape": "1"
    },
    {
        "annee": "2024",
        "codeStructureEtape": "AES",
        "libStructureEtape": "Faculté des Sciences",
        "codeEtape": "TLPMI1",
        "libEtape": "LP Métiers de l'informatique : applications web",
        "noElement": "TMIP16",
        "libElement": "Développement web avancé",
        "codeNatureElp": "MATI",
        "libNatureElp": "Matière",
        "codeCNU": "27",
        "libCNU": "Informatique",
        "codePeriode": "AN",
        "libPeriode": "Enseignement toute l'année",
        "nbHeureCM": "24",
        "nbHeureTD": "8",
        "nbHeureTP": "43",
        "nbHeureCMTD": "0",
        "nbGroupeCM": "1",
        "nbGroupeTD": "1",
        "nbGroupeTP": "1",
        "nbGroupeCMTD": "0",
        "nbEtuInscritElpEtape": "19",
        "nbEtuInscritElpTotal": "19",
        "volumeHoraireElpPondereEtape": "87",
        "volumeHoraireElpTotal": "87",
        "nbEtuInscritPrevisionnelElpEtape": "18",
        "nbEtuInscritPrevisionnelElpTotal": "18",
        "nbEtape": "1"
    }
]