[
    {
        "annee": "2024",
        "codeStructureEtape": "AES",
        "libStructureEtape": "Faculté des Sciences",
        "codeEtape": "TM1MFA3",
        "libEtape": "M1 Maths appli / Mathématiques fondamentales et appliquées",
        "noElement": "TMA424B",
        "libElement": "Analyse complexe",
        "codeNatureElp": "MATI",
        "libNatureElp": "Matière",
        "codeCNU": "25",
        "libCNU": "Mathématiques",
        "codePeriode": "2",
        "libPeriode": "Enseignement du second semestre",
        "nbHeureCM": "27",
        "nbHeureTD": "27",
        "nbHeureTP": "0",
        "nbHeureCMTD": "0",
        "nbGroupeCM": "1",
        "nbGroupeTD": "1",
        "nbGroupeTP": "1",
        "nbGroupeCMTD": "0",
        "nbEtuInscritElpEtape": "7",
        "nbEtuInscritElpTotal": "7",
        "volumeHoraireElpPondereEtape": "67.5",
        "volumeHoraireElpTotal": "67.5",
        "nbEtuInscritPrevisionnelElpEtape": "5",
        "nbEtuInscritPrevisionnelElpTotal": "5",
        "nbEtape": "1"
    },
    {
        "annee": "2024",
        "codeStructureEtape": "AES",
        "libStructureEtape": "Faculté des Sciences",
        "codeEtape": "TM1MFA3",
        "libEtape": "M1 Maths appli / Mathématiques fondamentales et appliquées",
        "noElement": "TMA41XX",
        "libElement": "Analyse numérique matricielle",
        "codeNatureElp": "MATI",
        "libNatureElp": "Matière",
        "codeCNU": "26",
        "libCNU": "Mathématiques appliquées et applications des mathématiques",
        "codePeriode": "1",
        "libPeriode": "Enseignement du premier semestre",
        "nbHeureCM": "16",
        "nbHeureTD": "12",
        "nbHeureTP": "12",
        "nbHeureCMTD": "0",
        "nbGroupeCM": "1",
        "nbGroupeTD": "1",
        "nbGroupeTP": "1",
        "nbGroupeCMTD": "0",
        "nbEtuInscritElpEtape": "6",
        "nbEtuInscritElpTotal": "20",
        "volumeHoraireElpPondereEtape": "14.4",
        "volumeHoraireElpTotal": "48",
        "nbEtuInscritPrevisionnelElpEtape": "28",
        "nbEtuInscritPrevisionnelElpTotal": "5",
        "nbEtape": "2"
    },
    {
        "annee": "2024",
        "codeStructureEtape": "AES",
        "libStructureEtape": "Faculté des Sciences",
        "codeEtape": "TM1MFA3",
        "libEtape": "M1 Maths appli / Mathématiques fondamentales et appliquées",
        "noElement": "TMA411B",
        "libElement": "Analyse hilbertienne",
        "codeNatureElp": "MATI",
        "libNatureElp": "Matière",
        "codeCNU": "25",
        "libCNU": "Mathématiques",
        "codePeriode": "1",
        "libPeriode": "Enseignement du premier semestre",
        "nbHeureCM": "27",
        "nbHeureTD": "27",
        "nbHeureTP": "0",
        "nbHeureCMTD": "0",
        "nbGroupeCM": "1",
        "nbGroupeTD": "1",
        "nbGroupeTP": "1",
        "nbGroupeCMTD": "0",
        "nbEtuInscritElpEtape": "6",
        "nbEtuInscritElpTotal": "6",
        "volumeHoraireElpPondereEtape": "67.5",
        "volumeHoraireElpTotal": "67.5",
        "nbEtuInscritPrevisionnelElpEtape": "5",
        "nbEtuInscritPrevisionnelElpTotal": "5",
        "nbEtape": "1"
    },
    {
        "annee": "2024",
        "codeStructureEtape": "AES",
        "libStructureEtape": "Faculté des Sciences",
        "codeEtape": "TM1MFA3",
        "libEtape": "M1 Maths appli / Mathématiques fondamentales et appliquées",
        "noElement": "TMA423B1",
        "libElement": "Groupes de matrices",
        "codeNatureElp": "MATI",
        "libNatureElp": "Matière",
        "codeCNU": "25",
        "libCNU": "Mathématiques",
        "codePeriode": "2",
        "libPeriode": "Enseignement du second semestre",
        "nbHeureCM": "13.5",
        "nbHeureTD": "13.5",
        "nbHeureTP": "0",
        "nbHeureCMTD": "0",
        "nbGroupeCM": "1",
        "nbGroupeTD": "1",
        "nbGroupeTP": "1",
        "nbGroupeCMTD": "0",
        "nbEtuInscritElpEtape": "7",
        "nbEtuInscritElpTotal": "7",
        "volumeHoraireElpPondereEtape": "33.75",
        "volumeHoraireElpTotal": "33.75",
        "nbEtuInscritPrevisionnelElpEtape": "6",
        "nbEtuInscritPrevisionnelElpTotal": "6",
        "nbEtape": "1"
    },
    {
        "annee": "2024",
        "codeStructureEtape": "AES",
        "libStructureEtape": "Faculté des Sciences",
        "codeEtape": "TM1MFA3",
        "libEtape": "M1 Maths appli / Mathématiques fondamentales et appliquées",
        "noElement": "TMA412B",
        "libElement": "Corps et extensions de corps",
        "codeNatureElp": "MATI",
        "libNatureElp": "Matière",
        "codeCNU": "25",
        "libCNU": "Mathématiques",
        "codePeriode": "1",
        "libPeriode": "Enseignement du premier semestre",
        "nbHeureCM": "27",
        "nbHeureTD": "27",
        "nbHeureTP": "0",
        "nbHeureCMTD": "0",
        "nbGroupeCM": "1",
        "nbGroupeTD": "1",
        "nbGroupeTP": "1",
        "nbGroupeCMTD": "0",
        "nbEtuInscritElpEtape": "6",
        "nbEtuInscritElpTotal": "6",
        "volumeHoraireElpPondereEtape": "67.5",
        "volumeHoraireElpTotal": "67.5",
        "nbEtuInscritPrevisionnelElpEtape": "5",
        "nbEtuInscritPrevisionnelElpTotal": "5",
        "nbEtape": "1"
    },
    {
        "annee": "2024",
        "codeStructureEtape": "AES",
        "libStructureEtape": "Faculté des Sciences",
        "codeEtape": "TM1MFA3",
        "libEtape": "M1 Maths appli / Mathématiques fondamentales et appliquées",
        "noElement": "TMA422B",
        "libElement": "Analyse fonctionnelle",
        "codeNatureElp": "MATI",
        "libNatureElp": "Matière",
        "codeCNU": "25",
        "libCNU": "Mathématiques",
        "codePeriode": "2",
        "libPeriode": "Enseignement du second semestre",
        "nbHeureCM": "27",
        "nbHeureTD": "27",
        "nbHeureTP": "0",
        "nbHeureCMTD": "0",
        "nbGroupeCM": "1",
        "nbGroupeTD": "1",
        "nbGroupeTP": "1",
        "nbGroupeCMTD": "0",
        "nbEtuInscritElpEtape": "7",
        "nbEtuInscritElpTotal": "7",
        "volumeHoraireElpPondereEtape": "67.5",
        "volumeHoraireElpTotal": "67.5",
        "nbEtuInscritPrevisionnelElpEtape": "6",
        "nbEtuInscritPrevisionnelElpTotal": "6",
        "nbEtape": "1"
    },
    {
        "annee": "2024",
        "codeStructureEtape": "AES",
        "libStructureEtape": "Faculté des Sciences",
        "codeEtape": "TM1MFA3",
        "libEtape": "M1 Maths appli / Mathématiques fondamentales et appliquées",
        "noElement": "TMA421B",
        "libElement": "Probabilités",
        "codeNatureElp": "MATI",
        "libNatureElp": "Matière",
        "codeCNU": "25",
        "libCNU": "Mathématiques",
        "codePeriode": "2",
        "libPeriode": "Enseignement du second semestre",
        "nbHeureCM": "27",
        "nbHeureTD": "27",
        "nbHeureTP": "0",
        "nbHeureCMTD": "0",
        "nbGroupeCM": "1",
        "nbGroupeTD": "1",
        "nbGroupeTP": "1",
        "nbGroupeCMTD": "0",
        "nbEtuInscritElpEtape": "7",
        "nbEtuInscritElpTotal": "7",
        "volumeHoraireElpPondereEtape": "67.5",
        "volumeHoraireElpTotal": "67.5",
        "nbEtuInscritPrevisionnelElpEtape": "6",
        "nbEtuInscritPrevisionnelElpTotal": "6",
        "nbEtape": "1"
    },
    {
        "annee": "2024",
        "codeStructureEtape": "AES",
        "libStructureEtape": "Faculté des Sciences",
        "codeEtape": "TM1MFA3",
        "libEtape": "M1 Maths appli / Mathématiques fondamentales et appliquées",
        "noElement": "TMA416B",
        "libElement": "Histoire des mathématiques",
        "codeNatureElp": "MATI",
        "libNatureElp": "Matière",
        "codeCNU": "72",
        "libCNU": "Epistémologie, histoire des sciences et des techniques",
        "codePeriode": "1",
        "libPeriode": "Enseignement du premier semestre",
        "nbHeureCM": "12",
        "nbHeureTD": "12",
        "nbHeureTP": "0",
        "nbHeureCMTD": "0",
        "nbGroupeCM": "1",
        "nbGroupeTD": "1",
        "nbGroupeTP": "1",
        "nbGroupeCMTD": "0",
        "nbEtuInscritElpEtape": "6",
        "nbEtuInscritElpTotal": "6",
        "volumeHoraireElpPondereEtape": "30",
        "volumeHoraireElpTotal": "30",
        "nbEtuInscritPrevisionnelElpEtape": "5",
        "nbEtuInscritPrevisionnelElpTotal": "5",
        "nbEtape": "1"
    },
    {
        "annee": "2024",
        "codeStructureEtape": "AES",
        "libStructureEtape": "Faculté des Sciences",
        "codeEtape": "TM1MFA3",
        "libEtape": "M1 Maths appli / Mathématiques fondamentales et appliquées",
        "noElement": "TMA423B2",
        "libElement": "Représentations des groupes finis",
        "codeNatureElp": "MATI",
        "libNatureElp": "Matière",
        "codeCNU": "25",
        "libCNU": "Mathématiques",
        "codePeriode": "2",
        "libPeriode": "Enseignement du second semestre",
        "nbHeureCM": "13.5",
        "nbHeureTD": "13.5",
        "nbHeureTP": "0",
        "nbHeureCMTD": "0",
        "nbGroupeCM": "1",
        "nbGroupeTD": "1",
        "nbGroupeTP": "1",
        "nbGroupeCMTD": "0",
        "nbEtuInscritElpEtape": "7",
        "nbEtuInscritElpTotal": "7",
        "volumeHoraireElpPondereEtape": "33.75",
        "volumeHoraireElpTotal": "33.75",
        "nbEtuInscritPrevisionnelElpEtape": "6",
        "nbEtuInscritPrevisionnelElpTotal": "6",
        "nbEtape": "1"
    },
    {
        "annee": "2024",
        "codeStructureEtape": "AES",
        "libStructureEtape": "Faculté des Sciences",
        "codeEtape": "TM1MFA3",
        "libEtape": "M1 Maths appli / Mathématiques fondamentales et appliquées",
        "noElement": "TMA413B",
        "libElement": "Sous-variétés, courbes et surfaces",
        "codeNatureElp": "MATI",
        "libNatureElp": "Matière",
        "codeCNU": "25",
        "libCNU": "Mathématiques",
        "codePeriode": "1",
        "libPeriode": "Enseignement du premier semestre",
        "nbHeureCM": "27",
        "nbHeureTD": "27",
        "nbHeureTP": "0",
        "nbHeureCMTD": "0",
        "nbGroupeCM": "1",
        "nbGroupeTD": "1",
        "nbGroupeTP": "1",
        "nbGroupeCMTD": "0",
        "nbEtuInscritElpEtape": "6",
        "nbEtuInscritElpTotal": "6",
        "volumeHoraireElpPondereEtape": "67.5",
        "volumeHoraireElpTotal": "67.5",
        "nbEtuInscritPrevisionnelElpEtape": "5",
        "nbEtuInscritPrevisionnelElpTotal": "5",
        "nbEtape": "1"
    },
    {
        "annee": "2024",
        "codeStructureEtape": "AES",
        "libStructureEtape": "Faculté des Sciences",
        "codeEtape": "TM1MFA3",
        "libEtape": "M1 Maths appli / Mathématiques fondamentales et appliquées",
        "noElement": "TMA41XY",
        "libElement": "Optimisation non linéaire",
        "codeNatureElp": "MATI",
        "libNatureElp": "Matière",
        "codeCNU": "26",
        "libCNU": "Mathématiques appliquées et applications des mathématiques",
        "codePeriode": "1",
        "libPeriode": "Enseignement du premier semestre",
        "nbHeureCM": "16",
        "nbHeureTD": "12",
        "nbHeureTP": "12",
        "nbHeureCMTD": "0",
        "nbGroupeCM": "1",
        "nbGroupeTD": "1",
        "nbGroupeTP": "1",
        "nbGroupeCMTD": "0",
        "nbEtuInscritElpEtape": "6",
        "nbEtuInscritElpTotal": "20",
        "volumeHoraireElpPondereEtape": "14.4",
        "volumeHoraireElpTotal": "48",
        "nbEtuInscritPrevisionnelElpEtape": "29",
        "nbEtuInscritPrevisionnelElpTotal": "5",
        "nbEtape": "2"
    },
    {
        "annee": "2024",
        "codeStructureEtape": "AES",
        "libStructureEtape": "Faculté des Sciences",
        "codeEtape": "TM1MFA3",
        "libEtape": "M1 Maths appli / Mathématiques fondamentales et appliquées",
        "noElement": "TMA425B",
        "libElement": "Projet de recherche",
        "codeNatureElp": "PRJ",
        "libNatureElp": "Projet",
        "codeCNU": "25",
        "libCNU": "Mathématiques",
        "codePeriode": "2",
        "libPeriode": "Enseignement du second semestre",
        "nbHeureCM": "0",
        "nbHeureTD": "0",
        "nbHeureTP": "0",
        "nbHeureCMTD": "0",
        "nbGroupeCM": "1",
        "nbGroupeTD": "1",
        "nbGroupeTP": "1",
        "nbGroupeCMTD": "0",
        "nbEtuInscritElpEtape": "6",
        "nbEtuInscritElpTotal": "6",
        "volumeHoraireElpPondereEtape": "0",
        "volumeHoraireElpTotal": "0",
        "nbEtuInscritPrevisionnelElpEtape": "5",
        "nbEtuInscritPrevisionnelElpTotal": "5",
        "nbEtape": "1"
    }
]