[
    {
        "annee": "2024",
        "codeStructureEtape": "AES",
        "libStructureEtape": "Faculté des Sciences",
        "codeEtape": "TL1PP11",
        "libEtape": "L1 Mathématiques / Parc. Prép. Professorat des Ecoles",
        "noElement": "TMX1221U",
        "libElement": "Algèbre élémentaire - P2",
        "codeNatureElp": "CHAR",
        "libNatureElp": "Charges d'Enseignement",
        "codeCNU": "25",
        "libCNU": "Mathématiques",
        "codePeriode": "02",
        "libPeriode": "Période 2",
        "nbHeureCM": "0",
        "nbHeureTD": "0",
        "nbHeureTP": "0",
        "nbHeureCMTD": "16",
        "nbGroupeCM": "2",
        "nbGroupeTD": "9",
        "nbGroupeTP": "18",
        "nbGroupeCMTD": "9",
        "nbEtuInscritElpEtape": "38",
        "nbEtuInscritElpTotal": "360",
        "volumeHoraireElpPondereEtape": "19",
        "volumeHoraireElpTotal": "180",
        "nbEtuInscritPrevisionnelElpEtape": "364",
        "nbEtuInscritPrevisionnelElpTotal": "38",
        "nbEtape": "6"
    },
    {
        "annee": "2024",
        "codeStructureEtape": "AES",
        "libStructureEtape": "Faculté des Sciences",
        "codeEtape": "TL1PP11",
        "libEtape": "L1 Mathématiques / Parc. Prép. Professorat des Ecoles",
        "noElement": "TMX1302U",
        "libElement": "Géométrie - P3",
        "codeNatureElp": "CHAR",
        "libNatureElp": "Charges d'Enseignement",
        "codeCNU": "25",
        "libCNU": "Mathématiques",
        "codePeriode": "3",
        "libPeriode": "Enseignement du troisième semestre",
        "nbHeureCM": "8",
        "nbHeureTD": "20",
        "nbHeureTP": "0",
        "nbHeureCMTD": "0",
        "nbGroupeCM": "1",
        "nbGroupeTD": "5",
        "nbGroupeTP": "0",
        "nbGroupeCMTD": "0",
        "nbEtuInscritElpEtape": "37",
        "nbEtuInscritElpTotal": "192",
        "volumeHoraireElpPondereEtape": "21.58",
        "volumeHoraireElpTotal": "112",
        "nbEtuInscritPrevisionnelElpEtape": "184",
        "nbEtuInscritPrevisionnelElpTotal": "38",
        "nbEtape": "6"
    },
    {
        "annee": "2024",
        "codeStructureEtape": "AES",
        "libStructureEtape": "Faculté des Sciences",
        "codeEtape": "TL1PP11",
        "libEtape": "L1 Mathématiques / Parc. Prép. Professorat des Ecoles",
        "noElement": "TMX1300U",
        "libElement": "Oraux de mathématiques - P3",
        "codeNatureElp": "CHAR",
        "libNatureElp": "Charges d'Enseignement",
        "codeCNU": "25",
        "libCNU": "Mathématiques",
        "codePeriode": "03",
        "libPeriode": "Période 3",
        "nbHeureCM": "0",
        "nbHeureTD": "1",
        "nbHeureTP": "0",
        "nbHeureCMTD": "0",
        "nbGroupeCM": "0",
        "nbGroupeTD": "64",
        "nbGroupeTP": "0",
        "nbGroupeCMTD": "0",
        "nbEtuInscritElpEtape": "37",
        "nbEtuInscritElpTotal": "192",
        "volumeHoraireElpPondereEtape": "12.33",
        "volumeHoraireElpTotal": "64",
        "nbEtuInscritPrevisionnelElpEtape": "184",
        "nbEtuInscritPrevisionnelElpTotal": "38",
        "nbEtape": "6"
    },
    {
        "annee": "2024",
        "codeStructureEtape": "AES",
        "libStructureEtape": "Faculté des Sciences",
        "codeEtape": "TL1PP11",
        "libEtape": "L1 Mathématiques / Parc. Prép. Professorat des Ecoles",
        "noElement": "TMX1113U",
        "libElement": "Langage et raisonnement 1 - P1",
        "codeNatureElp": "CHAR",
        "libNatureElp": "Charges d'Enseignement",
        "codeCNU": "25",
        "libCNU": "Mathématiques",
        "codePeriode": "01",
        "libPeriode": "Période 1",
        "nbHeureCM": "0",
        "nbHeureTD": "0",
        "nbHeureTP": "0",
        "nbHeureCMTD": "20",
        "nbGroupeCM": "0",
        "nbGroupeTD": "0",
        "nbGroupeTP": "0",
        "nbGroupeCMTD": "1",
        "nbEtuInscritElpEtape": "38",
        "nbEtuInscritElpTotal": "38",
        "volumeHoraireElpPondereEtape": "25",
        "volumeHoraireElpTotal": "25",
        "nbEtuInscritPrevisionnelElpEtape": "38",
        "nbEtuInscritPrevisionnelElpTotal": "38",
        "nbEtape": "1"
    },
    {
        "annee": "2024",
        "codeStructureEtape": "AES",
        "libStructureEtape": "Faculté des Sciences",
        "codeEtape": "TL1PP11",
        "libEtape": "L1 Mathématiques / Parc. Prép. Professorat des Ecoles",
        "noElement": "TMX1414U",
        "libElement": "Géométrie - P4",
        "codeNatureElp": "CHAR",
        "libNatureElp": "Charges d'Enseignement",
        "codeCNU": "25",
        "libCNU": "Mathématiques",
        "codePeriode": "4",
        "libPeriode": "Enseignement du quatrième semestre",
        "nbHeureCM": "8",
        "nbHeureTD": "21.33",
        "nbHeureTP": "0",
        "nbHeureCMTD": "0",
        "nbGroupeCM": "1",
        "nbGroupeTD": "5",
        "nbGroupeTP": "0",
        "nbGroupeCMTD": "0",
        "nbEtuInscritElpEtape": "37",
        "nbEtuInscritElpTotal": "192",
        "volumeHoraireElpPondereEtape": "22.86",
        "volumeHoraireElpTotal": "118.65",
        "nbEtuInscritPrevisionnelElpEtape": "184",
        "nbEtuInscritPrevisionnelElpTotal": "38",
        "nbEtape": "6"
    },
    {
        "annee": "2024",
        "codeStructureEtape": "AES",
        "libStructureEtape": "Faculté des Sciences",
        "codeEtape": "TL1PP11",
        "libEtape": "L1 Mathématiques / Parc. Prép. Professorat des Ecoles",
        "noElement": "TMX1121U",
        "libElement": "Algèbre élémentaire - P1",
        "codeNatureElp": "CHAR",
        "libNatureElp": "Charges d'Enseignement",
        "codeCNU": "25",
        "libCNU": "Mathématiques",
        "codePeriode": "01",
        "libPeriode": "Période 1",
        "nbHeureCM": "0",
        "nbHeureTD": "0",
        "nbHeureTP": "0",
        "nbHeureCMTD": "14.67",
        "nbGroupeCM": "2",
        "nbGroupeTD": "9",
        "nbGroupeTP": "18",
        "nbGroupeCMTD": "9",
        "nbEtuInscritElpEtape": "38",
        "nbEtuInscritElpTotal": "360",
        "volumeHoraireElpPondereEtape": "17.42",
        "volumeHoraireElpTotal": "165.04",
        "nbEtuInscritPrevisionnelElpEtape": "364",
        "nbEtuInscritPrevisionnelElpTotal": "38",
        "nbEtape": "6"
    }
]