[
    {
        "annee": "2024",
        "codeStructureEtape": "AES",
        "libStructureEtape": "Faculté des Sciences",
        "codeEtape": "TL3CE12",
        "libEtape": "L3 Physique Chimie / Chimie-environnement",
        "noElement": "TCC3101",
        "libElement": "Risque biologique",
        "codeNatureElp": "UE",
        "libNatureElp": "Unité d'enseignement",
        "codeCNU": null,
        "libCNU": null,
        "codePeriode": "11",
        "libPeriode": "Période 11",
        "nbHeureCM": "4",
        "nbHeureTD": "4",
        "nbHeureTP": "0",
        "nbHeureCMTD": "0",
        "nbGroupeCM": "1",
        "nbGroupeTD": "1",
        "nbGroupeTP": "0",
        "nbGroupeCMTD": "0",
        "nbEtuInscritElpEtape": "0",
        "nbEtuInscritElpTotal": "0",
        "volumeHoraireElpPondereEtape": "0",
        "volumeHoraireElpTotal": "10",
        "nbEtuInscritPrevisionnelElpEtape": "9",
        "nbEtuInscritPrevisionnelElpTotal": "9",
        "nbEtape": "1"
    },
    {
        "annee": "2024",
        "codeStructureEtape": "AES",
        "libStructureEtape": "Faculté des Sciences",
        "codeEtape": "TL3CE12",
        "libEtape": "L3 Physique Chimie / Chimie-environnement",
        "noElement": "TCC3202",
        "libElement": "Gestion de projet - carnet de bord étudiant",
        "codeNatureElp": "UE",
        "libNatureElp": "Unité d'enseignement",
        "codeCNU": null,
        "libCNU": null,
        "codePeriode": "12",
        "libPeriode": "Période 12",
        "nbHeureCM": "14",
        "nbHeureTD": "9",
        "nbHeureTP": "0",
        "nbHeureCMTD": "0",
        "nbGroupeCM": "1",
        "nbGroupeTD": "1",
        "nbGroupeTP": "0",
        "nbGroupeCMTD": "0",
        "nbEtuInscritElpEtape": "0",
        "nbEtuInscritElpTotal": "0",
        "volumeHoraireElpPondereEtape": "0",
        "volumeHoraireElpTotal": "30",
        "nbEtuInscritPrevisionnelElpEtape": "9",
        "nbEtuInscritPrevisionnelElpTotal": "9",
        "nbEtape": "1"
    },
    {
        "annee": "2024",
        "codeStructureEtape": "AES",
        "libStructureEtape": "Faculté des Sciences",
        "codeEtape": "TL3CE12",
        "libEtape": "L3 Physique Chimie / Chimie-environnement",
        "noElement": "TCC3402",
        "libElement": "Microbiologie",
        "codeNatureElp": "UE",
        "libNatureElp": "Unité d'enseignement",
        "codeCNU": null,
        "libCNU": null,
        "codePeriode": "14",
        "libPeriode": "Période 14",
        "nbHeureCM": "6",
        "nbHeureTD": "6",
        "nbHeureTP": "0",
        "nbHeureCMTD": "0",
        "nbGroupeCM": "1",
        "nbGroupeTD": "1",
        "nbGroupeTP": "0",
        "nbGroupeCMTD": "0",
        "nbEtuInscritElpEtape": "0",
        "nbEtuInscritElpTotal": "0",
        "volumeHoraireElpPondereEtape": "0",
        "volumeHoraireElpTotal": "15",
        "nbEtuInscritPrevisionnelElpEtape": "9",
        "nbEtuInscritPrevisionnelElpTotal": "9",
        "nbEtape": "1"
    },
    {
        "annee": "2024",
        "codeStructureEtape": "AES",
        "libStructureEtape": "Faculté des Sciences",
        "codeEtape": "TL3CE12",
        "libEtape": "L3 Physique Chimie / Chimie-environnement",
        "noElement": "TCC3302",
        "libElement": "Renforcement anglais 3",
        "codeNatureElp": "UE",
        "libNatureElp": "Unité d'enseignement",
        "codeCNU": null,
        "libCNU": null,
        "codePeriode": "13",
        "libPeriode": "Période 13",
        "nbHeureCM": "0",
        "nbHeureTD": "0",
        "nbHeureTP": "10",
        "nbHeureCMTD": "0",
        "nbGroupeCM": "0",
        "nbGroupeTD": "0",
        "nbGroupeTP": "1",
        "nbGroupeCMTD": "0",
        "nbEtuInscritElpEtape": "0",
        "nbEtuInscritElpTotal": "0",
        "volumeHoraireElpPondereEtape": "0",
        "volumeHoraireElpTotal": "10",
        "nbEtuInscritPrevisionnelElpEtape": "9",
        "nbEtuInscritPrevisionnelElpTotal": "9",
        "nbEtape": "1"
    },
    {
        "annee": "2024",
        "codeStructureEtape": "AES",
        "libStructureEtape": "Faculté des Sciences",
        "codeEtape": "TL3CE12",
        "libEtape": "L3 Physique Chimie / Chimie-environnement",
        "noElement": "TCC3501",
        "libElement": "Soutenance stage (oral en anglais)",
        "codeNatureElp": "STAG",
        "libNatureElp": "Stage",
        "codeCNU": null,
        "libCNU": null,
        "codePeriode": "15",
        "libPeriode": "Période 15",
        "nbHeureCM": "0",
        "nbHeureTD": "0",
        "nbHeureTP": "4",
        "nbHeureCMTD": "0",
        "nbGroupeCM": "0",
        "nbGroupeTD": "0",
        "nbGroupeTP": "1",
        "nbGroupeCMTD": "0",
        "nbEtuInscritElpEtape": "0",
        "nbEtuInscritElpTotal": "0",
        "volumeHoraireElpPondereEtape": "0",
        "volumeHoraireElpTotal": "4",
        "nbEtuInscritPrevisionnelElpEtape": "9",
        "nbEtuInscritPrevisionnelElpTotal": "9",
        "nbEtape": "1"
    },
    {
        "annee": "2024",
        "codeStructureEtape": "AES",
        "libStructureEtape": "Faculté des Sciences",
        "codeEtape": "TL3CE12",
        "libEtape": "L3 Physique Chimie / Chimie-environnement",
        "noElement": "TCC3401",
        "libElement": "Sensibilisation au management et à l'entrepreneuriat",
        "codeNatureElp": "UE",
        "libNatureElp": "Unité d'enseignement",
        "codeCNU": null,
        "libCNU": null,
        "codePeriode": "14",
        "libPeriode": "Période 14",
        "nbHeureCM": "5",
        "nbHeureTD": "15",
        "nbHeureTP": "0",
        "nbHeureCMTD": "0",
        "nbGroupeCM": "1",
        "nbGroupeTD": "1",
        "nbGroupeTP": "0",
        "nbGroupeCMTD": "0",
        "nbEtuInscritElpEtape": "0",
        "nbEtuInscritElpTotal": "0",
        "volumeHoraireElpPondereEtape": "0",
        "volumeHoraireElpTotal": "22.5",
        "nbEtuInscritPrevisionnelElpEtape": "9",
        "nbEtuInscritPrevisionnelElpTotal": "9",
        "nbEtape": "1"
    },
    {
        "annee": "2024",
        "codeStructureEtape": "AES",
        "libStructureEtape": "Faculté des Sciences",
        "codeEtape": "TL3CE12",
        "libEtape": "L3 Physique Chimie / Chimie-environnement",
        "noElement": "TCC3102",
        "libElement": "Renforcement anglais 2",
        "codeNatureElp": "UE",
        "libNatureElp": "Unité d'enseignement",
        "codeCNU": null,
        "libCNU": null,
        "codePeriode": "11",
        "libPeriode": "Période 11",
        "nbHeureCM": "0",
        "nbHeureTD": "0",
        "nbHeureTP": "10",
        "nbHeureCMTD": "0",
        "nbGroupeCM": "0",
        "nbGroupeTD": "0",
        "nbGroupeTP": "1",
        "nbGroupeCMTD": "0",
        "nbEtuInscritElpEtape": "0",
        "nbEtuInscritElpTotal": "0",
        "volumeHoraireElpPondereEtape": "0",
        "volumeHoraireElpTotal": "10",
        "nbEtuInscritPrevisionnelElpEtape": "9",
        "nbEtuInscritPrevisionnelElpTotal": "9",
        "nbEtape": "1"
    },
    {
        "annee": "2024",
        "codeStructureEtape": "AES",
        "libStructureEtape": "Faculté des Sciences",
        "codeEtape": "TL3CE12",
        "libEtape": "L3 Physique Chimie / Chimie-environnement",
        "noElement": "TCC3201",
        "libElement": "Risque nucléaire",
        "codeNatureElp": "UE",
        "libNatureElp": "Unité d'enseignement",
        "codeCNU": null,
        "libCNU": null,
        "codePeriode": "12",
        "libPeriode": "Période 12",
        "nbHeureCM": "4",
        "nbHeureTD": "4",
        "nbHeureTP": "0",
        "nbHeureCMTD": "0",
        "nbGroupeCM": "1",
        "nbGroupeTD": "1",
        "nbGroupeTP": "0",
        "nbGroupeCMTD": "0",
        "nbEtuInscritElpEtape": "0",
        "nbEtuInscritElpTotal": "0",
        "volumeHoraireElpPondereEtape": "0",
        "volumeHoraireElpTotal": "10",
        "nbEtuInscritPrevisionnelElpEtape": "9",
        "nbEtuInscritPrevisionnelElpTotal": "9",
        "nbEtape": "1"
    },
    {
        "annee": "2024",
        "codeStructureEtape": "AES",
        "libStructureEtape": "Faculté des Sciences",
        "codeEtape": "TL3CE12",
        "libEtape": "L3 Physique Chimie / Chimie-environnement",
        "noElement": "TCC3301",
        "libElement": "Informatique pour la chimie (Python)",
        "codeNatureElp": "UE",
        "libNatureElp": "Unité d'enseignement",
        "codeCNU": null,
        "libCNU": null,
        "codePeriode": "13",
        "libPeriode": "Période 13",
        "nbHeureCM": "12",
        "nbHeureTD": "0",
        "nbHeureTP": "0",
        "nbHeureCMTD": "0",
        "nbGroupeCM": "1",
        "nbGroupeTD": "0",
        "nbGroupeTP": "0",
        "nbGroupeCMTD": "0",
        "nbEtuInscritElpEtape": "0",
        "nbEtuInscritElpTotal": "0",
        "volumeHoraireElpPondereEtape": "0",
        "volumeHoraireElpTotal": "18",
        "nbEtuInscritPrevisionnelElpEtape": "9",
        "nbEtuInscritPrevisionnelElpTotal": "9",
        "nbEtape": "1"
    }
]