[
    {
        "annee": "2024",
        "codeStructureEtape": "AES",
        "libStructureEtape": "Faculté des Sciences",
        "codeEtape": "TM2GBI1",
        "libEtape": "M2 BEE / Gestion de la biodiversité dans socio-écosystèmes",
        "noElement": "TBE531",
        "libElement": "Analyse de données 3 : statistiques, SIG, télédétection",
        "codeNatureElp": "MATI",
        "libNatureElp": "Matière",
        "codeCNU": "67",
        "libCNU": "Biologie des populations et écologie",
        "codePeriode": "3",
        "libPeriode": "Enseignement du troisième semestre",
        "nbHeureCM": "5.33",
        "nbHeureTD": "22.67",
        "nbHeureTP": "28",
        "nbHeureCMTD": "0",
        "nbGroupeCM": "1",
        "nbGroupeTD": "2",
        "nbGroupeTP": "3",
        "nbGroupeCMTD": "0",
        "nbEtuInscritElpEtape": "25",
        "nbEtuInscritElpTotal": "42",
        "volumeHoraireElpPondereEtape": "81.75",
        "volumeHoraireElpTotal": "137.34",
        "nbEtuInscritPrevisionnelElpEtape": "38",
        "nbEtuInscritPrevisionnelElpTotal": "21",
        "nbEtape": "2"
    },
    {
        "annee": "2024",
        "codeStructureEtape": "AES",
        "libStructureEtape": "Faculté des Sciences",
        "codeEtape": "TM2GBI1",
        "libEtape": "M2 BEE / Gestion de la biodiversité dans socio-écosystèmes",
        "noElement": "TBE538A",
        "libElement": "Dynamique des socio-écosystèmes et jeu d'acteurs",
        "codeNatureElp": "MATI",
        "libNatureElp": "Matière",
        "codeCNU": "68",
        "libCNU": "Biologie des organismes",
        "codePeriode": "3",
        "libPeriode": "Enseignement du troisième semestre",
        "nbHeureCM": "7",
        "nbHeureTD": "6",
        "nbHeureTP": "15",
        "nbHeureCMTD": "0",
        "nbGroupeCM": "1",
        "nbGroupeTD": "1",
        "nbGroupeTP": "2",
        "nbGroupeCMTD": "0",
        "nbEtuInscritElpEtape": "25",
        "nbEtuInscritElpTotal": "25",
        "volumeHoraireElpPondereEtape": "46.5",
        "volumeHoraireElpTotal": "46.5",
        "nbEtuInscritPrevisionnelElpEtape": "21",
        "nbEtuInscritPrevisionnelElpTotal": "21",
        "nbEtape": "1"
    },
    {
        "annee": "2024",
        "codeStructureEtape": "AES",
        "libStructureEtape": "Faculté des Sciences",
        "codeEtape": "TM2GBI1",
        "libEtape": "M2 BEE / Gestion de la biodiversité dans socio-écosystèmes",
        "noElement": "TBE537A",
        "libElement": "Economie de l'environnement",
        "codeNatureElp": "MATI",
        "libNatureElp": "Matière",
        "codeCNU": "02",
        "libCNU": "Droit public",
        "codePeriode": "3",
        "libPeriode": "Enseignement du troisième semestre",
        "nbHeureCM": "14",
        "nbHeureTD": "14",
        "nbHeureTP": "0",
        "nbHeureCMTD": "0",
        "nbGroupeCM": "1",
        "nbGroupeTD": "1",
        "nbGroupeTP": "2",
        "nbGroupeCMTD": "0",
        "nbEtuInscritElpEtape": "25",
        "nbEtuInscritElpTotal": "25",
        "volumeHoraireElpPondereEtape": "35",
        "volumeHoraireElpTotal": "35",
        "nbEtuInscritPrevisionnelElpEtape": "21",
        "nbEtuInscritPrevisionnelElpTotal": "21",
        "nbEtape": "1"
    },
    {
        "annee": "2024",
        "codeStructureEtape": "AES",
        "libStructureEtape": "Faculté des Sciences",
        "codeEtape": "TM2GBI1",
        "libEtape": "M2 BEE / Gestion de la biodiversité dans socio-écosystèmes",
        "noElement": "TBE541A1",
        "libElement": "Stage (GeB)",
        "codeNatureElp": "STAG",
        "libNatureElp": "Stage",
        "codeCNU": null,
        "libCNU": null,
        "codePeriode": "4",
        "libPeriode": "Enseignement du quatrième semestre",
        "nbHeureCM": "0",
        "nbHeureTD": "4",
        "nbHeureTP": "0",
        "nbHeureCMTD": "0",
        "nbGroupeCM": "0",
        "nbGroupeTD": "0",
        "nbGroupeTP": "0",
        "nbGroupeCMTD": "0",
        "nbEtuInscritElpEtape": "0",
        "nbEtuInscritElpTotal": "0",
        "volumeHoraireElpPondereEtape": "0",
        "volumeHoraireElpTotal": "4",
        "nbEtuInscritPrevisionnelElpEtape": "0",
        "nbEtuInscritPrevisionnelElpTotal": "0",
        "nbEtape": "1"
    },
    {
        "annee": "2024",
        "codeStructureEtape": "AES",
        "libStructureEtape": "Faculté des Sciences",
        "codeEtape": "TM2GBI1",
        "libEtape": "M2 BEE / Gestion de la biodiversité dans socio-écosystèmes",
        "noElement": "TBE532",
        "libElement": "Gestion de projet",
        "codeNatureElp": "MATI",
        "libNatureElp": "Matière",
        "codeCNU": "68",
        "libCNU": "Biologie des organismes",
        "codePeriode": "3",
        "libPeriode": "Enseignement du troisième semestre",
        "nbHeureCM": "12",
        "nbHeureTD": "16",
        "nbHeureTP": "0",
        "nbHeureCMTD": "0",
        "nbGroupeCM": "1",
        "nbGroupeTD": "2",
        "nbGroupeTP": "3",
        "nbGroupeCMTD": "0",
        "nbEtuInscritElpEtape": "25",
        "nbEtuInscritElpTotal": "42",
        "volumeHoraireElpPondereEtape": "29.76",
        "volumeHoraireElpTotal": "50",
        "nbEtuInscritPrevisionnelElpEtape": "38",
        "nbEtuInscritPrevisionnelElpTotal": "21",
        "nbEtape": "2"
    },
    {
        "annee": "2024",
        "codeStructureEtape": "AES",
        "libStructureEtape": "Faculté des Sciences",
        "codeEtape": "TM2GBI1",
        "libEtape": "M2 BEE / Gestion de la biodiversité dans socio-écosystèmes",
        "noElement": "TBE534",
        "libElement": "Transition écologie : politiques, expertise, citoyenneté",
        "codeNatureElp": "MATI",
        "libNatureElp": "Matière",
        "codeCNU": "67",
        "libCNU": "Biologie des populations et écologie",
        "codePeriode": "3",
        "libPeriode": "Enseignement du troisième semestre",
        "nbHeureCM": "4",
        "nbHeureTD": "8",
        "nbHeureTP": "0",
        "nbHeureCMTD": "0",
        "nbGroupeCM": "1",
        "nbGroupeTD": "2",
        "nbGroupeTP": "3",
        "nbGroupeCMTD": "0",
        "nbEtuInscritElpEtape": "25",
        "nbEtuInscritElpTotal": "42",
        "volumeHoraireElpPondereEtape": "13.1",
        "volumeHoraireElpTotal": "22",
        "nbEtuInscritPrevisionnelElpEtape": "38",
        "nbEtuInscritPrevisionnelElpTotal": "21",
        "nbEtape": "2"
    },
    {
        "annee": "2024",
        "codeStructureEtape": "AES",
        "libStructureEtape": "Faculté des Sciences",
        "codeEtape": "TM2GBI1",
        "libEtape": "M2 BEE / Gestion de la biodiversité dans socio-écosystèmes",
        "noElement": "TBE533",
        "libElement": "Législation de l'environnement",
        "codeNatureElp": "MATI",
        "libNatureElp": "Matière",
        "codeCNU": "02",
        "libCNU": "Droit public",
        "codePeriode": "3",
        "libPeriode": "Enseignement du troisième semestre",
        "nbHeureCM": "9.33",
        "nbHeureTD": "18.67",
        "nbHeureTP": "0",
        "nbHeureCMTD": "0",
        "nbGroupeCM": "1",
        "nbGroupeTD": "2",
        "nbGroupeTP": "3",
        "nbGroupeCMTD": "0",
        "nbEtuInscritElpEtape": "25",
        "nbEtuInscritElpTotal": "42",
        "volumeHoraireElpPondereEtape": "30.56",
        "volumeHoraireElpTotal": "51.34",
        "nbEtuInscritPrevisionnelElpEtape": "38",
        "nbEtuInscritPrevisionnelElpTotal": "21",
        "nbEtape": "2"
    },
    {
        "annee": "2024",
        "codeStructureEtape": "AES",
        "libStructureEtape": "Faculté des Sciences",
        "codeEtape": "TM2GBI1",
        "libEtape": "M2 BEE / Gestion de la biodiversité dans socio-écosystèmes",
        "noElement": "TBE535",
        "libElement": "3PE : projets personnels et professionnels",
        "codeNatureElp": "PRJ",
        "libNatureElp": "Projet",
        "codeCNU": null,
        "libCNU": null,
        "codePeriode": "3",
        "libPeriode": "Enseignement du troisième semestre",
        "nbHeureCM": "0",
        "nbHeureTD": "8",
        "nbHeureTP": "8",
        "nbHeureCMTD": "0",
        "nbGroupeCM": "1",
        "nbGroupeTD": "2",
        "nbGroupeTP": "3",
        "nbGroupeCMTD": "0",
        "nbEtuInscritElpEtape": "24",
        "nbEtuInscritElpTotal": "41",
        "volumeHoraireElpPondereEtape": "23.41",
        "volumeHoraireElpTotal": "40",
        "nbEtuInscritPrevisionnelElpEtape": "38",
        "nbEtuInscritPrevisionnelElpTotal": "21",
        "nbEtape": "2"
    },
    {
        "annee": "2024",
        "codeStructureEtape": "AES",
        "libStructureEtape": "Faculté des Sciences",
        "codeEtape": "TM2GBI1",
        "libEtape": "M2 BEE / Gestion de la biodiversité dans socio-écosystèmes",
        "noElement": "TBE53AA",
        "libElement": "Agro-écologie",
        "codeNatureElp": "MATI",
        "libNatureElp": "Matière",
        "codeCNU": "68",
        "libCNU": "Biologie des organismes",
        "codePeriode": "3",
        "libPeriode": "Enseignement du troisième semestre",
        "nbHeureCM": "2.67",
        "nbHeureTD": "0",
        "nbHeureTP": "35.33",
        "nbHeureCMTD": "0",
        "nbGroupeCM": "1",
        "nbGroupeTD": "1",
        "nbGroupeTP": "2",
        "nbGroupeCMTD": "0",
        "nbEtuInscritElpEtape": "26",
        "nbEtuInscritElpTotal": "26",
        "volumeHoraireElpPondereEtape": "74.67",
        "volumeHoraireElpTotal": "74.67",
        "nbEtuInscritPrevisionnelElpEtape": "21",
        "nbEtuInscritPrevisionnelElpTotal": "21",
        "nbEtape": "1"
    },
    {
        "annee": "2024",
        "codeStructureEtape": "AES",
        "libStructureEtape": "Faculté des Sciences",
        "codeEtape": "TM2GBI1",
        "libEtape": "M2 BEE / Gestion de la biodiversité dans socio-écosystèmes",
        "noElement": "TBE541A2",
        "libElement": "Alternance (GeB)",
        "codeNatureElp": "STAG",
        "libNatureElp": "Stage",
        "codeCNU": null,
        "libCNU": null,
        "codePeriode": "4",
        "libPeriode": "Enseignement du quatrième semestre",
        "nbHeureCM": "0",
        "nbHeureTD": "12",
        "nbHeureTP": "0",
        "nbHeureCMTD": "0",
        "nbGroupeCM": "0",
        "nbGroupeTD": "0",
        "nbGroupeTP": "0",
        "nbGroupeCMTD": "0",
        "nbEtuInscritElpEtape": "0",
        "nbEtuInscritElpTotal": "0",
        "volumeHoraireElpPondereEtape": "0",
        "volumeHoraireElpTotal": "12",
        "nbEtuInscritPrevisionnelElpEtape": "0",
        "nbEtuInscritPrevisionnelElpTotal": "0",
        "nbEtape": "1"
    },
    {
        "annee": "2024",
        "codeStructureEtape": "AES",
        "libStructureEtape": "Faculté des Sciences",
        "codeEtape": "TM2GBI1",
        "libEtape": "M2 BEE / Gestion de la biodiversité dans socio-écosystèmes",
        "noElement": "TBE539A",
        "libElement": "Plan de gestion",
        "codeNatureElp": "MATI",
        "libNatureElp": "Matière",
        "codeCNU": "68",
        "libCNU": "Biologie des organismes",
        "codePeriode": "3",
        "libPeriode": "Enseignement du troisième semestre",
        "nbHeureCM": "4",
        "nbHeureTD": "10",
        "nbHeureTP": "14",
        "nbHeureCMTD": "0",
        "nbGroupeCM": "1",
        "nbGroupeTD": "1",
        "nbGroupeTP": "2",
        "nbGroupeCMTD": "0",
        "nbEtuInscritElpEtape": "25",
        "nbEtuInscritElpTotal": "25",
        "volumeHoraireElpPondereEtape": "44",
        "volumeHoraireElpTotal": "44",
        "nbEtuInscritPrevisionnelElpEtape": "21",
        "nbEtuInscritPrevisionnelElpTotal": "21",
        "nbEtape": "1"
    },
    {
        "annee": "2024",
        "codeStructureEtape": "AES",
        "libStructureEtape": "Faculté des Sciences",
        "codeEtape": "TM2GBI1",
        "libEtape": "M2 BEE / Gestion de la biodiversité dans socio-écosystèmes",
        "noElement": "TBE536",
        "libElement": "Anglais",
        "codeNatureElp": "MATI",
        "libNatureElp": "Matière",
        "codeCNU": "11",
        "libCNU": "Langues et littératures anglaises et anglo-saxonnes",
        "codePeriode": "3",
        "libPeriode": "Enseignement du troisième semestre",
        "nbHeureCM": "0",
        "nbHeureTD": "0",
        "nbHeureTP": "28",
        "nbHeureCMTD": "0",
        "nbGroupeCM": "1",
        "nbGroupeTD": "2",
        "nbGroupeTP": "3",
        "nbGroupeCMTD": "0",
        "nbEtuInscritElpEtape": "25",
        "nbEtuInscritElpTotal": "42",
        "volumeHoraireElpPondereEtape": "50",
        "volumeHoraireElpTotal": "84",
        "nbEtuInscritPrevisionnelElpEtape": "37",
        "nbEtuInscritPrevisionnelElpTotal": "20",
        "nbEtape": "2"
    }
]