[
    {
        "annee": "2024",
        "codeStructureEtape": "AES",
        "libStructureEtape": "Faculté des Sciences",
        "codeEtape": "TM2MAD1",
        "libEtape": "M2 BEE / Mer, anthropisation, diagnostic",
        "noElement": "TBE531",
        "libElement": "Analyse de données 3 : statistiques, SIG, télédétection",
        "codeNatureElp": "MATI",
        "libNatureElp": "Matière",
        "codeCNU": "67",
        "libCNU": "Biologie des populations et écologie",
        "codePeriode": "3",
        "libPeriode": "Enseignement du troisième semestre",
        "nbHeureCM": "5.33",
        "nbHeureTD": "22.67",
        "nbHeureTP": "28",
        "nbHeureCMTD": "0",
        "nbGroupeCM": "1",
        "nbGroupeTD": "2",
        "nbGroupeTP": "3",
        "nbGroupeCMTD": "0",
        "nbEtuInscritElpEtape": "17",
        "nbEtuInscritElpTotal": "42",
        "volumeHoraireElpPondereEtape": "55.59",
        "volumeHoraireElpTotal": "137.34",
        "nbEtuInscritPrevisionnelElpEtape": "38",
        "nbEtuInscritPrevisionnelElpTotal": "17",
        "nbEtape": "2"
    },
    {
        "annee": "2024",
        "codeStructureEtape": "AES",
        "libStructureEtape": "Faculté des Sciences",
        "codeEtape": "TM2MAD1",
        "libEtape": "M2 BEE / Mer, anthropisation, diagnostic",
        "noElement": "TBE541B",
        "libElement": "Stage (MAD)",
        "codeNatureElp": "STAG",
        "libNatureElp": "Stage",
        "codeCNU": null,
        "libCNU": null,
        "codePeriode": "4",
        "libPeriode": "Enseignement du quatrième semestre",
        "nbHeureCM": "0",
        "nbHeureTD": "4",
        "nbHeureTP": "0",
        "nbHeureCMTD": "0",
        "nbGroupeCM": "17",
        "nbGroupeTD": "17",
        "nbGroupeTP": "17",
        "nbGroupeCMTD": "0",
        "nbEtuInscritElpEtape": "0",
        "nbEtuInscritElpTotal": "0",
        "volumeHoraireElpPondereEtape": "0",
        "volumeHoraireElpTotal": "68",
        "nbEtuInscritPrevisionnelElpEtape": "17",
        "nbEtuInscritPrevisionnelElpTotal": "17",
        "nbEtape": "1"
    },
    {
        "annee": "2024",
        "codeStructureEtape": "AES",
        "libStructureEtape": "Faculté des Sciences",
        "codeEtape": "TM2MAD1",
        "libEtape": "M2 BEE / Mer, anthropisation, diagnostic",
        "noElement": "TBE532",
        "libElement": "Gestion de projet",
        "codeNatureElp": "MATI",
        "libNatureElp": "Matière",
        "codeCNU": "68",
        "libCNU": "Biologie des organismes",
        "codePeriode": "3",
        "libPeriode": "Enseignement du troisième semestre",
        "nbHeureCM": "12",
        "nbHeureTD": "16",
        "nbHeureTP": "0",
        "nbHeureCMTD": "0",
        "nbGroupeCM": "1",
        "nbGroupeTD": "2",
        "nbGroupeTP": "3",
        "nbGroupeCMTD": "0",
        "nbEtuInscritElpEtape": "17",
        "nbEtuInscritElpTotal": "42",
        "volumeHoraireElpPondereEtape": "20.24",
        "volumeHoraireElpTotal": "50",
        "nbEtuInscritPrevisionnelElpEtape": "38",
        "nbEtuInscritPrevisionnelElpTotal": "17",
        "nbEtape": "2"
    },
    {
        "annee": "2024",
        "codeStructureEtape": "AES",
        "libStructureEtape": "Faculté des Sciences",
        "codeEtape": "TM2MAD1",
        "libEtape": "M2 BEE / Mer, anthropisation, diagnostic",
        "noElement": "TBE537B",
        "libElement": "Elabor. d'indices pour le diagnos. en milieu cotier et marin",
        "codeNatureElp": "MATI",
        "libNatureElp": "Matière",
        "codeCNU": "36",
        "libCNU": "Terre solide : géodynamique des enveloppes supérieures, paléobiosphère",
        "codePeriode": "3",
        "libPeriode": "Enseignement du troisième semestre",
        "nbHeureCM": "9.33",
        "nbHeureTD": "10.67",
        "nbHeureTP": "8",
        "nbHeureCMTD": "0",
        "nbGroupeCM": "1",
        "nbGroupeTD": "1",
        "nbGroupeTP": "1",
        "nbGroupeCMTD": "0",
        "nbEtuInscritElpEtape": "17",
        "nbEtuInscritElpTotal": "17",
        "volumeHoraireElpPondereEtape": "32.67",
        "volumeHoraireElpTotal": "32.67",
        "nbEtuInscritPrevisionnelElpEtape": "17",
        "nbEtuInscritPrevisionnelElpTotal": "17",
        "nbEtape": "1"
    },
    {
        "annee": "2024",
        "codeStructureEtape": "AES",
        "libStructureEtape": "Faculté des Sciences",
        "codeEtape": "TM2MAD1",
        "libEtape": "M2 BEE / Mer, anthropisation, diagnostic",
        "noElement": "TBE534",
        "libElement": "Transition écologie : politiques, expertise, citoyenneté",
        "codeNatureElp": "MATI",
        "libNatureElp": "Matière",
        "codeCNU": "67",
        "libCNU": "Biologie des populations et écologie",
        "codePeriode": "3",
        "libPeriode": "Enseignement du troisième semestre",
        "nbHeureCM": "4",
        "nbHeureTD": "8",
        "nbHeureTP": "0",
        "nbHeureCMTD": "0",
        "nbGroupeCM": "1",
        "nbGroupeTD": "2",
        "nbGroupeTP": "3",
        "nbGroupeCMTD": "0",
        "nbEtuInscritElpEtape": "17",
        "nbEtuInscritElpTotal": "42",
        "volumeHoraireElpPondereEtape": "8.9",
        "volumeHoraireElpTotal": "22",
        "nbEtuInscritPrevisionnelElpEtape": "38",
        "nbEtuInscritPrevisionnelElpTotal": "17",
        "nbEtape": "2"
    },
    {
        "annee": "2024",
        "codeStructureEtape": "AES",
        "libStructureEtape": "Faculté des Sciences",
        "codeEtape": "TM2MAD1",
        "libEtape": "M2 BEE / Mer, anthropisation, diagnostic",
        "noElement": "TBE539B",
        "libElement": "Hotspots climatiques (arctique et méditerranée)",
        "codeNatureElp": "MATI",
        "libNatureElp": "Matière",
        "codeCNU": "36",
        "libCNU": "Terre solide : géodynamique des enveloppes supérieures, paléobiosphère",
        "codePeriode": "3",
        "libPeriode": "Enseignement du troisième semestre",
        "nbHeureCM": "8",
        "nbHeureTD": "9.33",
        "nbHeureTP": "0",
        "nbHeureCMTD": "0",
        "nbGroupeCM": "1",
        "nbGroupeTD": "1",
        "nbGroupeTP": "1",
        "nbGroupeCMTD": "0",
        "nbEtuInscritElpEtape": "17",
        "nbEtuInscritElpTotal": "17",
        "volumeHoraireElpPondereEtape": "21.33",
        "volumeHoraireElpTotal": "21.33",
        "nbEtuInscritPrevisionnelElpEtape": "17",
        "nbEtuInscritPrevisionnelElpTotal": "17",
        "nbEtape": "1"
    },
    {
        "annee": "2024",
        "codeStructureEtape": "AES",
        "libStructureEtape": "Faculté des Sciences",
        "codeEtape": "TM2MAD1",
        "libEtape": "M2 BEE / Mer, anthropisation, diagnostic",
        "noElement": "TBE533",
        "libElement": "Législation de l'environnement",
        "codeNatureElp": "MATI",
        "libNatureElp": "Matière",
        "codeCNU": "02",
        "libCNU": "Droit public",
        "codePeriode": "3",
        "libPeriode": "Enseignement du troisième semestre",
        "nbHeureCM": "9.33",
        "nbHeureTD": "18.67",
        "nbHeureTP": "0",
        "nbHeureCMTD": "0",
        "nbGroupeCM": "1",
        "nbGroupeTD": "2",
        "nbGroupeTP": "3",
        "nbGroupeCMTD": "0",
        "nbEtuInscritElpEtape": "17",
        "nbEtuInscritElpTotal": "42",
        "volumeHoraireElpPondereEtape": "20.78",
        "volumeHoraireElpTotal": "51.34",
        "nbEtuInscritPrevisionnelElpEtape": "38",
        "nbEtuInscritPrevisionnelElpTotal": "17",
        "nbEtape": "2"
    },
    {
        "annee": "2024",
        "codeStructureEtape": "AES",
        "libStructureEtape": "Faculté des Sciences",
        "codeEtape": "TM2MAD1",
        "libEtape": "M2 BEE / Mer, anthropisation, diagnostic",
        "noElement": "TBE535",
        "libElement": "3PE : projets personnels et professionnels",
        "codeNatureElp": "PRJ",
        "libNatureElp": "Projet",
        "codeCNU": null,
        "libCNU": null,
        "codePeriode": "3",
        "libPeriode": "Enseignement du troisième semestre",
        "nbHeureCM": "0",
        "nbHeureTD": "8",
        "nbHeureTP": "8",
        "nbHeureCMTD": "0",
        "nbGroupeCM": "1",
        "nbGroupeTD": "2",
        "nbGroupeTP": "3",
        "nbGroupeCMTD": "0",
        "nbEtuInscritElpEtape": "17",
        "nbEtuInscritElpTotal": "41",
        "volumeHoraireElpPondereEtape": "16.59",
        "volumeHoraireElpTotal": "40",
        "nbEtuInscritPrevisionnelElpEtape": "38",
        "nbEtuInscritPrevisionnelElpTotal": "17",
        "nbEtape": "2"
    },
    {
        "annee": "2024",
        "codeStructureEtape": "AES",
        "libStructureEtape": "Faculté des Sciences",
        "codeEtape": "TM2MAD1",
        "libEtape": "M2 BEE / Mer, anthropisation, diagnostic",
        "noElement": "TBE536",
        "libElement": "Anglais",
        "codeNatureElp": "MATI",
        "libNatureElp": "Matière",
        "codeCNU": "11",
        "libCNU": "Langues et littératures anglaises et anglo-saxonnes",
        "codePeriode": "3",
        "libPeriode": "Enseignement du troisième semestre",
        "nbHeureCM": "0",
        "nbHeureTD": "0",
        "nbHeureTP": "28",
        "nbHeureCMTD": "0",
        "nbGroupeCM": "1",
        "nbGroupeTD": "2",
        "nbGroupeTP": "3",
        "nbGroupeCMTD": "0",
        "nbEtuInscritElpEtape": "17",
        "nbEtuInscritElpTotal": "42",
        "volumeHoraireElpPondereEtape": "34",
        "volumeHoraireElpTotal": "84",
        "nbEtuInscritPrevisionnelElpEtape": "37",
        "nbEtuInscritPrevisionnelElpTotal": "17",
        "nbEtape": "2"
    },
    {
        "annee": "2024",
        "codeStructureEtape": "AES",
        "libStructureEtape": "Faculté des Sciences",
        "codeEtape": "TM2MAD1",
        "libEtape": "M2 BEE / Mer, anthropisation, diagnostic",
        "noElement": "TBE538B",
        "libElement": "Discussion on marine biogeosciences",
        "codeNatureElp": "MATI",
        "libNatureElp": "Matière",
        "codeCNU": "36",
        "libCNU": "Terre solide : géodynamique des enveloppes supérieures, paléobiosphère",
        "codePeriode": "3",
        "libPeriode": "Enseignement du troisième semestre",
        "nbHeureCM": "4",
        "nbHeureTD": "12",
        "nbHeureTP": "0",
        "nbHeureCMTD": "0",
        "nbGroupeCM": "1",
        "nbGroupeTD": "1",
        "nbGroupeTP": "1",
        "nbGroupeCMTD": "0",
        "nbEtuInscritElpEtape": "17",
        "nbEtuInscritElpTotal": "17",
        "volumeHoraireElpPondereEtape": "18",
        "volumeHoraireElpTotal": "18",
        "nbEtuInscritPrevisionnelElpEtape": "17",
        "nbEtuInscritPrevisionnelElpTotal": "17",
        "nbEtape": "1"
    },
    {
        "annee": "2024",
        "codeStructureEtape": "AES",
        "libStructureEtape": "Faculté des Sciences",
        "codeEtape": "TM2MAD1",
        "libEtape": "M2 BEE / Mer, anthropisation, diagnostic",
        "noElement": "TBE53AB",
        "libElement": "Foraminifera: Autumn school",
        "codeNatureElp": "MATI",
        "libNatureElp": "Matière",
        "codeCNU": "36",
        "libCNU": "Terre solide : géodynamique des enveloppes supérieures, paléobiosphère",
        "codePeriode": "3",
        "libPeriode": "Enseignement du troisième semestre",
        "nbHeureCM": "0",
        "nbHeureTD": "8",
        "nbHeureTP": "20",
        "nbHeureCMTD": "0",
        "nbGroupeCM": "1",
        "nbGroupeTD": "1",
        "nbGroupeTP": "1",
        "nbGroupeCMTD": "0",
        "nbEtuInscritElpEtape": "17",
        "nbEtuInscritElpTotal": "17",
        "volumeHoraireElpPondereEtape": "28",
        "volumeHoraireElpTotal": "28",
        "nbEtuInscritPrevisionnelElpEtape": "17",
        "nbEtuInscritPrevisionnelElpTotal": "17",
        "nbEtape": "1"
    }
]