[
    {
        "annee": "2024",
        "codeStructureEtape": "AES",
        "libStructureEtape": "Faculté des Sciences",
        "codeEtape": "TL3PA12",
        "libEtape": "L3 Physique Chimie / Physique applications",
        "noElement": "TCP3401",
        "libElement": "Anglais renforcé 2",
        "codeNatureElp": "UE",
        "libNatureElp": "Unité d'enseignement",
        "codeCNU": null,
        "libCNU": null,
        "codePeriode": "14",
        "libPeriode": "Période 14",
        "nbHeureCM": "0",
        "nbHeureTD": "0",
        "nbHeureTP": "10",
        "nbHeureCMTD": "0",
        "nbGroupeCM": "0",
        "nbGroupeTD": "0",
        "nbGroupeTP": "1",
        "nbGroupeCMTD": "0",
        "nbEtuInscritElpEtape": "0",
        "nbEtuInscritElpTotal": "0",
        "volumeHoraireElpPondereEtape": "0",
        "volumeHoraireElpTotal": "10",
        "nbEtuInscritPrevisionnelElpEtape": "6",
        "nbEtuInscritPrevisionnelElpTotal": "6",
        "nbEtape": "1"
    },
    {
        "annee": "2024",
        "codeStructureEtape": "AES",
        "libStructureEtape": "Faculté des Sciences",
        "codeEtape": "TL3PA12",
        "libEtape": "L3 Physique Chimie / Physique applications",
        "noElement": "TCP3201",
        "libElement": "Histoire des sciences",
        "codeNatureElp": "UE",
        "libNatureElp": "Unité d'enseignement",
        "codeCNU": null,
        "libCNU": null,
        "codePeriode": "12",
        "libPeriode": "Période 12",
        "nbHeureCM": "15",
        "nbHeureTD": "10",
        "nbHeureTP": "0",
        "nbHeureCMTD": "0",
        "nbGroupeCM": "1",
        "nbGroupeTD": "1",
        "nbGroupeTP": "0",
        "nbGroupeCMTD": "0",
        "nbEtuInscritElpEtape": "0",
        "nbEtuInscritElpTotal": "0",
        "volumeHoraireElpPondereEtape": "0",
        "volumeHoraireElpTotal": "32.5",
        "nbEtuInscritPrevisionnelElpEtape": "6",
        "nbEtuInscritPrevisionnelElpTotal": "6",
        "nbEtape": "1"
    },
    {
        "annee": "2024",
        "codeStructureEtape": "AES",
        "libStructureEtape": "Faculté des Sciences",
        "codeEtape": "TL3PA12",
        "libEtape": "L3 Physique Chimie / Physique applications",
        "noElement": "TCP3203",
        "libElement": "Gestion de projet et carnet de bord",
        "codeNatureElp": "UE",
        "libNatureElp": "Unité d'enseignement",
        "codeCNU": null,
        "libCNU": null,
        "codePeriode": "12",
        "libPeriode": "Période 12",
        "nbHeureCM": "9",
        "nbHeureTD": "9",
        "nbHeureTP": "5",
        "nbHeureCMTD": "0",
        "nbGroupeCM": "1",
        "nbGroupeTD": "1",
        "nbGroupeTP": "1",
        "nbGroupeCMTD": "0",
        "nbEtuInscritElpEtape": "0",
        "nbEtuInscritElpTotal": "0",
        "volumeHoraireElpPondereEtape": "0",
        "volumeHoraireElpTotal": "27.5",
        "nbEtuInscritPrevisionnelElpEtape": "6",
        "nbEtuInscritPrevisionnelElpTotal": "6",
        "nbEtape": "1"
    },
    {
        "annee": "2024",
        "codeStructureEtape": "AES",
        "libStructureEtape": "Faculté des Sciences",
        "codeEtape": "TL3PA12",
        "libEtape": "L3 Physique Chimie / Physique applications",
        "noElement": "TCP3202",
        "libElement": "Anglais renforcé 1",
        "codeNatureElp": "UE",
        "libNatureElp": "Unité d'enseignement",
        "codeCNU": null,
        "libCNU": null,
        "codePeriode": "12",
        "libPeriode": "Période 12",
        "nbHeureCM": "0",
        "nbHeureTD": "0",
        "nbHeureTP": "10",
        "nbHeureCMTD": "0",
        "nbGroupeCM": "0",
        "nbGroupeTD": "0",
        "nbGroupeTP": "1",
        "nbGroupeCMTD": "0",
        "nbEtuInscritElpEtape": "0",
        "nbEtuInscritElpTotal": "0",
        "volumeHoraireElpPondereEtape": "0",
        "volumeHoraireElpTotal": "10",
        "nbEtuInscritPrevisionnelElpEtape": "6",
        "nbEtuInscritPrevisionnelElpTotal": "6",
        "nbEtape": "1"
    },
    {
        "annee": "2024",
        "codeStructureEtape": "AES",
        "libStructureEtape": "Faculté des Sciences",
        "codeEtape": "TL3PA12",
        "libEtape": "L3 Physique Chimie / Physique applications",
        "noElement": "TCP3402",
        "libElement": "Management et entreprenariat",
        "codeNatureElp": "UE",
        "libNatureElp": "Unité d'enseignement",
        "codeCNU": null,
        "libCNU": null,
        "codePeriode": "14",
        "libPeriode": "Période 14",
        "nbHeureCM": "5",
        "nbHeureTD": "15",
        "nbHeureTP": "0",
        "nbHeureCMTD": "0",
        "nbGroupeCM": "1",
        "nbGroupeTD": "1",
        "nbGroupeTP": "0",
        "nbGroupeCMTD": "0",
        "nbEtuInscritElpEtape": "0",
        "nbEtuInscritElpTotal": "0",
        "volumeHoraireElpPondereEtape": "0",
        "volumeHoraireElpTotal": "22.5",
        "nbEtuInscritPrevisionnelElpEtape": "6",
        "nbEtuInscritPrevisionnelElpTotal": "6",
        "nbEtape": "1"
    },
    {
        "annee": "2024",
        "codeStructureEtape": "AES",
        "libStructureEtape": "Faculté des Sciences",
        "codeEtape": "TL3PA12",
        "libEtape": "L3 Physique Chimie / Physique applications",
        "noElement": "TCP3501",
        "libElement": "Projet intégrateur",
        "codeNatureElp": "UE",
        "libNatureElp": "Unité d'enseignement",
        "codeCNU": null,
        "libCNU": null,
        "codePeriode": "15",
        "libPeriode": "Période 15",
        "nbHeureCM": "0",
        "nbHeureTD": "0",
        "nbHeureTP": "0",
        "nbHeureCMTD": "0",
        "nbGroupeCM": "0",
        "nbGroupeTD": "0",
        "nbGroupeTP": "0",
        "nbGroupeCMTD": "0",
        "nbEtuInscritElpEtape": "0",
        "nbEtuInscritElpTotal": "0",
        "volumeHoraireElpPondereEtape": "0",
        "volumeHoraireElpTotal": "0",
        "nbEtuInscritPrevisionnelElpEtape": "6",
        "nbEtuInscritPrevisionnelElpTotal": "6",
        "nbEtape": "1"
    }
]