[
    {
        "annee": "2024",
        "codeStructureEtape": "AES",
        "libStructureEtape": "Faculté des Sciences",
        "codeEtape": "JL2SVS1",
        "libEtape": "L2-UCO SVT - Accès Santé",
        "noElement": "UE66",
        "libElement": "Physiologie et biophysique",
        "codeNatureElp": "MODU",
        "libNatureElp": "Module",
        "codeCNU": null,
        "libCNU": null,
        "codePeriode": "AN",
        "libPeriode": "Enseignement toute l'année",
        "nbHeureCM": "16",
        "nbHeureTD": "0",
        "nbHeureTP": "0",
        "nbHeureCMTD": "0",
        "nbGroupeCM": "0",
        "nbGroupeTD": "0",
        "nbGroupeTP": "0",
        "nbGroupeCMTD": "0",
        "nbEtuInscritElpEtape": "15",
        "nbEtuInscritElpTotal": "858",
        "volumeHoraireElpPondereEtape": ".42",
        "volumeHoraireElpTotal": "24",
        "nbEtuInscritPrevisionnelElpEtape": "811",
        "nbEtuInscritPrevisionnelElpTotal": "13",
        "nbEtape": "95"
    },
    {
        "annee": "2024",
        "codeStructureEtape": "AES",
        "libStructureEtape": "Faculté des Sciences",
        "codeEtape": "JL2SVS1",
        "libEtape": "L2-UCO SVT - Accès Santé",
        "noElement": "UE64",
        "libElement": "Biochimie, génétique et bio-informatique",
        "codeNatureElp": "MODU",
        "libNatureElp": "Module",
        "codeCNU": null,
        "libCNU": null,
        "codePeriode": "AN",
        "libPeriode": "Enseignement toute l'année",
        "nbHeureCM": "16",
        "nbHeureTD": "0",
        "nbHeureTP": "0",
        "nbHeureCMTD": "0",
        "nbGroupeCM": "0",
        "nbGroupeTD": "0",
        "nbGroupeTP": "0",
        "nbGroupeCMTD": "0",
        "nbEtuInscritElpEtape": "15",
        "nbEtuInscritElpTotal": "858",
        "volumeHoraireElpPondereEtape": ".42",
        "volumeHoraireElpTotal": "24",
        "nbEtuInscritPrevisionnelElpEtape": "811",
        "nbEtuInscritPrevisionnelElpTotal": "13",
        "nbEtape": "95"
    },
    {
        "annee": "2024",
        "codeStructureEtape": "AES",
        "libStructureEtape": "Faculté des Sciences",
        "codeEtape": "JL2SVS1",
        "libEtape": "L2-UCO SVT - Accès Santé",
        "noElement": "UE62",
        "libElement": "Mathématiques",
        "codeNatureElp": "MODU",
        "libNatureElp": "Module",
        "codeCNU": null,
        "libCNU": null,
        "codePeriode": "AN",
        "libPeriode": "Enseignement toute l'année",
        "nbHeureCM": "16",
        "nbHeureTD": "0",
        "nbHeureTP": "0",
        "nbHeureCMTD": "0",
        "nbGroupeCM": "0",
        "nbGroupeTD": "0",
        "nbGroupeTP": "0",
        "nbGroupeCMTD": "0",
        "nbEtuInscritElpEtape": "15",
        "nbEtuInscritElpTotal": "858",
        "volumeHoraireElpPondereEtape": ".42",
        "volumeHoraireElpTotal": "24",
        "nbEtuInscritPrevisionnelElpEtape": "811",
        "nbEtuInscritPrevisionnelElpTotal": "13",
        "nbEtape": "95"
    },
    {
        "annee": "2024",
        "codeStructureEtape": "AES",
        "libStructureEtape": "Faculté des Sciences",
        "codeEtape": "JL2SVS1",
        "libEtape": "L2-UCO SVT - Accès Santé",
        "noElement": "UE68",
        "libElement": "Droit et Sciences sociales",
        "codeNatureElp": "MODU",
        "libNatureElp": "Module",
        "codeCNU": null,
        "libCNU": null,
        "codePeriode": "AN",
        "libPeriode": "Enseignement toute l'année",
        "nbHeureCM": "16",
        "nbHeureTD": "0",
        "nbHeureTP": "0",
        "nbHeureCMTD": "0",
        "nbGroupeCM": "0",
        "nbGroupeTD": "0",
        "nbGroupeTP": "0",
        "nbGroupeCMTD": "0",
        "nbEtuInscritElpEtape": "15",
        "nbEtuInscritElpTotal": "858",
        "volumeHoraireElpPondereEtape": ".42",
        "volumeHoraireElpTotal": "24",
        "nbEtuInscritPrevisionnelElpEtape": "811",
        "nbEtuInscritPrevisionnelElpTotal": "13",
        "nbEtape": "95"
    },
    {
        "annee": "2024",
        "codeStructureEtape": "AES",
        "libStructureEtape": "Faculté des Sciences",
        "codeEtape": "JL2SVS1",
        "libEtape": "L2-UCO SVT - Accès Santé",
        "noElement": "UE65",
        "libElement": "Biologie cellulaire, histologie et embryologie",
        "codeNatureElp": "MODU",
        "libNatureElp": "Module",
        "codeCNU": null,
        "libCNU": null,
        "codePeriode": "AN",
        "libPeriode": "Enseignement toute l'année",
        "nbHeureCM": "16",
        "nbHeureTD": "0",
        "nbHeureTP": "0",
        "nbHeureCMTD": "0",
        "nbGroupeCM": "0",
        "nbGroupeTD": "0",
        "nbGroupeTP": "0",
        "nbGroupeCMTD": "0",
        "nbEtuInscritElpEtape": "15",
        "nbEtuInscritElpTotal": "858",
        "volumeHoraireElpPondereEtape": ".42",
        "volumeHoraireElpTotal": "24",
        "nbEtuInscritPrevisionnelElpEtape": "811",
        "nbEtuInscritPrevisionnelElpTotal": "13",
        "nbEtape": "95"
    },
    {
        "annee": "2024",
        "codeStructureEtape": "AES",
        "libStructureEtape": "Faculté des Sciences",
        "codeEtape": "JL2SVS1",
        "libEtape": "L2-UCO SVT - Accès Santé",
        "noElement": "UE61",
        "libElement": "Chimie",
        "codeNatureElp": "MODU",
        "libNatureElp": "Module",
        "codeCNU": null,
        "libCNU": null,
        "codePeriode": "AN",
        "libPeriode": "Enseignement toute l'année",
        "nbHeureCM": "16",
        "nbHeureTD": "0",
        "nbHeureTP": "0",
        "nbHeureCMTD": "0",
        "nbGroupeCM": "0",
        "nbGroupeTD": "0",
        "nbGroupeTP": "0",
        "nbGroupeCMTD": "0",
        "nbEtuInscritElpEtape": "15",
        "nbEtuInscritElpTotal": "858",
        "volumeHoraireElpPondereEtape": ".42",
        "volumeHoraireElpTotal": "24",
        "nbEtuInscritPrevisionnelElpEtape": "811",
        "nbEtuInscritPrevisionnelElpTotal": "13",
        "nbEtape": "95"
    },
    {
        "annee": "2024",
        "codeStructureEtape": "AES",
        "libStructureEtape": "Faculté des Sciences",
        "codeEtape": "JL2SVS1",
        "libEtape": "L2-UCO SVT - Accès Santé",
        "noElement": "UE60",
        "libElement": "Sciences thérapeutiques",
        "codeNatureElp": "MODU",
        "libNatureElp": "Module",
        "codeCNU": null,
        "libCNU": null,
        "codePeriode": "AN",
        "libPeriode": "Enseignement toute l'année",
        "nbHeureCM": "16",
        "nbHeureTD": "0",
        "nbHeureTP": "0",
        "nbHeureCMTD": "0",
        "nbGroupeCM": "0",
        "nbGroupeTD": "0",
        "nbGroupeTP": "0",
        "nbGroupeCMTD": "0",
        "nbEtuInscritElpEtape": "15",
        "nbEtuInscritElpTotal": "858",
        "volumeHoraireElpPondereEtape": ".42",
        "volumeHoraireElpTotal": "24",
        "nbEtuInscritPrevisionnelElpEtape": "811",
        "nbEtuInscritPrevisionnelElpTotal": "13",
        "nbEtape": "95"
    },
    {
        "annee": "2024",
        "codeStructureEtape": "AES",
        "libStructureEtape": "Faculté des Sciences",
        "codeEtape": "JL2SVS1",
        "libEtape": "L2-UCO SVT - Accès Santé",
        "noElement": "UE69",
        "libElement": "Psychologie",
        "codeNatureElp": "MODU",
        "libNatureElp": "Module",
        "codeCNU": null,
        "libCNU": null,
        "codePeriode": "AN",
        "libPeriode": "Enseignement toute l'année",
        "nbHeureCM": "16",
        "nbHeureTD": "0",
        "nbHeureTP": "0",
        "nbHeureCMTD": "0",
        "nbGroupeCM": "0",
        "nbGroupeTD": "0",
        "nbGroupeTP": "0",
        "nbGroupeCMTD": "0",
        "nbEtuInscritElpEtape": "15",
        "nbEtuInscritElpTotal": "858",
        "volumeHoraireElpPondereEtape": ".42",
        "volumeHoraireElpTotal": "24",
        "nbEtuInscritPrevisionnelElpEtape": "811",
        "nbEtuInscritPrevisionnelElpTotal": "13",
        "nbEtape": "95"
    },
    {
        "annee": "2024",
        "codeStructureEtape": "AES",
        "libStructureEtape": "Faculté des Sciences",
        "codeEtape": "JL2SVS1",
        "libEtape": "L2-UCO SVT - Accès Santé",
        "noElement": "3PE",
        "libElement": "3PE",
        "codeNatureElp": "MODU",
        "libNatureElp": "Module",
        "codeCNU": null,
        "libCNU": null,
        "codePeriode": null,
        "libPeriode": null,
        "nbHeureCM": "0",
        "nbHeureTD": "0",
        "nbHeureTP": "0",
        "nbHeureCMTD": "0",
        "nbGroupeCM": "0",
        "nbGroupeTD": "0",
        "nbGroupeTP": "0",
        "nbGroupeCMTD": "0",
        "nbEtuInscritElpEtape": "15",
        "nbEtuInscritElpTotal": "856",
        "volumeHoraireElpPondereEtape": "0",
        "volumeHoraireElpTotal": "0",
        "nbEtuInscritPrevisionnelElpEtape": "799",
        "nbEtuInscritPrevisionnelElpTotal": "13",
        "nbEtape": "95"
    },
    {
        "annee": "2024",
        "codeStructureEtape": "AES",
        "libStructureEtape": "Faculté des Sciences",
        "codeEtape": "JL2SVS1",
        "libEtape": "L2-UCO SVT - Accès Santé",
        "noElement": "UE63",
        "libElement": "Odontologie",
        "codeNatureElp": "MODU",
        "libNatureElp": "Module",
        "codeCNU": null,
        "libCNU": null,
        "codePeriode": "AN",
        "libPeriode": "Enseignement toute l'année",
        "nbHeureCM": "16",
        "nbHeureTD": "0",
        "nbHeureTP": "0",
        "nbHeureCMTD": "0",
        "nbGroupeCM": "0",
        "nbGroupeTD": "0",
        "nbGroupeTP": "0",
        "nbGroupeCMTD": "0",
        "nbEtuInscritElpEtape": "15",
        "nbEtuInscritElpTotal": "858",
        "volumeHoraireElpPondereEtape": ".42",
        "volumeHoraireElpTotal": "24",
        "nbEtuInscritPrevisionnelElpEtape": "811",
        "nbEtuInscritPrevisionnelElpTotal": "13",
        "nbEtape": "95"
    },
    {
        "annee": "2024",
        "codeStructureEtape": "AES",
        "libStructureEtape": "Faculté des Sciences",
        "codeEtape": "JL2SVS1",
        "libEtape": "L2-UCO SVT - Accès Santé",
        "noElement": "UE67",
        "libElement": "Anatomie",
        "codeNatureElp": "MODU",
        "libNatureElp": "Module",
        "codeCNU": null,
        "libCNU": null,
        "codePeriode": "AN",
        "libPeriode": "Enseignement toute l'année",
        "nbHeureCM": "16",
        "nbHeureTD": "0",
        "nbHeureTP": "0",
        "nbHeureCMTD": "0",
        "nbGroupeCM": "0",
        "nbGroupeTD": "0",
        "nbGroupeTP": "0",
        "nbGroupeCMTD": "0",
        "nbEtuInscritElpEtape": "15",
        "nbEtuInscritElpTotal": "858",
        "volumeHoraireElpPondereEtape": ".42",
        "volumeHoraireElpTotal": "24",
        "nbEtuInscritPrevisionnelElpEtape": "811",
        "nbEtuInscritPrevisionnelElpTotal": "13",
        "nbEtape": "95"
    }
]