[
    {
        "annee": "2024",
        "codeStructureEtape": "AES",
        "libStructureEtape": "Faculté des Sciences",
        "codeEtape": "TL1MP11",
        "libEtape": "L1 Sc, techno, santé / Portail MPC",
        "noElement": "EO005P",
        "libElement": "Basket",
        "codeNatureElp": "EO",
        "libNatureElp": "E2O",
        "codeCNU": null,
        "libCNU": null,
        "codePeriode": "SP",
        "libPeriode": "Semestre Pair",
        "nbHeureCM": "0",
        "nbHeureTD": "12",
        "nbHeureTP": "0",
        "nbHeureCMTD": "0",
        "nbGroupeCM": "0",
        "nbGroupeTD": "1",
        "nbGroupeTP": "0",
        "nbGroupeCMTD": "0",
        "nbEtuInscritElpEtape": "0",
        "nbEtuInscritElpTotal": "12",
        "volumeHoraireElpPondereEtape": "0",
        "volumeHoraireElpTotal": "12",
        "nbEtuInscritPrevisionnelElpEtape": "18",
        "nbEtuInscritPrevisionnelElpTotal": "0",
        "nbEtape": "168"
    },
    {
        "annee": "2024",
        "codeStructureEtape": "AES",
        "libStructureEtape": "Faculté des Sciences",
        "codeEtape": "TL1MP11",
        "libEtape": "L1 Sc, techno, santé / Portail MPC",
        "noElement": "EO019P",
        "libElement": "Musculation",
        "codeNatureElp": "EO",
        "libNatureElp": "E2O",
        "codeCNU": null,
        "libCNU": null,
        "codePeriode": "SP",
        "libPeriode": "Semestre Pair",
        "nbHeureCM": "0",
        "nbHeureTD": "12",
        "nbHeureTP": "0",
        "nbHeureCMTD": "0",
        "nbGroupeCM": "0",
        "nbGroupeTD": "1",
        "nbGroupeTP": "0",
        "nbGroupeCMTD": "0",
        "nbEtuInscritElpEtape": "0",
        "nbEtuInscritElpTotal": "23",
        "volumeHoraireElpPondereEtape": "0",
        "volumeHoraireElpTotal": "12",
        "nbEtuInscritPrevisionnelElpEtape": "23",
        "nbEtuInscritPrevisionnelElpTotal": "0",
        "nbEtape": "169"
    },
    {
        "annee": "2024",
        "codeStructureEtape": "AES",
        "libStructureEtape": "Faculté des Sciences",
        "codeEtape": "TL1MP11",
        "libEtape": "L1 Sc, techno, santé / Portail MPC",
        "noElement": "EO001P",
        "libElement": "Aïkido",
        "codeNatureElp": "EO",
        "libNatureElp": "E2O",
        "codeCNU": null,
        "libCNU": null,
        "codePeriode": "SP",
        "libPeriode": "Semestre Pair",
        "nbHeureCM": "0",
        "nbHeureTD": "12",
        "nbHeureTP": "0",
        "nbHeureCMTD": "0",
        "nbGroupeCM": "0",
        "nbGroupeTD": "1",
        "nbGroupeTP": "0",
        "nbGroupeCMTD": "0",
        "nbEtuInscritElpEtape": "0",
        "nbEtuInscritElpTotal": "0",
        "volumeHoraireElpPondereEtape": "0",
        "volumeHoraireElpTotal": "12",
        "nbEtuInscritPrevisionnelElpEtape": "3",
        "nbEtuInscritPrevisionnelElpTotal": "0",
        "nbEtape": "169"
    },
    {
        "annee": "2024",
        "codeStructureEtape": "AES",
        "libStructureEtape": "Faculté des Sciences",
        "codeEtape": "TL1MP11",
        "libEtape": "L1 Sc, techno, santé / Portail MPC",
        "noElement": "EO030P",
        "libElement": "Gymnastique",
        "codeNatureElp": "EO",
        "libNatureElp": "E2O",
        "codeCNU": null,
        "libCNU": null,
        "codePeriode": "SP",
        "libPeriode": "Semestre Pair",
        "nbHeureCM": "0",
        "nbHeureTD": "12",
        "nbHeureTP": "0",
        "nbHeureCMTD": "0",
        "nbGroupeCM": "0",
        "nbGroupeTD": "1",
        "nbGroupeTP": "0",
        "nbGroupeCMTD": "0",
        "nbEtuInscritElpEtape": "0",
        "nbEtuInscritElpTotal": "4",
        "volumeHoraireElpPondereEtape": "0",
        "volumeHoraireElpTotal": "12",
        "nbEtuInscritPrevisionnelElpEtape": "6",
        "nbEtuInscritPrevisionnelElpTotal": "0",
        "nbEtape": "168"
    },
    {
        "annee": "2024",
        "codeStructureEtape": "AES",
        "libStructureEtape": "Faculté des Sciences",
        "codeEtape": "TL1MP11",
        "libEtape": "L1 Sc, techno, santé / Portail MPC",
        "noElement": "TMX1222U",
        "libElement": "Atomistique - P2",
        "codeNatureElp": "CHAR",
        "libNatureElp": "Charges d'Enseignement",
        "codeCNU": "32",
        "libCNU": "Chimie organique, minérale, industrielle",
        "codePeriode": "02",
        "libPeriode": "Période 2",
        "nbHeureCM": "0",
        "nbHeureTD": "0",
        "nbHeureTP": "0",
        "nbHeureCMTD": "20",
        "nbGroupeCM": "1",
        "nbGroupeTD": "4",
        "nbGroupeTP": "7",
        "nbGroupeCMTD": "4",
        "nbEtuInscritElpEtape": "107",
        "nbEtuInscritElpTotal": "124",
        "volumeHoraireElpPondereEtape": "86.29",
        "volumeHoraireElpTotal": "100",
        "nbEtuInscritPrevisionnelElpEtape": "116",
        "nbEtuInscritPrevisionnelElpTotal": "106",
        "nbEtape": "2"
    },
    {
        "annee": "2024",
        "codeStructureEtape": "AES",
        "libStructureEtape": "Faculté des Sciences",
        "codeEtape": "TL1MP11",
        "libEtape": "L1 Sc, techno, santé / Portail MPC",
        "noElement": "TMX1503U",
        "libElement": "Electrostatique 2 - P5",
        "codeNatureElp": "CHAR",
        "libNatureElp": "Charges d'Enseignement",
        "codeCNU": "30",
        "libCNU": "Milieux dilués et optique",
        "codePeriode": "5",
        "libPeriode": "Enseignement du cinquième semestre",
        "nbHeureCM": "1.33",
        "nbHeureTD": "9.33",
        "nbHeureTP": "0",
        "nbHeureCMTD": "0",
        "nbGroupeCM": "1",
        "nbGroupeTD": "2",
        "nbGroupeTP": "0",
        "nbGroupeCMTD": "0",
        "nbEtuInscritElpEtape": "70",
        "nbEtuInscritElpTotal": "78",
        "volumeHoraireElpPondereEtape": "18.54",
        "volumeHoraireElpTotal": "20.66",
        "nbEtuInscritPrevisionnelElpEtape": "73",
        "nbEtuInscritPrevisionnelElpTotal": "68",
        "nbEtape": "2"
    },
    {
        "annee": "2024",
        "codeStructureEtape": "AES",
        "libStructureEtape": "Faculté des Sciences",
        "codeEtape": "TL1MP11",
        "libEtape": "L1 Sc, techno, santé / Portail MPC",
        "noElement": "TMX1120U",
        "libElement": "Analyse élémentaire - P1",
        "codeNatureElp": "CHAR",
        "libNatureElp": "Charges d'Enseignement",
        "codeCNU": "25",
        "libCNU": "Mathématiques",
        "codePeriode": "01",
        "libPeriode": "Période 1",
        "nbHeureCM": "0",
        "nbHeureTD": "0",
        "nbHeureTP": "0",
        "nbHeureCMTD": "24",
        "nbGroupeCM": "2",
        "nbGroupeTD": "9",
        "nbGroupeTP": "18",
        "nbGroupeCMTD": "9",
        "nbEtuInscritElpEtape": "109",
        "nbEtuInscritElpTotal": "343",
        "volumeHoraireElpPondereEtape": "85.8",
        "volumeHoraireElpTotal": "270",
        "nbEtuInscritPrevisionnelElpEtape": "353",
        "nbEtuInscritPrevisionnelElpTotal": "108",
        "nbEtape": "6"
    },
    {
        "annee": "2024",
        "codeStructureEtape": "AES",
        "libStructureEtape": "Faculté des Sciences",
        "codeEtape": "TL1MP11",
        "libEtape": "L1 Sc, techno, santé / Portail MPC",
        "noElement": "EO017P",
        "libElement": "Judo",
        "codeNatureElp": "EO",
        "libNatureElp": "E2O",
        "codeCNU": null,
        "libCNU": null,
        "codePeriode": "SP",
        "libPeriode": "Semestre Pair",
        "nbHeureCM": "0",
        "nbHeureTD": "12",
        "nbHeureTP": "0",
        "nbHeureCMTD": "0",
        "nbGroupeCM": "0",
        "nbGroupeTD": "1",
        "nbGroupeTP": "0",
        "nbGroupeCMTD": "0",
        "nbEtuInscritElpEtape": "0",
        "nbEtuInscritElpTotal": "6",
        "volumeHoraireElpPondereEtape": "0",
        "volumeHoraireElpTotal": "12",
        "nbEtuInscritPrevisionnelElpEtape": "6",
        "nbEtuInscritPrevisionnelElpTotal": "0",
        "nbEtape": "169"
    },
    {
        "annee": "2024",
        "codeStructureEtape": "AES",
        "libStructureEtape": "Faculté des Sciences",
        "codeEtape": "TL1MP11",
        "libEtape": "L1 Sc, techno, santé / Portail MPC",
        "noElement": "TMX1509U",
        "libElement": "Analyse et dosages - P5",
        "codeNatureElp": "CHAR",
        "libNatureElp": "Charges d'Enseignement",
        "codeCNU": "32",
        "libCNU": "Chimie organique, minérale, industrielle",
        "codePeriode": "05",
        "libPeriode": "Période 5",
        "nbHeureCM": "4",
        "nbHeureTD": "6.67",
        "nbHeureTP": "12",
        "nbHeureCMTD": "0",
        "nbGroupeCM": "1",
        "nbGroupeTD": "2",
        "nbGroupeTP": "4",
        "nbGroupeCMTD": "2",
        "nbEtuInscritElpEtape": "71",
        "nbEtuInscritElpTotal": "79",
        "volumeHoraireElpPondereEtape": "60.52",
        "volumeHoraireElpTotal": "67.34",
        "nbEtuInscritPrevisionnelElpEtape": "77",
        "nbEtuInscritPrevisionnelElpTotal": "72",
        "nbEtape": "2"
    },
    {
        "annee": "2024",
        "codeStructureEtape": "AES",
        "libStructureEtape": "Faculté des Sciences",
        "codeEtape": "TL1MP11",
        "libEtape": "L1 Sc, techno, santé / Portail MPC",
        "noElement": "TMX1221U",
        "libElement": "Algèbre élémentaire - P2",
        "codeNatureElp": "CHAR",
        "libNatureElp": "Charges d'Enseignement",
        "codeCNU": "25",
        "libCNU": "Mathématiques",
        "codePeriode": "02",
        "libPeriode": "Période 2",
        "nbHeureCM": "0",
        "nbHeureTD": "0",
        "nbHeureTP": "0",
        "nbHeureCMTD": "16",
        "nbGroupeCM": "2",
        "nbGroupeTD": "9",
        "nbGroupeTP": "18",
        "nbGroupeCMTD": "9",
        "nbEtuInscritElpEtape": "109",
        "nbEtuInscritElpTotal": "360",
        "volumeHoraireElpPondereEtape": "54.5",
        "volumeHoraireElpTotal": "180",
        "nbEtuInscritPrevisionnelElpEtape": "364",
        "nbEtuInscritPrevisionnelElpTotal": "107",
        "nbEtape": "6"
    },
    {
        "annee": "2024",
        "codeStructureEtape": "AES",
        "libStructureEtape": "Faculté des Sciences",
        "codeEtape": "TL1MP11",
        "libEtape": "L1 Sc, techno, santé / Portail MPC",
        "noElement": "EO109P",
        "libElement": "Consolider son projet d'avenir",
        "codeNatureElp": "EO",
        "libNatureElp": "E2O",
        "codeCNU": null,
        "libCNU": null,
        "codePeriode": "SP",
        "libPeriode": "Semestre Pair",
        "nbHeureCM": "0",
        "nbHeureTD": "16",
        "nbHeureTP": "0",
        "nbHeureCMTD": "0",
        "nbGroupeCM": "0",
        "nbGroupeTD": "0",
        "nbGroupeTP": "0",
        "nbGroupeCMTD": "0",
        "nbEtuInscritElpEtape": "0",
        "nbEtuInscritElpTotal": "0",
        "volumeHoraireElpPondereEtape": "0",
        "volumeHoraireElpTotal": "16",
        "nbEtuInscritPrevisionnelElpEtape": "0",
        "nbEtuInscritPrevisionnelElpTotal": "0",
        "nbEtape": "164"
    },
    {
        "annee": "2024",
        "codeStructureEtape": "AES",
        "libStructureEtape": "Faculté des Sciences",
        "codeEtape": "TL1MP11",
        "libEtape": "L1 Sc, techno, santé / Portail MPC",
        "noElement": "EO111P",
        "libElement": "Création d'entreprise : aspects commercial et financier",
        "codeNatureElp": "EO",
        "libNatureElp": "E2O",
        "codeCNU": null,
        "libCNU": null,
        "codePeriode": "SP",
        "libPeriode": "Semestre Pair",
        "nbHeureCM": "0",
        "nbHeureTD": "16",
        "nbHeureTP": "0",
        "nbHeureCMTD": "0",
        "nbGroupeCM": "0",
        "nbGroupeTD": "1",
        "nbGroupeTP": "0",
        "nbGroupeCMTD": "0",
        "nbEtuInscritElpEtape": "0",
        "nbEtuInscritElpTotal": "24",
        "volumeHoraireElpPondereEtape": "0",
        "volumeHoraireElpTotal": "16",
        "nbEtuInscritPrevisionnelElpEtape": "19",
        "nbEtuInscritPrevisionnelElpTotal": "0",
        "nbEtape": "163"
    },
    {
        "annee": "2024",
        "codeStructureEtape": "AES",
        "libStructureEtape": "Faculté des Sciences",
        "codeEtape": "TL1MP11",
        "libEtape": "L1 Sc, techno, santé / Portail MPC",
        "noElement": "TMX1403U",
        "libElement": "Arithmétique des polynômes - P4",
        "codeNatureElp": "CHAR",
        "libNatureElp": "Charges d'Enseignement",
        "codeCNU": "25",
        "libCNU": "Mathématiques",
        "codePeriode": "4",
        "libPeriode": "Enseignement du quatrième semestre",
        "nbHeureCM": "10.67",
        "nbHeureTD": "26.67",
        "nbHeureTP": "0",
        "nbHeureCMTD": "0",
        "nbGroupeCM": "1",
        "nbGroupeTD": "4",
        "nbGroupeTP": "0",
        "nbGroupeCMTD": "0",
        "nbEtuInscritElpEtape": "39",
        "nbEtuInscritElpTotal": "133",
        "volumeHoraireElpPondereEtape": "35.98",
        "volumeHoraireElpTotal": "122.69",
        "nbEtuInscritPrevisionnelElpEtape": "126",
        "nbEtuInscritPrevisionnelElpTotal": "36",
        "nbEtape": "5"
    },
    {
        "annee": "2024",
        "codeStructureEtape": "AES",
        "libStructureEtape": "Faculté des Sciences",
        "codeEtape": "TL1MP11",
        "libEtape": "L1 Sc, techno, santé / Portail MPC",
        "noElement": "TMX1301U",
        "libElement": "Fondements d'analyse - P3",
        "codeNatureElp": "CHAR",
        "libNatureElp": "Charges d'Enseignement",
        "codeCNU": "25",
        "libCNU": "Mathématiques",
        "codePeriode": "3",
        "libPeriode": "Enseignement du troisième semestre",
        "nbHeureCM": "0",
        "nbHeureTD": "0",
        "nbHeureTP": "0",
        "nbHeureCMTD": "28",
        "nbGroupeCM": "0",
        "nbGroupeTD": "0",
        "nbGroupeTP": "0",
        "nbGroupeCMTD": "5",
        "nbEtuInscritElpEtape": "39",
        "nbEtuInscritElpTotal": "164",
        "volumeHoraireElpPondereEtape": "41.62",
        "volumeHoraireElpTotal": "175",
        "nbEtuInscritPrevisionnelElpEtape": "160",
        "nbEtuInscritPrevisionnelElpTotal": "37",
        "nbEtape": "6"
    },
    {
        "annee": "2024",
        "codeStructureEtape": "AES",
        "libStructureEtape": "Faculté des Sciences",
        "codeEtape": "TL1MP11",
        "libEtape": "L1 Sc, techno, santé / Portail MPC",
        "noElement": "EO113P",
        "libElement": "Journalisme : interviews et portraits d'entreprises",
        "codeNatureElp": "EO",
        "libNatureElp": "E2O",
        "codeCNU": null,
        "libCNU": null,
        "codePeriode": "SP",
        "libPeriode": "Semestre Pair",
        "nbHeureCM": "0",
        "nbHeureTD": "16",
        "nbHeureTP": "0",
        "nbHeureCMTD": "0",
        "nbGroupeCM": "0",
        "nbGroupeTD": "0",
        "nbGroupeTP": "0",
        "nbGroupeCMTD": "0",
        "nbEtuInscritElpEtape": "0",
        "nbEtuInscritElpTotal": "0",
        "volumeHoraireElpPondereEtape": "0",
        "volumeHoraireElpTotal": "16",
        "nbEtuInscritPrevisionnelElpEtape": "0",
        "nbEtuInscritPrevisionnelElpTotal": "0",
        "nbEtape": "88"
    },
    {
        "annee": "2024",
        "codeStructureEtape": "AES",
        "libStructureEtape": "Faculté des Sciences",
        "codeEtape": "TL1MP11",
        "libEtape": "L1 Sc, techno, santé / Portail MPC",
        "noElement": "TMX1259U",
        "libElement": "Expression écrite et orale - P2",
        "codeNatureElp": "CHAR",
        "libNatureElp": "Charges d'Enseignement",
        "codeCNU": "09",
        "libCNU": "Langue et littérature françaises",
        "codePeriode": "2",
        "libPeriode": "Enseignement du second semestre",
        "nbHeureCM": "0",
        "nbHeureTD": "0",
        "nbHeureTP": "2.67",
        "nbHeureCMTD": "2.67",
        "nbGroupeCM": "0",
        "nbGroupeTD": "0",
        "nbGroupeTP": "13",
        "nbGroupeCMTD": "7",
        "nbEtuInscritElpEtape": "103",
        "nbEtuInscritElpTotal": "259",
        "volumeHoraireElpPondereEtape": "23.09",
        "volumeHoraireElpTotal": "58.07",
        "nbEtuInscritPrevisionnelElpEtape": "249",
        "nbEtuInscritPrevisionnelElpTotal": "99",
        "nbEtape": "3"
    },
    {
        "annee": "2024",
        "codeStructureEtape": "AES",
        "libStructureEtape": "Faculté des Sciences",
        "codeEtape": "TL1MP11",
        "libEtape": "L1 Sc, techno, santé / Portail MPC",
        "noElement": "EO090P",
        "libElement": "Buddy system",
        "codeNatureElp": "EO",
        "libNatureElp": "E2O",
        "codeCNU": null,
        "libCNU": null,
        "codePeriode": "SP",
        "libPeriode": "Semestre Pair",
        "nbHeureCM": "0",
        "nbHeureTD": "16",
        "nbHeureTP": "0",
        "nbHeureCMTD": "0",
        "nbGroupeCM": "0",
        "nbGroupeTD": "1",
        "nbGroupeTP": "0",
        "nbGroupeCMTD": "0",
        "nbEtuInscritElpEtape": "0",
        "nbEtuInscritElpTotal": "1",
        "volumeHoraireElpPondereEtape": "0",
        "volumeHoraireElpTotal": "16",
        "nbEtuInscritPrevisionnelElpEtape": "13",
        "nbEtuInscritPrevisionnelElpTotal": "0",
        "nbEtape": "163"
    },
    {
        "annee": "2024",
        "codeStructureEtape": "AES",
        "libStructureEtape": "Faculté des Sciences",
        "codeEtape": "TL1MP11",
        "libEtape": "L1 Sc, techno, santé / Portail MPC",
        "noElement": "EO114P",
        "libElement": "Du CV à l'entretien, maximiser vos chances d'être retenu",
        "codeNatureElp": "EO",
        "libNatureElp": "E2O",
        "codeCNU": null,
        "libCNU": null,
        "codePeriode": "SP",
        "libPeriode": "Semestre Pair",
        "nbHeureCM": "0",
        "nbHeureTD": "16",
        "nbHeureTP": "0",
        "nbHeureCMTD": "0",
        "nbGroupeCM": "0",
        "nbGroupeTD": "1",
        "nbGroupeTP": "0",
        "nbGroupeCMTD": "0",
        "nbEtuInscritElpEtape": "0",
        "nbEtuInscritElpTotal": "21",
        "volumeHoraireElpPondereEtape": "0",
        "volumeHoraireElpTotal": "16",
        "nbEtuInscritPrevisionnelElpEtape": "0",
        "nbEtuInscritPrevisionnelElpTotal": "0",
        "nbEtape": "164"
    },
    {
        "annee": "2024",
        "codeStructureEtape": "AES",
        "libStructureEtape": "Faculté des Sciences",
        "codeEtape": "TL1MP11",
        "libEtape": "L1 Sc, techno, santé / Portail MPC",
        "noElement": "EO072P",
        "libElement": "Initiation à la langue des signes",
        "codeNatureElp": "EO",
        "libNatureElp": "E2O",
        "codeCNU": null,
        "libCNU": null,
        "codePeriode": "SP",
        "libPeriode": "Semestre Pair",
        "nbHeureCM": "0",
        "nbHeureTD": "16",
        "nbHeureTP": "0",
        "nbHeureCMTD": "0",
        "nbGroupeCM": "0",
        "nbGroupeTD": "0",
        "nbGroupeTP": "0",
        "nbGroupeCMTD": "0",
        "nbEtuInscritElpEtape": "0",
        "nbEtuInscritElpTotal": "0",
        "volumeHoraireElpPondereEtape": "0",
        "volumeHoraireElpTotal": "16",
        "nbEtuInscritPrevisionnelElpEtape": "0",
        "nbEtuInscritPrevisionnelElpTotal": "0",
        "nbEtape": "163"
    },
    {
        "annee": "2024",
        "codeStructureEtape": "AES",
        "libStructureEtape": "Faculté des Sciences",
        "codeEtape": "TL1MP11",
        "libEtape": "L1 Sc, techno, santé / Portail MPC",
        "noElement": "EO135P",
        "libElement": "Valorisation de l'engagement étudiant",
        "codeNatureElp": "EO",
        "libNatureElp": "E2O",
        "codeCNU": null,
        "libCNU": null,
        "codePeriode": "SP",
        "libPeriode": "Semestre Pair",
        "nbHeureCM": "0",
        "nbHeureTD": "16",
        "nbHeureTP": "0",
        "nbHeureCMTD": "0",
        "nbGroupeCM": "0",
        "nbGroupeTD": "1",
        "nbGroupeTP": "0",
        "nbGroupeCMTD": "0",
        "nbEtuInscritElpEtape": "0",
        "nbEtuInscritElpTotal": "18",
        "volumeHoraireElpPondereEtape": "0",
        "volumeHoraireElpTotal": "16",
        "nbEtuInscritPrevisionnelElpEtape": "0",
        "nbEtuInscritPrevisionnelElpTotal": "0",
        "nbEtape": "163"
    },
    {
        "annee": "2024",
        "codeStructureEtape": "AES",
        "libStructureEtape": "Faculté des Sciences",
        "codeEtape": "TL1MP11",
        "libEtape": "L1 Sc, techno, santé / Portail MPC",
        "noElement": "TMX1453U",
        "libElement": "Anglais - P4",
        "codeNatureElp": "CHAR",
        "libNatureElp": "Charges d'Enseignement",
        "codeCNU": "11",
        "libCNU": "Langues et littératures anglaises et anglo-saxonnes",
        "codePeriode": "04",
        "libPeriode": "Période 4",
        "nbHeureCM": "0",
        "nbHeureTD": "1.33",
        "nbHeureTP": "6.67",
        "nbHeureCMTD": "0",
        "nbGroupeCM": "2",
        "nbGroupeTD": "7",
        "nbGroupeTP": "14",
        "nbGroupeCMTD": "7",
        "nbEtuInscritElpEtape": "106",
        "nbEtuInscritElpTotal": "276",
        "volumeHoraireElpPondereEtape": "39.44",
        "volumeHoraireElpTotal": "102.69",
        "nbEtuInscritPrevisionnelElpEtape": "277",
        "nbEtuInscritPrevisionnelElpTotal": "101",
        "nbEtape": "4"
    },
    {
        "annee": "2024",
        "codeStructureEtape": "AES",
        "libStructureEtape": "Faculté des Sciences",
        "codeEtape": "TL1MP11",
        "libEtape": "L1 Sc, techno, santé / Portail MPC",
        "noElement": "TMX1309V",
        "libElement": "Equilibres acido-basiques - P3",
        "codeNatureElp": "CHAR",
        "libNatureElp": "Charges d'Enseignement",
        "codeCNU": "32",
        "libCNU": "Chimie organique, minérale, industrielle",
        "codePeriode": "03",
        "libPeriode": "Période 3",
        "nbHeureCM": "0",
        "nbHeureTD": "0",
        "nbHeureTP": "0",
        "nbHeureCMTD": "20",
        "nbGroupeCM": "0",
        "nbGroupeTD": "0",
        "nbGroupeTP": "0",
        "nbGroupeCMTD": "2",
        "nbEtuInscritElpEtape": "71",
        "nbEtuInscritElpTotal": "79",
        "volumeHoraireElpPondereEtape": "44.94",
        "volumeHoraireElpTotal": "50",
        "nbEtuInscritPrevisionnelElpEtape": "77",
        "nbEtuInscritPrevisionnelElpTotal": "72",
        "nbEtape": "2"
    },
    {
        "annee": "2024",
        "codeStructureEtape": "AES",
        "libStructureEtape": "Faculté des Sciences",
        "codeEtape": "TL1MP11",
        "libEtape": "L1 Sc, techno, santé / Portail MPC",
        "noElement": "TMX1413U",
        "libElement": "Fondements d'analyse - P4",
        "codeNatureElp": "CHAR",
        "libNatureElp": "Charges d'Enseignement",
        "codeCNU": "25",
        "libCNU": "Mathématiques",
        "codePeriode": "4",
        "libPeriode": "Enseignement du quatrième semestre",
        "nbHeureCM": "0",
        "nbHeureTD": "0",
        "nbHeureTP": "0",
        "nbHeureCMTD": "29.33",
        "nbGroupeCM": "0",
        "nbGroupeTD": "0",
        "nbGroupeTP": "0",
        "nbGroupeCMTD": "5",
        "nbEtuInscritElpEtape": "39",
        "nbEtuInscritElpTotal": "164",
        "volumeHoraireElpPondereEtape": "43.59",
        "volumeHoraireElpTotal": "183.31",
        "nbEtuInscritPrevisionnelElpEtape": "160",
        "nbEtuInscritPrevisionnelElpTotal": "37",
        "nbEtape": "6"
    },
    {
        "annee": "2024",
        "codeStructureEtape": "AES",
        "libStructureEtape": "Faculté des Sciences",
        "codeEtape": "TL1MP11",
        "libEtape": "L1 Sc, techno, santé / Portail MPC",
        "noElement": "TMX1159U",
        "libElement": "Expression écrite et orale - P1",
        "codeNatureElp": "CHAR",
        "libNatureElp": "Charges d'Enseignement",
        "codeCNU": "09",
        "libCNU": "Langue et littérature françaises",
        "codePeriode": "1",
        "libPeriode": "Enseignement du premier semestre",
        "nbHeureCM": "0",
        "nbHeureTD": "0",
        "nbHeureTP": "0",
        "nbHeureCMTD": "6.67",
        "nbGroupeCM": "0",
        "nbGroupeTD": "0",
        "nbGroupeTP": "0",
        "nbGroupeCMTD": "7",
        "nbEtuInscritElpEtape": "103",
        "nbEtuInscritElpTotal": "259",
        "volumeHoraireElpPondereEtape": "23.21",
        "volumeHoraireElpTotal": "58.36",
        "nbEtuInscritPrevisionnelElpEtape": "249",
        "nbEtuInscritPrevisionnelElpTotal": "99",
        "nbEtape": "3"
    },
    {
        "annee": "2024",
        "codeStructureEtape": "AES",
        "libStructureEtape": "Faculté des Sciences",
        "codeEtape": "TL1MP11",
        "libEtape": "L1 Sc, techno, santé / Portail MPC",
        "noElement": "TMX1418U",
        "libElement": "Electrostatique 1 - P4",
        "codeNatureElp": "CHAR",
        "libNatureElp": "Charges d'Enseignement",
        "codeCNU": "30",
        "libCNU": "Milieux dilués et optique",
        "codePeriode": "4",
        "libPeriode": "Enseignement du quatrième semestre",
        "nbHeureCM": "5.33",
        "nbHeureTD": "10.67",
        "nbHeureTP": "0",
        "nbHeureCMTD": "0",
        "nbGroupeCM": "1",
        "nbGroupeTD": "2",
        "nbGroupeTP": "0",
        "nbGroupeCMTD": "0",
        "nbEtuInscritElpEtape": "69",
        "nbEtuInscritElpTotal": "77",
        "volumeHoraireElpPondereEtape": "26.29",
        "volumeHoraireElpTotal": "29.34",
        "nbEtuInscritPrevisionnelElpEtape": "75",
        "nbEtuInscritPrevisionnelElpTotal": "70",
        "nbEtape": "2"
    },
    {
        "annee": "2024",
        "codeStructureEtape": "AES",
        "libStructureEtape": "Faculté des Sciences",
        "codeEtape": "TL1MP11",
        "libEtape": "L1 Sc, techno, santé / Portail MPC",
        "noElement": "TMX1211V",
        "libElement": "Cinétique - G4",
        "codeNatureElp": "CHAR",
        "libNatureElp": "Charges d'Enseignement",
        "codeCNU": "32",
        "libCNU": "Chimie organique, minérale, industrielle",
        "codePeriode": "02",
        "libPeriode": "Période 2",
        "nbHeureCM": "0",
        "nbHeureTD": "0",
        "nbHeureTP": "4",
        "nbHeureCMTD": "0",
        "nbGroupeCM": "0",
        "nbGroupeTD": "0",
        "nbGroupeTP": "1",
        "nbGroupeCMTD": "0",
        "nbEtuInscritElpEtape": "107",
        "nbEtuInscritElpTotal": "124",
        "volumeHoraireElpPondereEtape": "3.45",
        "volumeHoraireElpTotal": "4",
        "nbEtuInscritPrevisionnelElpEtape": "114",
        "nbEtuInscritPrevisionnelElpTotal": "104",
        "nbEtape": "2"
    },
    {
        "annee": "2024",
        "codeStructureEtape": "AES",
        "libStructureEtape": "Faculté des Sciences",
        "codeEtape": "TL1MP11",
        "libEtape": "L1 Sc, techno, santé / Portail MPC",
        "noElement": "TMX1211U",
        "libElement": "Cinétique - P2",
        "codeNatureElp": "CHAR",
        "libNatureElp": "Charges d'Enseignement",
        "codeCNU": "32",
        "libCNU": "Chimie organique, minérale, industrielle",
        "codePeriode": "1",
        "libPeriode": "Enseignement du premier semestre",
        "nbHeureCM": "0",
        "nbHeureTD": "0",
        "nbHeureTP": "13.33",
        "nbHeureCMTD": "0",
        "nbGroupeCM": "0",
        "nbGroupeTD": "0",
        "nbGroupeTP": "7",
        "nbGroupeCMTD": "0",
        "nbEtuInscritElpEtape": "108",
        "nbEtuInscritElpTotal": "125",
        "volumeHoraireElpPondereEtape": "80.62",
        "volumeHoraireElpTotal": "93.31",
        "nbEtuInscritPrevisionnelElpEtape": "114",
        "nbEtuInscritPrevisionnelElpTotal": "104",
        "nbEtape": "2"
    },
    {
        "annee": "2024",
        "codeStructureEtape": "AES",
        "libStructureEtape": "Faculté des Sciences",
        "codeEtape": "TL1MP11",
        "libEtape": "L1 Sc, techno, santé / Portail MPC",
        "noElement": "EO074P",
        "libElement": "Sensibilisation à la diversité",
        "codeNatureElp": "EO",
        "libNatureElp": "E2O",
        "codeCNU": null,
        "libCNU": null,
        "codePeriode": "SP",
        "libPeriode": "Semestre Pair",
        "nbHeureCM": "0",
        "nbHeureTD": "16",
        "nbHeureTP": "0",
        "nbHeureCMTD": "0",
        "nbGroupeCM": "0",
        "nbGroupeTD": "1",
        "nbGroupeTP": "0",
        "nbGroupeCMTD": "0",
        "nbEtuInscritElpEtape": "0",
        "nbEtuInscritElpTotal": "0",
        "volumeHoraireElpPondereEtape": "0",
        "volumeHoraireElpTotal": "16",
        "nbEtuInscritPrevisionnelElpEtape": "13",
        "nbEtuInscritPrevisionnelElpTotal": "0",
        "nbEtape": "164"
    },
    {
        "annee": "2024",
        "codeStructureEtape": "AES",
        "libStructureEtape": "Faculté des Sciences",
        "codeEtape": "TL1MP11",
        "libEtape": "L1 Sc, techno, santé / Portail MPC",
        "noElement": "TMX1114U",
        "libElement": "Mécanique - G4",
        "codeNatureElp": "CHAR",
        "libNatureElp": "Charges d'Enseignement",
        "codeCNU": "30",
        "libCNU": "Milieux dilués et optique",
        "codePeriode": "01",
        "libPeriode": "Période 1",
        "nbHeureCM": "0",
        "nbHeureTD": "4",
        "nbHeureTP": "0",
        "nbHeureCMTD": "0",
        "nbGroupeCM": "1",
        "nbGroupeTD": "1",
        "nbGroupeTP": "7",
        "nbGroupeCMTD": "4",
        "nbEtuInscritElpEtape": "111",
        "nbEtuInscritElpTotal": "128",
        "volumeHoraireElpPondereEtape": "3.47",
        "volumeHoraireElpTotal": "4",
        "nbEtuInscritPrevisionnelElpEtape": "118",
        "nbEtuInscritPrevisionnelElpTotal": "108",
        "nbEtape": "2"
    },
    {
        "annee": "2024",
        "codeStructureEtape": "AES",
        "libStructureEtape": "Faculté des Sciences",
        "codeEtape": "TL1MP11",
        "libEtape": "L1 Sc, techno, santé / Portail MPC",
        "noElement": "EO013P",
        "libElement": "Football féminin",
        "codeNatureElp": "EO",
        "libNatureElp": "E2O",
        "codeCNU": null,
        "libCNU": null,
        "codePeriode": "SP",
        "libPeriode": "Semestre Pair",
        "nbHeureCM": "0",
        "nbHeureTD": "12",
        "nbHeureTP": "0",
        "nbHeureCMTD": "0",
        "nbGroupeCM": "0",
        "nbGroupeTD": "1",
        "nbGroupeTP": "0",
        "nbGroupeCMTD": "0",
        "nbEtuInscritElpEtape": "0",
        "nbEtuInscritElpTotal": "6",
        "volumeHoraireElpPondereEtape": "0",
        "volumeHoraireElpTotal": "12",
        "nbEtuInscritPrevisionnelElpEtape": "10",
        "nbEtuInscritPrevisionnelElpTotal": "0",
        "nbEtape": "169"
    },
    {
        "annee": "2024",
        "codeStructureEtape": "AES",
        "libStructureEtape": "Faculté des Sciences",
        "codeEtape": "TL1MP11",
        "libEtape": "L1 Sc, techno, santé / Portail MPC",
        "noElement": "TMX1502U",
        "libElement": "Algorithmique Python + Projet pour PC - P5",
        "codeNatureElp": "CHAR",
        "libNatureElp": "Charges d'Enseignement",
        "codeCNU": null,
        "libCNU": null,
        "codePeriode": "4",
        "libPeriode": "Enseignement du quatrième semestre",
        "nbHeureCM": "6.67",
        "nbHeureTD": "0",
        "nbHeureTP": "10",
        "nbHeureCMTD": "0",
        "nbGroupeCM": "1",
        "nbGroupeTD": "0",
        "nbGroupeTP": "6",
        "nbGroupeCMTD": "0",
        "nbEtuInscritElpEtape": "104",
        "nbEtuInscritElpTotal": "120",
        "volumeHoraireElpPondereEtape": "60.68",
        "volumeHoraireElpTotal": "70.01",
        "nbEtuInscritPrevisionnelElpEtape": "109",
        "nbEtuInscritPrevisionnelElpTotal": "99",
        "nbEtape": "2"
    },
    {
        "annee": "2024",
        "codeStructureEtape": "AES",
        "libStructureEtape": "Faculté des Sciences",
        "codeEtape": "TL1MP11",
        "libEtape": "L1 Sc, techno, santé / Portail MPC",
        "noElement": "EO025P",
        "libElement": "Tir à l'arc",
        "codeNatureElp": "EO",
        "libNatureElp": "E2O",
        "codeCNU": null,
        "libCNU": null,
        "codePeriode": "SP",
        "libPeriode": "Semestre Pair",
        "nbHeureCM": "0",
        "nbHeureTD": "12",
        "nbHeureTP": "0",
        "nbHeureCMTD": "0",
        "nbGroupeCM": "0",
        "nbGroupeTD": "1",
        "nbGroupeTP": "0",
        "nbGroupeCMTD": "0",
        "nbEtuInscritElpEtape": "0",
        "nbEtuInscritElpTotal": "8",
        "volumeHoraireElpPondereEtape": "0",
        "volumeHoraireElpTotal": "12",
        "nbEtuInscritPrevisionnelElpEtape": "6",
        "nbEtuInscritPrevisionnelElpTotal": "0",
        "nbEtape": "169"
    },
    {
        "annee": "2024",
        "codeStructureEtape": "AES",
        "libStructureEtape": "Faculté des Sciences",
        "codeEtape": "TL1MP11",
        "libEtape": "L1 Sc, techno, santé / Portail MPC",
        "noElement": "EO004P",
        "libElement": "Badminton",
        "codeNatureElp": "EO",
        "libNatureElp": "E2O",
        "codeCNU": null,
        "libCNU": null,
        "codePeriode": "SP",
        "libPeriode": "Semestre Pair",
        "nbHeureCM": "0",
        "nbHeureTD": "12",
        "nbHeureTP": "0",
        "nbHeureCMTD": "0",
        "nbGroupeCM": "0",
        "nbGroupeTD": "2",
        "nbGroupeTP": "0",
        "nbGroupeCMTD": "0",
        "nbEtuInscritElpEtape": "1",
        "nbEtuInscritElpTotal": "52",
        "volumeHoraireElpPondereEtape": ".46",
        "volumeHoraireElpTotal": "24",
        "nbEtuInscritPrevisionnelElpEtape": "12",
        "nbEtuInscritPrevisionnelElpTotal": "0",
        "nbEtape": "169"
    },
    {
        "annee": "2024",
        "codeStructureEtape": "AES",
        "libStructureEtape": "Faculté des Sciences",
        "codeEtape": "TL1MP11",
        "libEtape": "L1 Sc, techno, santé / Portail MPC",
        "noElement": "EO016P",
        "libElement": "Handball",
        "codeNatureElp": "EO",
        "libNatureElp": "E2O",
        "codeCNU": null,
        "libCNU": null,
        "codePeriode": "SP",
        "libPeriode": "Semestre Pair",
        "nbHeureCM": "0",
        "nbHeureTD": "12",
        "nbHeureTP": "0",
        "nbHeureCMTD": "0",
        "nbGroupeCM": "0",
        "nbGroupeTD": "1",
        "nbGroupeTP": "0",
        "nbGroupeCMTD": "0",
        "nbEtuInscritElpEtape": "0",
        "nbEtuInscritElpTotal": "6",
        "volumeHoraireElpPondereEtape": "0",
        "volumeHoraireElpTotal": "12",
        "nbEtuInscritPrevisionnelElpEtape": "5",
        "nbEtuInscritPrevisionnelElpTotal": "0",
        "nbEtape": "168"
    },
    {
        "annee": "2024",
        "codeStructureEtape": "AES",
        "libStructureEtape": "Faculté des Sciences",
        "codeEtape": "TL1MP11",
        "libEtape": "L1 Sc, techno, santé / Portail MPC",
        "noElement": "TMX1410U",
        "libElement": "Chimie organique - P4",
        "codeNatureElp": "CHAR",
        "libNatureElp": "Charges d'Enseignement",
        "codeCNU": "32",
        "libCNU": "Chimie organique, minérale, industrielle",
        "codePeriode": "04",
        "libPeriode": "Période 4",
        "nbHeureCM": "6",
        "nbHeureTD": "6.67",
        "nbHeureTP": "9",
        "nbHeureCMTD": "0",
        "nbGroupeCM": "1",
        "nbGroupeTD": "2",
        "nbGroupeTP": "3",
        "nbGroupeCMTD": "2",
        "nbEtuInscritElpEtape": "52",
        "nbEtuInscritElpTotal": "60",
        "volumeHoraireElpPondereEtape": "42.76",
        "volumeHoraireElpTotal": "49.34",
        "nbEtuInscritPrevisionnelElpEtape": "60",
        "nbEtuInscritPrevisionnelElpTotal": "55",
        "nbEtape": "2"
    },
    {
        "annee": "2024",
        "codeStructureEtape": "AES",
        "libStructureEtape": "Faculté des Sciences",
        "codeEtape": "TL1MP11",
        "libEtape": "L1 Sc, techno, santé / Portail MPC",
        "noElement": "EO011P",
        "libElement": "Escalade",
        "codeNatureElp": "EO",
        "libNatureElp": "E2O",
        "codeCNU": null,
        "libCNU": null,
        "codePeriode": "SP",
        "libPeriode": "Semestre Pair",
        "nbHeureCM": "0",
        "nbHeureTD": "12",
        "nbHeureTP": "0",
        "nbHeureCMTD": "0",
        "nbGroupeCM": "0",
        "nbGroupeTD": "1",
        "nbGroupeTP": "0",
        "nbGroupeCMTD": "0",
        "nbEtuInscritElpEtape": "0",
        "nbEtuInscritElpTotal": "26",
        "volumeHoraireElpPondereEtape": "0",
        "volumeHoraireElpTotal": "12",
        "nbEtuInscritPrevisionnelElpEtape": "18",
        "nbEtuInscritPrevisionnelElpTotal": "0",
        "nbEtape": "169"
    },
    {
        "annee": "2024",
        "codeStructureEtape": "AES",
        "libStructureEtape": "Faculté des Sciences",
        "codeEtape": "TL1MP11",
        "libEtape": "L1 Sc, techno, santé / Portail MPC",
        "noElement": "TMX1415U",
        "libElement": "Fondements d'analyse pour PC - P4",
        "codeNatureElp": "CHAR",
        "libNatureElp": "Charges d'Enseignement",
        "codeCNU": "25",
        "libCNU": "Mathématiques",
        "codePeriode": "4",
        "libPeriode": "Enseignement du quatrième semestre",
        "nbHeureCM": "0",
        "nbHeureTD": "0",
        "nbHeureTP": "0",
        "nbHeureCMTD": "16",
        "nbGroupeCM": "0",
        "nbGroupeTD": "0",
        "nbGroupeTP": "0",
        "nbGroupeCMTD": "2",
        "nbEtuInscritElpEtape": "70",
        "nbEtuInscritElpTotal": "78",
        "volumeHoraireElpPondereEtape": "35.9",
        "volumeHoraireElpTotal": "40",
        "nbEtuInscritPrevisionnelElpEtape": "75",
        "nbEtuInscritPrevisionnelElpTotal": "70",
        "nbEtape": "2"
    },
    {
        "annee": "2024",
        "codeStructureEtape": "AES",
        "libStructureEtape": "Faculté des Sciences",
        "codeEtape": "TL1MP11",
        "libEtape": "L1 Sc, techno, santé / Portail MPC",
        "noElement": "TMX1207U",
        "libElement": "Mécanique - P2",
        "codeNatureElp": "CHAR",
        "libNatureElp": "Charges d'Enseignement",
        "codeCNU": "30",
        "libCNU": "Milieux dilués et optique",
        "codePeriode": "2",
        "libPeriode": "Enseignement du second semestre",
        "nbHeureCM": "0",
        "nbHeureTD": "0",
        "nbHeureTP": "0",
        "nbHeureCMTD": "20",
        "nbGroupeCM": "0",
        "nbGroupeTD": "0",
        "nbGroupeTP": "0",
        "nbGroupeCMTD": "4",
        "nbEtuInscritElpEtape": "112",
        "nbEtuInscritElpTotal": "129",
        "volumeHoraireElpPondereEtape": "86.82",
        "volumeHoraireElpTotal": "100",
        "nbEtuInscritPrevisionnelElpEtape": "118",
        "nbEtuInscritPrevisionnelElpTotal": "108",
        "nbEtape": "2"
    },
    {
        "annee": "2024",
        "codeStructureEtape": "AES",
        "libStructureEtape": "Faculté des Sciences",
        "codeEtape": "TL1MP11",
        "libEtape": "L1 Sc, techno, santé / Portail MPC",
        "noElement": "TMX1358U",
        "libElement": "Projet personnel et professionnel - P3 - MPC MI",
        "codeNatureElp": "CHAR",
        "libNatureElp": "Charges d'Enseignement",
        "codeCNU": null,
        "libCNU": null,
        "codePeriode": "3",
        "libPeriode": "Enseignement du troisième semestre",
        "nbHeureCM": "0",
        "nbHeureTD": "2.67",
        "nbHeureTP": "0",
        "nbHeureCMTD": "0",
        "nbGroupeCM": "0",
        "nbGroupeTD": "7",
        "nbGroupeTP": "0",
        "nbGroupeCMTD": "0",
        "nbEtuInscritElpEtape": "106",
        "nbEtuInscritElpTotal": "257",
        "volumeHoraireElpPondereEtape": "7.71",
        "volumeHoraireElpTotal": "18.69",
        "nbEtuInscritPrevisionnelElpEtape": "258",
        "nbEtuInscritPrevisionnelElpTotal": "100",
        "nbEtape": "3"
    },
    {
        "annee": "2024",
        "codeStructureEtape": "AES",
        "libStructureEtape": "Faculté des Sciences",
        "codeEtape": "TL1MP11",
        "libEtape": "L1 Sc, techno, santé / Portail MPC",
        "noElement": "TMX1310V",
        "libElement": "Chimie organique - P3",
        "codeNatureElp": "CHAR",
        "libNatureElp": "Charges d'Enseignement",
        "codeCNU": "32",
        "libCNU": "Chimie organique, minérale, industrielle",
        "codePeriode": "03",
        "libPeriode": "Période 3",
        "nbHeureCM": "0",
        "nbHeureTD": "0",
        "nbHeureTP": "0",
        "nbHeureCMTD": "12",
        "nbGroupeCM": "1",
        "nbGroupeTD": "2",
        "nbGroupeTP": "3",
        "nbGroupeCMTD": "2",
        "nbEtuInscritElpEtape": "52",
        "nbEtuInscritElpTotal": "60",
        "volumeHoraireElpPondereEtape": "26",
        "volumeHoraireElpTotal": "30",
        "nbEtuInscritPrevisionnelElpEtape": "60",
        "nbEtuInscritPrevisionnelElpTotal": "55",
        "nbEtape": "2"
    },
    {
        "annee": "2024",
        "codeStructureEtape": "AES",
        "libStructureEtape": "Faculté des Sciences",
        "codeEtape": "TL1MP11",
        "libEtape": "L1 Sc, techno, santé / Portail MPC",
        "noElement": "TMX1314U",
        "libElement": "Mécanique - P3",
        "codeNatureElp": "CHAR",
        "libNatureElp": "Charges d'Enseignement",
        "codeCNU": "30",
        "libCNU": "Milieux dilués et optique",
        "codePeriode": "3",
        "libPeriode": "Enseignement du troisième semestre",
        "nbHeureCM": "0",
        "nbHeureTD": "0",
        "nbHeureTP": "0",
        "nbHeureCMTD": "13.33",
        "nbGroupeCM": "0",
        "nbGroupeTD": "0",
        "nbGroupeTP": "0",
        "nbGroupeCMTD": "4",
        "nbEtuInscritElpEtape": "110",
        "nbEtuInscritElpTotal": "126",
        "volumeHoraireElpPondereEtape": "58.19",
        "volumeHoraireElpTotal": "66.65",
        "nbEtuInscritPrevisionnelElpEtape": "118",
        "nbEtuInscritPrevisionnelElpTotal": "108",
        "nbEtape": "2"
    },
    {
        "annee": "2024",
        "codeStructureEtape": "AES",
        "libStructureEtape": "Faculté des Sciences",
        "codeEtape": "TL1MP11",
        "libEtape": "L1 Sc, techno, santé / Portail MPC",
        "noElement": "TMX1256U",
        "libElement": "BienvenUA - M, PC et I",
        "codeNatureElp": "CHAR",
        "libNatureElp": "Charges d'Enseignement",
        "codeCNU": null,
        "libCNU": null,
        "codePeriode": "02",
        "libPeriode": "Période 2",
        "nbHeureCM": "0",
        "nbHeureTD": "0",
        "nbHeureTP": "0",
        "nbHeureCMTD": "0",
        "nbGroupeCM": "0",
        "nbGroupeTD": "0",
        "nbGroupeTP": "0",
        "nbGroupeCMTD": "0",
        "nbEtuInscritElpEtape": "111",
        "nbEtuInscritElpTotal": "282",
        "volumeHoraireElpPondereEtape": "0",
        "volumeHoraireElpTotal": "0",
        "nbEtuInscritPrevisionnelElpEtape": "281",
        "nbEtuInscritPrevisionnelElpTotal": "110",
        "nbEtape": "3"
    },
    {
        "annee": "2024",
        "codeStructureEtape": "AES",
        "libStructureEtape": "Faculté des Sciences",
        "codeEtape": "TL1MP11",
        "libEtape": "L1 Sc, techno, santé / Portail MPC",
        "noElement": "TMX1304U",
        "libElement": "Fondements d'analyse pour PC - P3",
        "codeNatureElp": "CHAR",
        "libNatureElp": "Charges d'Enseignement",
        "codeCNU": "25",
        "libCNU": "Mathématiques",
        "codePeriode": "3",
        "libPeriode": "Enseignement du troisième semestre",
        "nbHeureCM": "0",
        "nbHeureTD": "0",
        "nbHeureTP": "0",
        "nbHeureCMTD": "16",
        "nbGroupeCM": "0",
        "nbGroupeTD": "0",
        "nbGroupeTP": "0",
        "nbGroupeCMTD": "2",
        "nbEtuInscritElpEtape": "70",
        "nbEtuInscritElpTotal": "78",
        "volumeHoraireElpPondereEtape": "35.9",
        "volumeHoraireElpTotal": "40",
        "nbEtuInscritPrevisionnelElpEtape": "75",
        "nbEtuInscritPrevisionnelElpTotal": "70",
        "nbEtape": "2"
    },
    {
        "annee": "2024",
        "codeStructureEtape": "AES",
        "libStructureEtape": "Faculté des Sciences",
        "codeEtape": "TL1MP11",
        "libEtape": "L1 Sc, techno, santé / Portail MPC",
        "noElement": "EO032P",
        "libElement": "Boxe anglaise",
        "codeNatureElp": "EO",
        "libNatureElp": "E2O",
        "codeCNU": null,
        "libCNU": null,
        "codePeriode": "SP",
        "libPeriode": "Semestre Pair",
        "nbHeureCM": "0",
        "nbHeureTD": "12",
        "nbHeureTP": "0",
        "nbHeureCMTD": "0",
        "nbGroupeCM": "0",
        "nbGroupeTD": "1",
        "nbGroupeTP": "0",
        "nbGroupeCMTD": "0",
        "nbEtuInscritElpEtape": "0",
        "nbEtuInscritElpTotal": "6",
        "volumeHoraireElpPondereEtape": "0",
        "volumeHoraireElpTotal": "12",
        "nbEtuInscritPrevisionnelElpEtape": "6",
        "nbEtuInscritPrevisionnelElpTotal": "0",
        "nbEtape": "168"
    },
    {
        "annee": "2024",
        "codeStructureEtape": "AES",
        "libStructureEtape": "Faculté des Sciences",
        "codeEtape": "TL1MP11",
        "libEtape": "L1 Sc, techno, santé / Portail MPC",
        "noElement": "EO021P",
        "libElement": "Rugby",
        "codeNatureElp": "EO",
        "libNatureElp": "E2O",
        "codeCNU": null,
        "libCNU": null,
        "codePeriode": "SP",
        "libPeriode": "Semestre Pair",
        "nbHeureCM": "0",
        "nbHeureTD": "12",
        "nbHeureTP": "0",
        "nbHeureCMTD": "0",
        "nbGroupeCM": "0",
        "nbGroupeTD": "1",
        "nbGroupeTP": "0",
        "nbGroupeCMTD": "0",
        "nbEtuInscritElpEtape": "0",
        "nbEtuInscritElpTotal": "0",
        "volumeHoraireElpPondereEtape": "0",
        "volumeHoraireElpTotal": "12",
        "nbEtuInscritPrevisionnelElpEtape": "3",
        "nbEtuInscritPrevisionnelElpTotal": "0",
        "nbEtape": "168"
    },
    {
        "annee": "2024",
        "codeStructureEtape": "AES",
        "libStructureEtape": "Faculté des Sciences",
        "codeEtape": "TL1MP11",
        "libEtape": "L1 Sc, techno, santé / Portail MPC",
        "noElement": "EO023P",
        "libElement": "Tennis (confirmé)",
        "codeNatureElp": "EO",
        "libNatureElp": "E2O",
        "codeCNU": null,
        "libCNU": null,
        "codePeriode": "SP",
        "libPeriode": "Semestre Pair",
        "nbHeureCM": "0",
        "nbHeureTD": "12",
        "nbHeureTP": "0",
        "nbHeureCMTD": "0",
        "nbGroupeCM": "0",
        "nbGroupeTD": "1",
        "nbGroupeTP": "0",
        "nbGroupeCMTD": "0",
        "nbEtuInscritElpEtape": "0",
        "nbEtuInscritElpTotal": "2",
        "volumeHoraireElpPondereEtape": "0",
        "volumeHoraireElpTotal": "12",
        "nbEtuInscritPrevisionnelElpEtape": "0",
        "nbEtuInscritPrevisionnelElpTotal": "0",
        "nbEtape": "169"
    },
    {
        "annee": "2024",
        "codeStructureEtape": "AES",
        "libStructureEtape": "Faculté des Sciences",
        "codeEtape": "TL1MP11",
        "libEtape": "L1 Sc, techno, santé / Portail MPC",
        "noElement": "TMX1208U",
        "libElement": "Electrocinétique - P2",
        "codeNatureElp": "CHAR",
        "libNatureElp": "Charges d'Enseignement",
        "codeCNU": "30",
        "libCNU": "Milieux dilués et optique",
        "codePeriode": "2",
        "libPeriode": "Enseignement du second semestre",
        "nbHeureCM": "0",
        "nbHeureTD": "0",
        "nbHeureTP": "0",
        "nbHeureCMTD": "13.33",
        "nbGroupeCM": "0",
        "nbGroupeTD": "0",
        "nbGroupeTP": "0",
        "nbGroupeCMTD": "4",
        "nbEtuInscritElpEtape": "110",
        "nbEtuInscritElpTotal": "127",
        "volumeHoraireElpPondereEtape": "57.73",
        "volumeHoraireElpTotal": "66.65",
        "nbEtuInscritPrevisionnelElpEtape": "114",
        "nbEtuInscritPrevisionnelElpTotal": "104",
        "nbEtape": "2"
    },
    {
        "annee": "2024",
        "codeStructureEtape": "AES",
        "libStructureEtape": "Faculté des Sciences",
        "codeEtape": "TL1MP11",
        "libEtape": "L1 Sc, techno, santé / Portail MPC",
        "noElement": "TMX1254U",
        "libElement": "Culture numérique - P2 - pour MPC",
        "codeNatureElp": "CHAR",
        "libNatureElp": "Charges d'Enseignement",
        "codeCNU": "27",
        "libCNU": "Informatique",
        "codePeriode": "02",
        "libPeriode": "Période 2",
        "nbHeureCM": "0",
        "nbHeureTD": "0",
        "nbHeureTP": "8",
        "nbHeureCMTD": "0",
        "nbGroupeCM": "1",
        "nbGroupeTD": "4",
        "nbGroupeTP": "7",
        "nbGroupeCMTD": "4",
        "nbEtuInscritElpEtape": "107",
        "nbEtuInscritElpTotal": "124",
        "volumeHoraireElpPondereEtape": "48.32",
        "volumeHoraireElpTotal": "56",
        "nbEtuInscritPrevisionnelElpEtape": "115",
        "nbEtuInscritPrevisionnelElpTotal": "105",
        "nbEtape": "2"
    },
    {
        "annee": "2024",
        "codeStructureEtape": "AES",
        "libStructureEtape": "Faculté des Sciences",
        "codeEtape": "TL1MP11",
        "libEtape": "L1 Sc, techno, santé / Portail MPC",
        "noElement": "TMX1302U",
        "libElement": "Géométrie - P3",
        "codeNatureElp": "CHAR",
        "libNatureElp": "Charges d'Enseignement",
        "codeCNU": "25",
        "libCNU": "Mathématiques",
        "codePeriode": "3",
        "libPeriode": "Enseignement du troisième semestre",
        "nbHeureCM": "8",
        "nbHeureTD": "20",
        "nbHeureTP": "0",
        "nbHeureCMTD": "0",
        "nbGroupeCM": "1",
        "nbGroupeTD": "5",
        "nbGroupeTP": "0",
        "nbGroupeCMTD": "0",
        "nbEtuInscritElpEtape": "56",
        "nbEtuInscritElpTotal": "192",
        "volumeHoraireElpPondereEtape": "32.67",
        "volumeHoraireElpTotal": "112",
        "nbEtuInscritPrevisionnelElpEtape": "184",
        "nbEtuInscritPrevisionnelElpTotal": "48",
        "nbEtape": "6"
    },
    {
        "annee": "2024",
        "codeStructureEtape": "AES",
        "libStructureEtape": "Faculté des Sciences",
        "codeEtape": "TL1MP11",
        "libEtape": "L1 Sc, techno, santé / Portail MPC",
        "noElement": "EO084P",
        "libElement": "Eduquer aux sciences de façon ludique",
        "codeNatureElp": "EO",
        "libNatureElp": "E2O",
        "codeCNU": null,
        "libCNU": null,
        "codePeriode": "SP",
        "libPeriode": "Semestre Pair",
        "nbHeureCM": "0",
        "nbHeureTD": "16",
        "nbHeureTP": "0",
        "nbHeureCMTD": "0",
        "nbGroupeCM": "0",
        "nbGroupeTD": "1",
        "nbGroupeTP": "0",
        "nbGroupeCMTD": "0",
        "nbEtuInscritElpEtape": "0",
        "nbEtuInscritElpTotal": "12",
        "volumeHoraireElpPondereEtape": "0",
        "volumeHoraireElpTotal": "16",
        "nbEtuInscritPrevisionnelElpEtape": "12",
        "nbEtuInscritPrevisionnelElpTotal": "0",
        "nbEtape": "164"
    },
    {
        "annee": "2024",
        "codeStructureEtape": "AES",
        "libStructureEtape": "Faculté des Sciences",
        "codeEtape": "TL1MP11",
        "libEtape": "L1 Sc, techno, santé / Portail MPC",
        "noElement": "EO006P",
        "libElement": "Savate boxe française",
        "codeNatureElp": "EO",
        "libNatureElp": "E2O",
        "codeCNU": null,
        "libCNU": null,
        "codePeriode": "SP",
        "libPeriode": "Semestre Pair",
        "nbHeureCM": "0",
        "nbHeureTD": "12",
        "nbHeureTP": "0",
        "nbHeureCMTD": "0",
        "nbGroupeCM": "0",
        "nbGroupeTD": "1",
        "nbGroupeTP": "0",
        "nbGroupeCMTD": "0",
        "nbEtuInscritElpEtape": "0",
        "nbEtuInscritElpTotal": "0",
        "volumeHoraireElpPondereEtape": "0",
        "volumeHoraireElpTotal": "12",
        "nbEtuInscritPrevisionnelElpEtape": "6",
        "nbEtuInscritPrevisionnelElpTotal": "0",
        "nbEtape": "169"
    },
    {
        "annee": "2024",
        "codeStructureEtape": "AES",
        "libStructureEtape": "Faculté des Sciences",
        "codeEtape": "TL1MP11",
        "libEtape": "L1 Sc, techno, santé / Portail MPC",
        "noElement": "EO018P",
        "libElement": "Karaté",
        "codeNatureElp": "EO",
        "libNatureElp": "E2O",
        "codeCNU": null,
        "libCNU": null,
        "codePeriode": "SP",
        "libPeriode": "Semestre Pair",
        "nbHeureCM": "0",
        "nbHeureTD": "12",
        "nbHeureTP": "0",
        "nbHeureCMTD": "0",
        "nbGroupeCM": "0",
        "nbGroupeTD": "1",
        "nbGroupeTP": "0",
        "nbGroupeCMTD": "0",
        "nbEtuInscritElpEtape": "0",
        "nbEtuInscritElpTotal": "4",
        "volumeHoraireElpPondereEtape": "0",
        "volumeHoraireElpTotal": "12",
        "nbEtuInscritPrevisionnelElpEtape": "0",
        "nbEtuInscritPrevisionnelElpTotal": "0",
        "nbEtape": "169"
    },
    {
        "annee": "2024",
        "codeStructureEtape": "AES",
        "libStructureEtape": "Faculté des Sciences",
        "codeEtape": "TL1MP11",
        "libEtape": "L1 Sc, techno, santé / Portail MPC",
        "noElement": "EO034P",
        "libElement": "Football masculin",
        "codeNatureElp": "EO",
        "libNatureElp": "E2O",
        "codeCNU": null,
        "libCNU": null,
        "codePeriode": "SP",
        "libPeriode": "Semestre Pair",
        "nbHeureCM": "0",
        "nbHeureTD": "12",
        "nbHeureTP": "0",
        "nbHeureCMTD": "0",
        "nbGroupeCM": "0",
        "nbGroupeTD": "1",
        "nbGroupeTP": "0",
        "nbGroupeCMTD": "0",
        "nbEtuInscritElpEtape": "0",
        "nbEtuInscritElpTotal": "8",
        "volumeHoraireElpPondereEtape": "0",
        "volumeHoraireElpTotal": "12",
        "nbEtuInscritPrevisionnelElpEtape": "8",
        "nbEtuInscritPrevisionnelElpTotal": "0",
        "nbEtape": "168"
    },
    {
        "annee": "2024",
        "codeStructureEtape": "AES",
        "libStructureEtape": "Faculté des Sciences",
        "codeEtape": "TL1MP11",
        "libEtape": "L1 Sc, techno, santé / Portail MPC",
        "noElement": "TMX1400U",
        "libElement": "Oraux de mathématiques - P4",
        "codeNatureElp": "CHAR",
        "libNatureElp": "Charges d'Enseignement",
        "codeCNU": "25",
        "libCNU": "Mathématiques",
        "codePeriode": "04",
        "libPeriode": "Période 4",
        "nbHeureCM": "0",
        "nbHeureTD": "1",
        "nbHeureTP": "0",
        "nbHeureCMTD": "0",
        "nbGroupeCM": "0",
        "nbGroupeTD": "45",
        "nbGroupeTP": "0",
        "nbGroupeCMTD": "0",
        "nbEtuInscritElpEtape": "39",
        "nbEtuInscritElpTotal": "133",
        "volumeHoraireElpPondereEtape": "13.2",
        "volumeHoraireElpTotal": "45",
        "nbEtuInscritPrevisionnelElpEtape": "126",
        "nbEtuInscritPrevisionnelElpTotal": "36",
        "nbEtape": "5"
    },
    {
        "annee": "2024",
        "codeStructureEtape": "AES",
        "libStructureEtape": "Faculté des Sciences",
        "codeEtape": "TL1MP11",
        "libEtape": "L1 Sc, techno, santé / Portail MPC",
        "noElement": "TMX1108U",
        "libElement": "Mécanique - P1",
        "codeNatureElp": "CHAR",
        "libNatureElp": "Charges d'Enseignement",
        "codeCNU": "30",
        "libCNU": "Milieux dilués et optique",
        "codePeriode": "1",
        "libPeriode": "Enseignement du premier semestre",
        "nbHeureCM": "0",
        "nbHeureTD": "0",
        "nbHeureTP": "0",
        "nbHeureCMTD": "20",
        "nbGroupeCM": "0",
        "nbGroupeTD": "0",
        "nbGroupeTP": "0",
        "nbGroupeCMTD": "4",
        "nbEtuInscritElpEtape": "112",
        "nbEtuInscritElpTotal": "129",
        "volumeHoraireElpPondereEtape": "86.82",
        "volumeHoraireElpTotal": "100",
        "nbEtuInscritPrevisionnelElpEtape": "118",
        "nbEtuInscritPrevisionnelElpTotal": "108",
        "nbEtape": "2"
    },
    {
        "annee": "2024",
        "codeStructureEtape": "AES",
        "libStructureEtape": "Faculté des Sciences",
        "codeEtape": "TL1MP11",
        "libEtape": "L1 Sc, techno, santé / Portail MPC",
        "noElement": "TMX1220U",
        "libElement": "Analyse élémentaire - P2",
        "codeNatureElp": "CHAR",
        "libNatureElp": "Charges d'Enseignement",
        "codeCNU": "25",
        "libCNU": "Mathématiques",
        "codePeriode": "02",
        "libPeriode": "Période 2",
        "nbHeureCM": "0",
        "nbHeureTD": "0",
        "nbHeureTP": "0",
        "nbHeureCMTD": "25.33",
        "nbGroupeCM": "2",
        "nbGroupeTD": "9",
        "nbGroupeTP": "18",
        "nbGroupeCMTD": "9",
        "nbEtuInscritElpEtape": "109",
        "nbEtuInscritElpTotal": "343",
        "volumeHoraireElpPondereEtape": "90.56",
        "volumeHoraireElpTotal": "284.96",
        "nbEtuInscritPrevisionnelElpEtape": "353",
        "nbEtuInscritPrevisionnelElpTotal": "108",
        "nbEtape": "6"
    },
    {
        "annee": "2024",
        "codeStructureEtape": "AES",
        "libStructureEtape": "Faculté des Sciences",
        "codeEtape": "TL1MP11",
        "libEtape": "L1 Sc, techno, santé / Portail MPC",
        "noElement": "TMX1300U",
        "libElement": "Oraux de mathématiques - P3",
        "codeNatureElp": "CHAR",
        "libNatureElp": "Charges d'Enseignement",
        "codeCNU": "25",
        "libCNU": "Mathématiques",
        "codePeriode": "03",
        "libPeriode": "Période 3",
        "nbHeureCM": "0",
        "nbHeureTD": "1",
        "nbHeureTP": "0",
        "nbHeureCMTD": "0",
        "nbGroupeCM": "0",
        "nbGroupeTD": "64",
        "nbGroupeTP": "0",
        "nbGroupeCMTD": "0",
        "nbEtuInscritElpEtape": "56",
        "nbEtuInscritElpTotal": "192",
        "volumeHoraireElpPondereEtape": "18.67",
        "volumeHoraireElpTotal": "64",
        "nbEtuInscritPrevisionnelElpEtape": "184",
        "nbEtuInscritPrevisionnelElpTotal": "48",
        "nbEtape": "6"
    },
    {
        "annee": "2024",
        "codeStructureEtape": "AES",
        "libStructureEtape": "Faculté des Sciences",
        "codeEtape": "TL1MP11",
        "libEtape": "L1 Sc, techno, santé / Portail MPC",
        "noElement": "TMX1313U",
        "libElement": "Electrocinétique - P3",
        "codeNatureElp": "CHAR",
        "libNatureElp": "Charges d'Enseignement",
        "codeCNU": "30",
        "libCNU": "Milieux dilués et optique",
        "codePeriode": "3",
        "libPeriode": "Enseignement du troisième semestre",
        "nbHeureCM": "0",
        "nbHeureTD": "0",
        "nbHeureTP": "0",
        "nbHeureCMTD": "6.67",
        "nbGroupeCM": "0",
        "nbGroupeTD": "0",
        "nbGroupeTP": "0",
        "nbGroupeCMTD": "4",
        "nbEtuInscritElpEtape": "109",
        "nbEtuInscritElpTotal": "125",
        "volumeHoraireElpPondereEtape": "29.08",
        "volumeHoraireElpTotal": "33.35",
        "nbEtuInscritPrevisionnelElpEtape": "114",
        "nbEtuInscritPrevisionnelElpTotal": "104",
        "nbEtape": "2"
    },
    {
        "annee": "2024",
        "codeStructureEtape": "AES",
        "libStructureEtape": "Faculté des Sciences",
        "codeEtape": "TL1MP11",
        "libEtape": "L1 Sc, techno, santé / Portail MPC",
        "noElement": "EO028P",
        "libElement": "Volley",
        "codeNatureElp": "EO",
        "libNatureElp": "E2O",
        "codeCNU": null,
        "libCNU": null,
        "codePeriode": "SP",
        "libPeriode": "Semestre Pair",
        "nbHeureCM": "0",
        "nbHeureTD": "12",
        "nbHeureTP": "0",
        "nbHeureCMTD": "0",
        "nbGroupeCM": "0",
        "nbGroupeTD": "1",
        "nbGroupeTP": "0",
        "nbGroupeCMTD": "0",
        "nbEtuInscritElpEtape": "0",
        "nbEtuInscritElpTotal": "20",
        "volumeHoraireElpPondereEtape": "0",
        "volumeHoraireElpTotal": "12",
        "nbEtuInscritPrevisionnelElpEtape": "19",
        "nbEtuInscritPrevisionnelElpTotal": "0",
        "nbEtape": "169"
    },
    {
        "annee": "2024",
        "codeStructureEtape": "AES",
        "libStructureEtape": "Faculté des Sciences",
        "codeEtape": "TL1MP11",
        "libEtape": "L1 Sc, techno, santé / Portail MPC",
        "noElement": "TMX1303U",
        "libElement": "Arithmétique dans Z - P3",
        "codeNatureElp": "CHAR",
        "libNatureElp": "Charges d'Enseignement",
        "codeCNU": "25",
        "libCNU": "Mathématiques",
        "codePeriode": "3",
        "libPeriode": "Enseignement du troisième semestre",
        "nbHeureCM": "8",
        "nbHeureTD": "20",
        "nbHeureTP": "0",
        "nbHeureCMTD": "0",
        "nbGroupeCM": "2",
        "nbGroupeTD": "7",
        "nbGroupeTP": "0",
        "nbGroupeCMTD": "0",
        "nbEtuInscritElpEtape": "39",
        "nbEtuInscritElpTotal": "265",
        "volumeHoraireElpPondereEtape": "24.14",
        "volumeHoraireElpTotal": "164",
        "nbEtuInscritPrevisionnelElpEtape": "277",
        "nbEtuInscritPrevisionnelElpTotal": "36",
        "nbEtape": "6"
    },
    {
        "annee": "2024",
        "codeStructureEtape": "AES",
        "libStructureEtape": "Faculté des Sciences",
        "codeEtape": "TL1MP11",
        "libEtape": "L1 Sc, techno, santé / Portail MPC",
        "noElement": "EO012P",
        "libElement": "Escrime",
        "codeNatureElp": "EO",
        "libNatureElp": "E2O",
        "codeCNU": null,
        "libCNU": null,
        "codePeriode": "SP",
        "libPeriode": "Semestre Pair",
        "nbHeureCM": "0",
        "nbHeureTD": "12",
        "nbHeureTP": "0",
        "nbHeureCMTD": "0",
        "nbGroupeCM": "0",
        "nbGroupeTD": "1",
        "nbGroupeTP": "0",
        "nbGroupeCMTD": "0",
        "nbEtuInscritElpEtape": "0",
        "nbEtuInscritElpTotal": "6",
        "volumeHoraireElpPondereEtape": "0",
        "volumeHoraireElpTotal": "12",
        "nbEtuInscritPrevisionnelElpEtape": "6",
        "nbEtuInscritPrevisionnelElpTotal": "0",
        "nbEtape": "169"
    },
    {
        "annee": "2024",
        "codeStructureEtape": "AES",
        "libStructureEtape": "Faculté des Sciences",
        "codeEtape": "TL1MP11",
        "libEtape": "L1 Sc, techno, santé / Portail MPC",
        "noElement": "EO003P",
        "libElement": "Athlétisme",
        "codeNatureElp": "EO",
        "libNatureElp": "E2O",
        "codeCNU": null,
        "libCNU": null,
        "codePeriode": "SP",
        "libPeriode": "Semestre Pair",
        "nbHeureCM": "0",
        "nbHeureTD": "12",
        "nbHeureTP": "0",
        "nbHeureCMTD": "0",
        "nbGroupeCM": "0",
        "nbGroupeTD": "1",
        "nbGroupeTP": "0",
        "nbGroupeCMTD": "0",
        "nbEtuInscritElpEtape": "0",
        "nbEtuInscritElpTotal": "6",
        "volumeHoraireElpPondereEtape": "0",
        "volumeHoraireElpTotal": "12",
        "nbEtuInscritPrevisionnelElpEtape": "9",
        "nbEtuInscritPrevisionnelElpTotal": "0",
        "nbEtape": "168"
    },
    {
        "annee": "2024",
        "codeStructureEtape": "AES",
        "libStructureEtape": "Faculté des Sciences",
        "codeEtape": "TL1MP11",
        "libEtape": "L1 Sc, techno, santé / Portail MPC",
        "noElement": "TMX1409V",
        "libElement": "Equilibres précipitation-complexation - P4",
        "codeNatureElp": "CHAR",
        "libNatureElp": "Charges d'Enseignement",
        "codeCNU": "32",
        "libCNU": "Chimie organique, minérale, industrielle",
        "codePeriode": "04",
        "libPeriode": "Période 4",
        "nbHeureCM": "5.33",
        "nbHeureTD": "8",
        "nbHeureTP": "0",
        "nbHeureCMTD": "0",
        "nbGroupeCM": "1",
        "nbGroupeTD": "2",
        "nbGroupeTP": "4",
        "nbGroupeCMTD": "2",
        "nbEtuInscritElpEtape": "71",
        "nbEtuInscritElpTotal": "79",
        "volumeHoraireElpPondereEtape": "21.57",
        "volumeHoraireElpTotal": "24",
        "nbEtuInscritPrevisionnelElpEtape": "77",
        "nbEtuInscritPrevisionnelElpTotal": "72",
        "nbEtape": "2"
    },
    {
        "annee": "2024",
        "codeStructureEtape": "AES",
        "libStructureEtape": "Faculté des Sciences",
        "codeEtape": "TL1MP11",
        "libEtape": "L1 Sc, techno, santé / Portail MPC",
        "noElement": "TMX1122U",
        "libElement": "Atomistique - P1",
        "codeNatureElp": "CHAR",
        "libNatureElp": "Charges d'Enseignement",
        "codeCNU": "32",
        "libCNU": "Chimie organique, minérale, industrielle",
        "codePeriode": "01",
        "libPeriode": "Période 1",
        "nbHeureCM": "0",
        "nbHeureTD": "0",
        "nbHeureTP": "0",
        "nbHeureCMTD": "10.67",
        "nbGroupeCM": "1",
        "nbGroupeTD": "4",
        "nbGroupeTP": "7",
        "nbGroupeCMTD": "4",
        "nbEtuInscritElpEtape": "107",
        "nbEtuInscritElpTotal": "124",
        "volumeHoraireElpPondereEtape": "46.04",
        "volumeHoraireElpTotal": "53.35",
        "nbEtuInscritPrevisionnelElpEtape": "116",
        "nbEtuInscritPrevisionnelElpTotal": "106",
        "nbEtape": "2"
    },
    {
        "annee": "2024",
        "codeStructureEtape": "AES",
        "libStructureEtape": "Faculté des Sciences",
        "codeEtape": "TL1MP11",
        "libEtape": "L1 Sc, techno, santé / Portail MPC",
        "noElement": "EO115P",
        "libElement": "Ouvrir son cabinet ou lancer son activité libérale",
        "codeNatureElp": "EO",
        "libNatureElp": "E2O",
        "codeCNU": null,
        "libCNU": null,
        "codePeriode": "SP",
        "libPeriode": "Semestre Pair",
        "nbHeureCM": "0",
        "nbHeureTD": "16",
        "nbHeureTP": "0",
        "nbHeureCMTD": "0",
        "nbGroupeCM": "0",
        "nbGroupeTD": "1",
        "nbGroupeTP": "0",
        "nbGroupeCMTD": "0",
        "nbEtuInscritElpEtape": "0",
        "nbEtuInscritElpTotal": "8",
        "volumeHoraireElpPondereEtape": "0",
        "volumeHoraireElpTotal": "16",
        "nbEtuInscritPrevisionnelElpEtape": "0",
        "nbEtuInscritPrevisionnelElpTotal": "0",
        "nbEtape": "163"
    },
    {
        "annee": "2024",
        "codeStructureEtape": "AES",
        "libStructureEtape": "Faculté des Sciences",
        "codeEtape": "TL1MP11",
        "libEtape": "L1 Sc, techno, santé / Portail MPC",
        "noElement": "EO022P",
        "libElement": "Self défense",
        "codeNatureElp": "EO",
        "libNatureElp": "E2O",
        "codeCNU": null,
        "libCNU": null,
        "codePeriode": "SP",
        "libPeriode": "Semestre Pair",
        "nbHeureCM": "0",
        "nbHeureTD": "12",
        "nbHeureTP": "0",
        "nbHeureCMTD": "0",
        "nbGroupeCM": "0",
        "nbGroupeTD": "1",
        "nbGroupeTP": "0",
        "nbGroupeCMTD": "0",
        "nbEtuInscritElpEtape": "0",
        "nbEtuInscritElpTotal": "10",
        "volumeHoraireElpPondereEtape": "0",
        "volumeHoraireElpTotal": "12",
        "nbEtuInscritPrevisionnelElpEtape": "6",
        "nbEtuInscritPrevisionnelElpTotal": "0",
        "nbEtape": "169"
    },
    {
        "annee": "2024",
        "codeStructureEtape": "AES",
        "libStructureEtape": "Faculté des Sciences",
        "codeEtape": "TL1MP11",
        "libEtape": "L1 Sc, techno, santé / Portail MPC",
        "noElement": "TMX1505U",
        "libElement": "Découverte expérimentale de la physique - P5",
        "codeNatureElp": "CHAR",
        "libNatureElp": "Charges d'Enseignement",
        "codeCNU": "30",
        "libCNU": "Milieux dilués et optique",
        "codePeriode": "5",
        "libPeriode": "Enseignement du cinquième semestre",
        "nbHeureCM": "0",
        "nbHeureTD": "0",
        "nbHeureTP": "15",
        "nbHeureCMTD": "0",
        "nbGroupeCM": "0",
        "nbGroupeTD": "0",
        "nbGroupeTP": "4",
        "nbGroupeCMTD": "0",
        "nbEtuInscritElpEtape": "69",
        "nbEtuInscritElpTotal": "77",
        "volumeHoraireElpPondereEtape": "53.77",
        "volumeHoraireElpTotal": "60",
        "nbEtuInscritPrevisionnelElpEtape": "69",
        "nbEtuInscritPrevisionnelElpTotal": "64",
        "nbEtape": "2"
    },
    {
        "annee": "2024",
        "codeStructureEtape": "AES",
        "libStructureEtape": "Faculté des Sciences",
        "codeEtape": "TL1MP11",
        "libEtape": "L1 Sc, techno, santé / Portail MPC",
        "noElement": "EO027P",
        "libElement": "Tir sportif",
        "codeNatureElp": "EO",
        "libNatureElp": "E2O",
        "codeCNU": null,
        "libCNU": null,
        "codePeriode": "SP",
        "libPeriode": "Semestre Pair",
        "nbHeureCM": "0",
        "nbHeureTD": "12",
        "nbHeureTP": "0",
        "nbHeureCMTD": "0",
        "nbGroupeCM": "0",
        "nbGroupeTD": "1",
        "nbGroupeTP": "0",
        "nbGroupeCMTD": "0",
        "nbEtuInscritElpEtape": "0",
        "nbEtuInscritElpTotal": "6",
        "volumeHoraireElpPondereEtape": "0",
        "volumeHoraireElpTotal": "12",
        "nbEtuInscritPrevisionnelElpEtape": "5",
        "nbEtuInscritPrevisionnelElpTotal": "0",
        "nbEtape": "168"
    },
    {
        "annee": "2024",
        "codeStructureEtape": "AES",
        "libStructureEtape": "Faculté des Sciences",
        "codeEtape": "TL1MP11",
        "libEtape": "L1 Sc, techno, santé / Portail MPC",
        "noElement": "EO102P",
        "libElement": "Graine d'entrepreneur",
        "codeNatureElp": "EO",
        "libNatureElp": "E2O",
        "codeCNU": null,
        "libCNU": null,
        "codePeriode": "SP",
        "libPeriode": "Semestre Pair",
        "nbHeureCM": "0",
        "nbHeureTD": "16",
        "nbHeureTP": "0",
        "nbHeureCMTD": "0",
        "nbGroupeCM": "0",
        "nbGroupeTD": "1",
        "nbGroupeTP": "0",
        "nbGroupeCMTD": "0",
        "nbEtuInscritElpEtape": "0",
        "nbEtuInscritElpTotal": "0",
        "volumeHoraireElpPondereEtape": "0",
        "volumeHoraireElpTotal": "16",
        "nbEtuInscritPrevisionnelElpEtape": "9",
        "nbEtuInscritPrevisionnelElpTotal": "0",
        "nbEtape": "164"
    },
    {
        "annee": "2024",
        "codeStructureEtape": "AES",
        "libStructureEtape": "Faculté des Sciences",
        "codeEtape": "TL1MP11",
        "libEtape": "L1 Sc, techno, santé / Portail MPC",
        "noElement": "TMX1510U",
        "libElement": "Chimie organique - P5",
        "codeNatureElp": "CHAR",
        "libNatureElp": "Charges d'Enseignement",
        "codeCNU": "32",
        "libCNU": "Chimie organique, minérale, industrielle",
        "codePeriode": "05",
        "libPeriode": "Période 5",
        "nbHeureCM": "5.33",
        "nbHeureTD": "6.67",
        "nbHeureTP": "0",
        "nbHeureCMTD": "0",
        "nbGroupeCM": "1",
        "nbGroupeTD": "2",
        "nbGroupeTP": "3",
        "nbGroupeCMTD": "2",
        "nbEtuInscritElpEtape": "52",
        "nbEtuInscritElpTotal": "60",
        "volumeHoraireElpPondereEtape": "18.49",
        "volumeHoraireElpTotal": "21.34",
        "nbEtuInscritPrevisionnelElpEtape": "60",
        "nbEtuInscritPrevisionnelElpTotal": "55",
        "nbEtape": "2"
    },
    {
        "annee": "2024",
        "codeStructureEtape": "AES",
        "libStructureEtape": "Faculté des Sciences",
        "codeEtape": "TL1MP11",
        "libEtape": "L1 Sc, techno, santé / Portail MPC",
        "noElement": "TMX1309U",
        "libElement": "Fondements de l'optique - P3",
        "codeNatureElp": "CHAR",
        "libNatureElp": "Charges d'Enseignement",
        "codeCNU": "30",
        "libCNU": "Milieux dilués et optique",
        "codePeriode": "3",
        "libPeriode": "Enseignement du troisième semestre",
        "nbHeureCM": "0",
        "nbHeureTD": "0",
        "nbHeureTP": "0",
        "nbHeureCMTD": "13.33",
        "nbGroupeCM": "0",
        "nbGroupeTD": "0",
        "nbGroupeTP": "0",
        "nbGroupeCMTD": "2",
        "nbEtuInscritElpEtape": "66",
        "nbEtuInscritElpTotal": "74",
        "volumeHoraireElpPondereEtape": "29.73",
        "volumeHoraireElpTotal": "33.33",
        "nbEtuInscritPrevisionnelElpEtape": "72",
        "nbEtuInscritPrevisionnelElpTotal": "67",
        "nbEtape": "2"
    },
    {
        "annee": "2024",
        "codeStructureEtape": "AES",
        "libStructureEtape": "Faculté des Sciences",
        "codeEtape": "TL1MP11",
        "libEtape": "L1 Sc, techno, santé / Portail MPC",
        "noElement": "TMX1353U",
        "libElement": "Anglais - P3",
        "codeNatureElp": "CHAR",
        "libNatureElp": "Charges d'Enseignement",
        "codeCNU": "11",
        "libCNU": "Langues et littératures anglaises et anglo-saxonnes",
        "codePeriode": "03",
        "libPeriode": "Période 3",
        "nbHeureCM": "0",
        "nbHeureTD": "1.33",
        "nbHeureTP": "6.67",
        "nbHeureCMTD": "0",
        "nbGroupeCM": "2",
        "nbGroupeTD": "7",
        "nbGroupeTP": "14",
        "nbGroupeCMTD": "7",
        "nbEtuInscritElpEtape": "106",
        "nbEtuInscritElpTotal": "276",
        "volumeHoraireElpPondereEtape": "39.44",
        "volumeHoraireElpTotal": "102.69",
        "nbEtuInscritPrevisionnelElpEtape": "277",
        "nbEtuInscritPrevisionnelElpTotal": "101",
        "nbEtape": "4"
    },
    {
        "annee": "2024",
        "codeStructureEtape": "AES",
        "libStructureEtape": "Faculté des Sciences",
        "codeEtape": "TL1MP11",
        "libEtape": "L1 Sc, techno, santé / Portail MPC",
        "noElement": "TMX1107U",
        "libElement": "Physique des ondes - P1",
        "codeNatureElp": "CHAR",
        "libNatureElp": "Charges d'Enseignement",
        "codeCNU": "30",
        "libCNU": "Milieux dilués et optique",
        "codePeriode": "1",
        "libPeriode": "Enseignement du premier semestre",
        "nbHeureCM": "0",
        "nbHeureTD": "0",
        "nbHeureTP": "0",
        "nbHeureCMTD": "13.33",
        "nbGroupeCM": "0",
        "nbGroupeTD": "0",
        "nbGroupeTP": "0",
        "nbGroupeCMTD": "4",
        "nbEtuInscritElpEtape": "107",
        "nbEtuInscritElpTotal": "124",
        "volumeHoraireElpPondereEtape": "57.51",
        "volumeHoraireElpTotal": "66.65",
        "nbEtuInscritPrevisionnelElpEtape": "117",
        "nbEtuInscritPrevisionnelElpTotal": "107",
        "nbEtape": "2"
    },
    {
        "annee": "2024",
        "codeStructureEtape": "AES",
        "libStructureEtape": "Faculté des Sciences",
        "codeEtape": "TL1MP11",
        "libEtape": "L1 Sc, techno, santé / Portail MPC",
        "noElement": "TMX1112U",
        "libElement": "Transformation de la matière - P1",
        "codeNatureElp": "CHAR",
        "libNatureElp": "Charges d'Enseignement",
        "codeCNU": "32",
        "libCNU": "Chimie organique, minérale, industrielle",
        "codePeriode": "01",
        "libPeriode": "Période 1",
        "nbHeureCM": "0",
        "nbHeureTD": "0",
        "nbHeureTP": "2.67",
        "nbHeureCMTD": "13.33",
        "nbGroupeCM": "0",
        "nbGroupeTD": "0",
        "nbGroupeTP": "7",
        "nbGroupeCMTD": "4",
        "nbEtuInscritElpEtape": "108",
        "nbEtuInscritElpTotal": "125",
        "volumeHoraireElpPondereEtape": "73.73",
        "volumeHoraireElpTotal": "85.34",
        "nbEtuInscritPrevisionnelElpEtape": "116",
        "nbEtuInscritPrevisionnelElpTotal": "106",
        "nbEtape": "2"
    },
    {
        "annee": "2024",
        "codeStructureEtape": "AES",
        "libStructureEtape": "Faculté des Sciences",
        "codeEtape": "TL1MP11",
        "libEtape": "L1 Sc, techno, santé / Portail MPC",
        "noElement": "EO024P",
        "libElement": "Tennis de table",
        "codeNatureElp": "EO",
        "libNatureElp": "E2O",
        "codeCNU": null,
        "libCNU": null,
        "codePeriode": "SP",
        "libPeriode": "Semestre Pair",
        "nbHeureCM": "0",
        "nbHeureTD": "12",
        "nbHeureTP": "0",
        "nbHeureCMTD": "0",
        "nbGroupeCM": "0",
        "nbGroupeTD": "1",
        "nbGroupeTP": "0",
        "nbGroupeCMTD": "0",
        "nbEtuInscritElpEtape": "0",
        "nbEtuInscritElpTotal": "2",
        "volumeHoraireElpPondereEtape": "0",
        "volumeHoraireElpTotal": "12",
        "nbEtuInscritPrevisionnelElpEtape": "8",
        "nbEtuInscritPrevisionnelElpTotal": "0",
        "nbEtape": "169"
    },
    {
        "annee": "2024",
        "codeStructureEtape": "AES",
        "libStructureEtape": "Faculté des Sciences",
        "codeEtape": "TL1MP11",
        "libEtape": "L1 Sc, techno, santé / Portail MPC",
        "noElement": "EO095P",
        "libElement": "BD du réel : composer un récit graphique",
        "codeNatureElp": "EO",
        "libNatureElp": "E2O",
        "codeCNU": null,
        "libCNU": null,
        "codePeriode": "SP",
        "libPeriode": "Semestre Pair",
        "nbHeureCM": "0",
        "nbHeureTD": "16",
        "nbHeureTP": "0",
        "nbHeureCMTD": "0",
        "nbGroupeCM": "0",
        "nbGroupeTD": "1",
        "nbGroupeTP": "0",
        "nbGroupeCMTD": "0",
        "nbEtuInscritElpEtape": "0",
        "nbEtuInscritElpTotal": "0",
        "volumeHoraireElpPondereEtape": "0",
        "volumeHoraireElpTotal": "16",
        "nbEtuInscritPrevisionnelElpEtape": "8",
        "nbEtuInscritPrevisionnelElpTotal": "0",
        "nbEtape": "163"
    },
    {
        "annee": "2024",
        "codeStructureEtape": "AES",
        "libStructureEtape": "Faculté des Sciences",
        "codeEtape": "TL1MP11",
        "libEtape": "L1 Sc, techno, santé / Portail MPC",
        "noElement": "EO104P",
        "libElement": "Créer son CV vidéo pour se démarquer : écrire un script, ...",
        "codeNatureElp": "EO",
        "libNatureElp": "E2O",
        "codeCNU": null,
        "libCNU": null,
        "codePeriode": "SP",
        "libPeriode": "Semestre Pair",
        "nbHeureCM": "0",
        "nbHeureTD": "16",
        "nbHeureTP": "0",
        "nbHeureCMTD": "0",
        "nbGroupeCM": "0",
        "nbGroupeTD": "1",
        "nbGroupeTP": "0",
        "nbGroupeCMTD": "0",
        "nbEtuInscritElpEtape": "0",
        "nbEtuInscritElpTotal": "0",
        "volumeHoraireElpPondereEtape": "0",
        "volumeHoraireElpTotal": "16",
        "nbEtuInscritPrevisionnelElpEtape": "7",
        "nbEtuInscritPrevisionnelElpTotal": "0",
        "nbEtape": "164"
    },
    {
        "annee": "2024",
        "codeStructureEtape": "AES",
        "libStructureEtape": "Faculté des Sciences",
        "codeEtape": "TL1MP11",
        "libEtape": "L1 Sc, techno, santé / Portail MPC",
        "noElement": "TMX1414U",
        "libElement": "Géométrie - P4",
        "codeNatureElp": "CHAR",
        "libNatureElp": "Charges d'Enseignement",
        "codeCNU": "25",
        "libCNU": "Mathématiques",
        "codePeriode": "4",
        "libPeriode": "Enseignement du quatrième semestre",
        "nbHeureCM": "8",
        "nbHeureTD": "21.33",
        "nbHeureTP": "0",
        "nbHeureCMTD": "0",
        "nbGroupeCM": "1",
        "nbGroupeTD": "5",
        "nbGroupeTP": "0",
        "nbGroupeCMTD": "0",
        "nbEtuInscritElpEtape": "56",
        "nbEtuInscritElpTotal": "192",
        "volumeHoraireElpPondereEtape": "34.61",
        "volumeHoraireElpTotal": "118.65",
        "nbEtuInscritPrevisionnelElpEtape": "184",
        "nbEtuInscritPrevisionnelElpTotal": "48",
        "nbEtape": "6"
    },
    {
        "annee": "2024",
        "codeStructureEtape": "AES",
        "libStructureEtape": "Faculté des Sciences",
        "codeEtape": "TL1MP11",
        "libEtape": "L1 Sc, techno, santé / Portail MPC",
        "noElement": "TMX1458U",
        "libElement": "Projet personnel et professionnel - P4 - MPC MI",
        "codeNatureElp": "CHAR",
        "libNatureElp": "Charges d'Enseignement",
        "codeCNU": null,
        "libCNU": null,
        "codePeriode": "4",
        "libPeriode": "Enseignement du quatrième semestre",
        "nbHeureCM": "0",
        "nbHeureTD": "2.67",
        "nbHeureTP": "1.33",
        "nbHeureCMTD": "0",
        "nbGroupeCM": "0",
        "nbGroupeTD": "7",
        "nbGroupeTP": "13",
        "nbGroupeCMTD": "0",
        "nbEtuInscritElpEtape": "106",
        "nbEtuInscritElpTotal": "257",
        "volumeHoraireElpPondereEtape": "14.84",
        "volumeHoraireElpTotal": "35.98",
        "nbEtuInscritPrevisionnelElpEtape": "258",
        "nbEtuInscritPrevisionnelElpTotal": "100",
        "nbEtape": "3"
    },
    {
        "annee": "2024",
        "codeStructureEtape": "AES",
        "libStructureEtape": "Faculté des Sciences",
        "codeEtape": "TL1MP11",
        "libEtape": "L1 Sc, techno, santé / Portail MPC",
        "noElement": "TMX1121U",
        "libElement": "Algèbre élémentaire - P1",
        "codeNatureElp": "CHAR",
        "libNatureElp": "Charges d'Enseignement",
        "codeCNU": "25",
        "libCNU": "Mathématiques",
        "codePeriode": "01",
        "libPeriode": "Période 1",
        "nbHeureCM": "0",
        "nbHeureTD": "0",
        "nbHeureTP": "0",
        "nbHeureCMTD": "14.67",
        "nbGroupeCM": "2",
        "nbGroupeTD": "9",
        "nbGroupeTP": "18",
        "nbGroupeCMTD": "9",
        "nbEtuInscritElpEtape": "109",
        "nbEtuInscritElpTotal": "360",
        "volumeHoraireElpPondereEtape": "49.97",
        "volumeHoraireElpTotal": "165.04",
        "nbEtuInscritPrevisionnelElpEtape": "364",
        "nbEtuInscritPrevisionnelElpTotal": "107",
        "nbEtape": "6"
    },
    {
        "annee": "2024",
        "codeStructureEtape": "AES",
        "libStructureEtape": "Faculté des Sciences",
        "codeEtape": "TL1MP11",
        "libEtape": "L1 Sc, techno, santé / Portail MPC",
        "noElement": "TMX1409U",
        "libElement": "Instruments d'optique - P4",
        "codeNatureElp": "CHAR",
        "libNatureElp": "Charges d'Enseignement",
        "codeCNU": "30",
        "libCNU": "Milieux dilués et optique",
        "codePeriode": "4",
        "libPeriode": "Enseignement du quatrième semestre",
        "nbHeureCM": "6.67",
        "nbHeureTD": "13.33",
        "nbHeureTP": "0",
        "nbHeureCMTD": "0",
        "nbGroupeCM": "1",
        "nbGroupeTD": "2",
        "nbGroupeTP": "0",
        "nbGroupeCMTD": "0",
        "nbEtuInscritElpEtape": "68",
        "nbEtuInscritElpTotal": "76",
        "volumeHoraireElpPondereEtape": "32.81",
        "volumeHoraireElpTotal": "36.67",
        "nbEtuInscritPrevisionnelElpEtape": "74",
        "nbEtuInscritPrevisionnelElpTotal": "69",
        "nbEtape": "2"
    }
]