[
    {
        "annee": "2024",
        "codeStructureEtape": "AES",
        "libStructureEtape": "Faculté des Sciences",
        "codeEtape": "TL2PP11",
        "libEtape": "L2 Mathématiques / Parc. Prép. Professorat des Ecoles",
        "noElement": "TMX2215U",
        "libElement": "Langage et raisonnement 2 - P7",
        "codeNatureElp": "CHAR",
        "libNatureElp": "Charges d'Enseignement",
        "codeCNU": "25",
        "libCNU": "Mathématiques",
        "codePeriode": "07",
        "libPeriode": "Période 7",
        "nbHeureCM": "0",
        "nbHeureTD": "0",
        "nbHeureTP": "0",
        "nbHeureCMTD": "20",
        "nbGroupeCM": "0",
        "nbGroupeTD": "0",
        "nbGroupeTP": "0",
        "nbGroupeCMTD": "1",
        "nbEtuInscritElpEtape": "26",
        "nbEtuInscritElpTotal": "26",
        "volumeHoraireElpPondereEtape": "25",
        "volumeHoraireElpTotal": "25",
        "nbEtuInscritPrevisionnelElpEtape": "23",
        "nbEtuInscritPrevisionnelElpTotal": "23",
        "nbEtape": "1"
    },
    {
        "annee": "2024",
        "codeStructureEtape": "AES",
        "libStructureEtape": "Faculté des Sciences",
        "codeEtape": "TL2PP11",
        "libEtape": "L2 Mathématiques / Parc. Prép. Professorat des Ecoles",
        "noElement": "TMX1120U",
        "libElement": "Analyse élémentaire - P1",
        "codeNatureElp": "CHAR",
        "libNatureElp": "Charges d'Enseignement",
        "codeCNU": "25",
        "libCNU": "Mathématiques",
        "codePeriode": "01",
        "libPeriode": "Période 1",
        "nbHeureCM": "0",
        "nbHeureTD": "0",
        "nbHeureTP": "0",
        "nbHeureCMTD": "24",
        "nbGroupeCM": "2",
        "nbGroupeTD": "9",
        "nbGroupeTP": "18",
        "nbGroupeCMTD": "9",
        "nbEtuInscritElpEtape": "26",
        "nbEtuInscritElpTotal": "343",
        "volumeHoraireElpPondereEtape": "20.47",
        "volumeHoraireElpTotal": "270",
        "nbEtuInscritPrevisionnelElpEtape": "353",
        "nbEtuInscritPrevisionnelElpTotal": "23",
        "nbEtape": "6"
    },
    {
        "annee": "2024",
        "codeStructureEtape": "AES",
        "libStructureEtape": "Faculté des Sciences",
        "codeEtape": "TL2PP11",
        "libEtape": "L2 Mathématiques / Parc. Prép. Professorat des Ecoles",
        "noElement": "TMX1403U",
        "libElement": "Arithmétique des polynômes - P4",
        "codeNatureElp": "CHAR",
        "libNatureElp": "Charges d'Enseignement",
        "codeCNU": "25",
        "libCNU": "Mathématiques",
        "codePeriode": "4",
        "libPeriode": "Enseignement du quatrième semestre",
        "nbHeureCM": "10.67",
        "nbHeureTD": "26.67",
        "nbHeureTP": "0",
        "nbHeureCMTD": "0",
        "nbGroupeCM": "1",
        "nbGroupeTD": "4",
        "nbGroupeTP": "0",
        "nbGroupeCMTD": "0",
        "nbEtuInscritElpEtape": "26",
        "nbEtuInscritElpTotal": "133",
        "volumeHoraireElpPondereEtape": "23.98",
        "volumeHoraireElpTotal": "122.69",
        "nbEtuInscritPrevisionnelElpEtape": "126",
        "nbEtuInscritPrevisionnelElpTotal": "23",
        "nbEtape": "5"
    },
    {
        "annee": "2024",
        "codeStructureEtape": "AES",
        "libStructureEtape": "Faculté des Sciences",
        "codeEtape": "TL2PP11",
        "libEtape": "L2 Mathématiques / Parc. Prép. Professorat des Ecoles",
        "noElement": "TMX1301U",
        "libElement": "Fondements d'analyse - P3",
        "codeNatureElp": "CHAR",
        "libNatureElp": "Charges d'Enseignement",
        "codeCNU": "25",
        "libCNU": "Mathématiques",
        "codePeriode": "3",
        "libPeriode": "Enseignement du troisième semestre",
        "nbHeureCM": "0",
        "nbHeureTD": "0",
        "nbHeureTP": "0",
        "nbHeureCMTD": "28",
        "nbGroupeCM": "0",
        "nbGroupeTD": "0",
        "nbGroupeTP": "0",
        "nbGroupeCMTD": "5",
        "nbEtuInscritElpEtape": "26",
        "nbEtuInscritElpTotal": "164",
        "volumeHoraireElpPondereEtape": "27.74",
        "volumeHoraireElpTotal": "175",
        "nbEtuInscritPrevisionnelElpEtape": "160",
        "nbEtuInscritPrevisionnelElpTotal": "23",
        "nbEtape": "6"
    },
    {
        "annee": "2024",
        "codeStructureEtape": "AES",
        "libStructureEtape": "Faculté des Sciences",
        "codeEtape": "TL2PP11",
        "libEtape": "L2 Mathématiques / Parc. Prép. Professorat des Ecoles",
        "noElement": "TMX1413U",
        "libElement": "Fondements d'analyse - P4",
        "codeNatureElp": "CHAR",
        "libNatureElp": "Charges d'Enseignement",
        "codeCNU": "25",
        "libCNU": "Mathématiques",
        "codePeriode": "4",
        "libPeriode": "Enseignement du quatrième semestre",
        "nbHeureCM": "0",
        "nbHeureTD": "0",
        "nbHeureTP": "0",
        "nbHeureCMTD": "29.33",
        "nbGroupeCM": "0",
        "nbGroupeTD": "0",
        "nbGroupeTP": "0",
        "nbGroupeCMTD": "5",
        "nbEtuInscritElpEtape": "26",
        "nbEtuInscritElpTotal": "164",
        "volumeHoraireElpPondereEtape": "29.06",
        "volumeHoraireElpTotal": "183.31",
        "nbEtuInscritPrevisionnelElpEtape": "160",
        "nbEtuInscritPrevisionnelElpTotal": "23",
        "nbEtape": "6"
    },
    {
        "annee": "2024",
        "codeStructureEtape": "AES",
        "libStructureEtape": "Faculté des Sciences",
        "codeEtape": "TL2PP11",
        "libEtape": "L2 Mathématiques / Parc. Prép. Professorat des Ecoles",
        "noElement": "TMX2216U",
        "libElement": "Vulgarisation - P7",
        "codeNatureElp": "CHAR",
        "libNatureElp": "Charges d'Enseignement",
        "codeCNU": "25",
        "libCNU": "Mathématiques",
        "codePeriode": "07",
        "libPeriode": "Période 7",
        "nbHeureCM": "0",
        "nbHeureTD": "16",
        "nbHeureTP": "0",
        "nbHeureCMTD": "0",
        "nbGroupeCM": "0",
        "nbGroupeTD": "1",
        "nbGroupeTP": "0",
        "nbGroupeCMTD": "0",
        "nbEtuInscritElpEtape": "25",
        "nbEtuInscritElpTotal": "25",
        "volumeHoraireElpPondereEtape": "16",
        "volumeHoraireElpTotal": "16",
        "nbEtuInscritPrevisionnelElpEtape": "23",
        "nbEtuInscritPrevisionnelElpTotal": "23",
        "nbEtape": "1"
    },
    {
        "annee": "2024",
        "codeStructureEtape": "AES",
        "libStructureEtape": "Faculté des Sciences",
        "codeEtape": "TL2PP11",
        "libEtape": "L2 Mathématiques / Parc. Prép. Professorat des Ecoles",
        "noElement": "TMX1400U",
        "libElement": "Oraux de mathématiques - P4",
        "codeNatureElp": "CHAR",
        "libNatureElp": "Charges d'Enseignement",
        "codeCNU": "25",
        "libCNU": "Mathématiques",
        "codePeriode": "04",
        "libPeriode": "Période 4",
        "nbHeureCM": "0",
        "nbHeureTD": "1",
        "nbHeureTP": "0",
        "nbHeureCMTD": "0",
        "nbGroupeCM": "0",
        "nbGroupeTD": "45",
        "nbGroupeTP": "0",
        "nbGroupeCMTD": "0",
        "nbEtuInscritElpEtape": "26",
        "nbEtuInscritElpTotal": "133",
        "volumeHoraireElpPondereEtape": "8.8",
        "volumeHoraireElpTotal": "45",
        "nbEtuInscritPrevisionnelElpEtape": "126",
        "nbEtuInscritPrevisionnelElpTotal": "23",
        "nbEtape": "5"
    },
    {
        "annee": "2024",
        "codeStructureEtape": "AES",
        "libStructureEtape": "Faculté des Sciences",
        "codeEtape": "TL2PP11",
        "libEtape": "L2 Mathématiques / Parc. Prép. Professorat des Ecoles",
        "noElement": "TMX1220U",
        "libElement": "Analyse élémentaire - P2",
        "codeNatureElp": "CHAR",
        "libNatureElp": "Charges d'Enseignement",
        "codeCNU": "25",
        "libCNU": "Mathématiques",
        "codePeriode": "02",
        "libPeriode": "Période 2",
        "nbHeureCM": "0",
        "nbHeureTD": "0",
        "nbHeureTP": "0",
        "nbHeureCMTD": "25.33",
        "nbGroupeCM": "2",
        "nbGroupeTD": "9",
        "nbGroupeTP": "18",
        "nbGroupeCMTD": "9",
        "nbEtuInscritElpEtape": "26",
        "nbEtuInscritElpTotal": "343",
        "volumeHoraireElpPondereEtape": "21.6",
        "volumeHoraireElpTotal": "284.96",
        "nbEtuInscritPrevisionnelElpEtape": "353",
        "nbEtuInscritPrevisionnelElpTotal": "23",
        "nbEtape": "6"
    },
    {
        "annee": "2024",
        "codeStructureEtape": "AES",
        "libStructureEtape": "Faculté des Sciences",
        "codeEtape": "TL2PP11",
        "libEtape": "L2 Mathématiques / Parc. Prép. Professorat des Ecoles",
        "noElement": "TMX1303U",
        "libElement": "Arithmétique dans Z - P3",
        "codeNatureElp": "CHAR",
        "libNatureElp": "Charges d'Enseignement",
        "codeCNU": "25",
        "libCNU": "Mathématiques",
        "codePeriode": "3",
        "libPeriode": "Enseignement du troisième semestre",
        "nbHeureCM": "8",
        "nbHeureTD": "20",
        "nbHeureTP": "0",
        "nbHeureCMTD": "0",
        "nbGroupeCM": "2",
        "nbGroupeTD": "7",
        "nbGroupeTP": "0",
        "nbGroupeCMTD": "0",
        "nbEtuInscritElpEtape": "26",
        "nbEtuInscritElpTotal": "265",
        "volumeHoraireElpPondereEtape": "16.09",
        "volumeHoraireElpTotal": "164",
        "nbEtuInscritPrevisionnelElpEtape": "277",
        "nbEtuInscritPrevisionnelElpTotal": "23",
        "nbEtape": "6"
    }
]