[
    {
        "annee": "2024",
        "codeStructureEtape": "AES",
        "libStructureEtape": "Faculté des Sciences",
        "codeEtape": "TL1MI11",
        "libEtape": "L1 Sc, techno, santé / Portail MI",
        "noElement": "EO019P",
        "libElement": "Musculation",
        "codeNatureElp": "EO",
        "libNatureElp": "E2O",
        "codeCNU": null,
        "libCNU": null,
        "codePeriode": "SP",
        "libPeriode": "Semestre Pair",
        "nbHeureCM": "0",
        "nbHeureTD": "12",
        "nbHeureTP": "0",
        "nbHeureCMTD": "0",
        "nbGroupeCM": "0",
        "nbGroupeTD": "1",
        "nbGroupeTP": "0",
        "nbGroupeCMTD": "0",
        "nbEtuInscritElpEtape": "0",
        "nbEtuInscritElpTotal": "23",
        "volumeHoraireElpPondereEtape": "0",
        "volumeHoraireElpTotal": "12",
        "nbEtuInscritPrevisionnelElpEtape": "23",
        "nbEtuInscritPrevisionnelElpTotal": "0",
        "nbEtape": "169"
    },
    {
        "annee": "2024",
        "codeStructureEtape": "AES",
        "libStructureEtape": "Faculté des Sciences",
        "codeEtape": "TL1MI11",
        "libEtape": "L1 Sc, techno, santé / Portail MI",
        "noElement": "EO024P",
        "libElement": "Tennis de table",
        "codeNatureElp": "EO",
        "libNatureElp": "E2O",
        "codeCNU": null,
        "libCNU": null,
        "codePeriode": "SP",
        "libPeriode": "Semestre Pair",
        "nbHeureCM": "0",
        "nbHeureTD": "12",
        "nbHeureTP": "0",
        "nbHeureCMTD": "0",
        "nbGroupeCM": "0",
        "nbGroupeTD": "1",
        "nbGroupeTP": "0",
        "nbGroupeCMTD": "0",
        "nbEtuInscritElpEtape": "0",
        "nbEtuInscritElpTotal": "2",
        "volumeHoraireElpPondereEtape": "0",
        "volumeHoraireElpTotal": "12",
        "nbEtuInscritPrevisionnelElpEtape": "8",
        "nbEtuInscritPrevisionnelElpTotal": "0",
        "nbEtape": "169"
    },
    {
        "annee": "2024",
        "codeStructureEtape": "AES",
        "libStructureEtape": "Faculté des Sciences",
        "codeEtape": "TL1MI11",
        "libEtape": "L1 Sc, techno, santé / Portail MI",
        "noElement": "EO005P",
        "libElement": "Basket",
        "codeNatureElp": "EO",
        "libNatureElp": "E2O",
        "codeCNU": null,
        "libCNU": null,
        "codePeriode": "SP",
        "libPeriode": "Semestre Pair",
        "nbHeureCM": "0",
        "nbHeureTD": "12",
        "nbHeureTP": "0",
        "nbHeureCMTD": "0",
        "nbGroupeCM": "0",
        "nbGroupeTD": "1",
        "nbGroupeTP": "0",
        "nbGroupeCMTD": "0",
        "nbEtuInscritElpEtape": "0",
        "nbEtuInscritElpTotal": "12",
        "volumeHoraireElpPondereEtape": "0",
        "volumeHoraireElpTotal": "12",
        "nbEtuInscritPrevisionnelElpEtape": "18",
        "nbEtuInscritPrevisionnelElpTotal": "0",
        "nbEtape": "168"
    },
    {
        "annee": "2024",
        "codeStructureEtape": "AES",
        "libStructureEtape": "Faculté des Sciences",
        "codeEtape": "TL1MI11",
        "libEtape": "L1 Sc, techno, santé / Portail MI",
        "noElement": "EO001P",
        "libElement": "Aïkido",
        "codeNatureElp": "EO",
        "libNatureElp": "E2O",
        "codeCNU": null,
        "libCNU": null,
        "codePeriode": "SP",
        "libPeriode": "Semestre Pair",
        "nbHeureCM": "0",
        "nbHeureTD": "12",
        "nbHeureTP": "0",
        "nbHeureCMTD": "0",
        "nbGroupeCM": "0",
        "nbGroupeTD": "1",
        "nbGroupeTP": "0",
        "nbGroupeCMTD": "0",
        "nbEtuInscritElpEtape": "0",
        "nbEtuInscritElpTotal": "0",
        "volumeHoraireElpPondereEtape": "0",
        "volumeHoraireElpTotal": "12",
        "nbEtuInscritPrevisionnelElpEtape": "3",
        "nbEtuInscritPrevisionnelElpTotal": "0",
        "nbEtape": "169"
    },
    {
        "annee": "2024",
        "codeStructureEtape": "AES",
        "libStructureEtape": "Faculté des Sciences",
        "codeEtape": "TL1MI11",
        "libEtape": "L1 Sc, techno, santé / Portail MI",
        "noElement": "EO030P",
        "libElement": "Gymnastique",
        "codeNatureElp": "EO",
        "libNatureElp": "E2O",
        "codeCNU": null,
        "libCNU": null,
        "codePeriode": "SP",
        "libPeriode": "Semestre Pair",
        "nbHeureCM": "0",
        "nbHeureTD": "12",
        "nbHeureTP": "0",
        "nbHeureCMTD": "0",
        "nbGroupeCM": "0",
        "nbGroupeTD": "1",
        "nbGroupeTP": "0",
        "nbGroupeCMTD": "0",
        "nbEtuInscritElpEtape": "0",
        "nbEtuInscritElpTotal": "4",
        "volumeHoraireElpPondereEtape": "0",
        "volumeHoraireElpTotal": "12",
        "nbEtuInscritPrevisionnelElpEtape": "6",
        "nbEtuInscritPrevisionnelElpTotal": "0",
        "nbEtape": "168"
    },
    {
        "annee": "2024",
        "codeStructureEtape": "AES",
        "libStructureEtape": "Faculté des Sciences",
        "codeEtape": "TL1MI11",
        "libEtape": "L1 Sc, techno, santé / Portail MI",
        "noElement": "EO017P",
        "libElement": "Judo",
        "codeNatureElp": "EO",
        "libNatureElp": "E2O",
        "codeCNU": null,
        "libCNU": null,
        "codePeriode": "SP",
        "libPeriode": "Semestre Pair",
        "nbHeureCM": "0",
        "nbHeureTD": "12",
        "nbHeureTP": "0",
        "nbHeureCMTD": "0",
        "nbGroupeCM": "0",
        "nbGroupeTD": "1",
        "nbGroupeTP": "0",
        "nbGroupeCMTD": "0",
        "nbEtuInscritElpEtape": "0",
        "nbEtuInscritElpTotal": "6",
        "volumeHoraireElpPondereEtape": "0",
        "volumeHoraireElpTotal": "12",
        "nbEtuInscritPrevisionnelElpEtape": "6",
        "nbEtuInscritPrevisionnelElpTotal": "0",
        "nbEtape": "169"
    },
    {
        "annee": "2024",
        "codeStructureEtape": "AES",
        "libStructureEtape": "Faculté des Sciences",
        "codeEtape": "TL1MI11",
        "libEtape": "L1 Sc, techno, santé / Portail MI",
        "noElement": "TMX1120U",
        "libElement": "Analyse élémentaire - P1",
        "codeNatureElp": "CHAR",
        "libNatureElp": "Charges d'Enseignement",
        "codeCNU": "25",
        "libCNU": "Mathématiques",
        "codePeriode": "01",
        "libPeriode": "Période 1",
        "nbHeureCM": "0",
        "nbHeureTD": "0",
        "nbHeureTP": "0",
        "nbHeureCMTD": "24",
        "nbGroupeCM": "2",
        "nbGroupeTD": "9",
        "nbGroupeTP": "18",
        "nbGroupeCMTD": "9",
        "nbEtuInscritElpEtape": "141",
        "nbEtuInscritElpTotal": "343",
        "volumeHoraireElpPondereEtape": "110.99",
        "volumeHoraireElpTotal": "270",
        "nbEtuInscritPrevisionnelElpEtape": "353",
        "nbEtuInscritPrevisionnelElpTotal": "157",
        "nbEtape": "6"
    },
    {
        "annee": "2024",
        "codeStructureEtape": "AES",
        "libStructureEtape": "Faculté des Sciences",
        "codeEtape": "TL1MI11",
        "libEtape": "L1 Sc, techno, santé / Portail MI",
        "noElement": "TMX1312U",
        "libElement": "Algorithmique 2 - P3",
        "codeNatureElp": "CHAR",
        "libNatureElp": "Charges d'Enseignement",
        "codeCNU": "27",
        "libCNU": "Informatique",
        "codePeriode": "3",
        "libPeriode": "Enseignement du troisième semestre",
        "nbHeureCM": "0",
        "nbHeureTD": "0",
        "nbHeureTP": "12",
        "nbHeureCMTD": "12",
        "nbGroupeCM": "0",
        "nbGroupeTD": "0",
        "nbGroupeTP": "9",
        "nbGroupeCMTD": "5",
        "nbEtuInscritElpEtape": "146",
        "nbEtuInscritElpTotal": "163",
        "volumeHoraireElpPondereEtape": "163.91",
        "volumeHoraireElpTotal": "183",
        "nbEtuInscritPrevisionnelElpEtape": "181",
        "nbEtuInscritPrevisionnelElpTotal": "160",
        "nbEtape": "2"
    },
    {
        "annee": "2024",
        "codeStructureEtape": "AES",
        "libStructureEtape": "Faculté des Sciences",
        "codeEtape": "TL1MI11",
        "libEtape": "L1 Sc, techno, santé / Portail MI",
        "noElement": "TMX1221U",
        "libElement": "Algèbre élémentaire - P2",
        "codeNatureElp": "CHAR",
        "libNatureElp": "Charges d'Enseignement",
        "codeCNU": "25",
        "libCNU": "Mathématiques",
        "codePeriode": "02",
        "libPeriode": "Période 2",
        "nbHeureCM": "0",
        "nbHeureTD": "0",
        "nbHeureTP": "0",
        "nbHeureCMTD": "16",
        "nbGroupeCM": "2",
        "nbGroupeTD": "9",
        "nbGroupeTP": "18",
        "nbGroupeCMTD": "9",
        "nbEtuInscritElpEtape": "146",
        "nbEtuInscritElpTotal": "360",
        "volumeHoraireElpPondereEtape": "73",
        "volumeHoraireElpTotal": "180",
        "nbEtuInscritPrevisionnelElpEtape": "364",
        "nbEtuInscritPrevisionnelElpTotal": "154",
        "nbEtape": "6"
    },
    {
        "annee": "2024",
        "codeStructureEtape": "AES",
        "libStructureEtape": "Faculté des Sciences",
        "codeEtape": "TL1MI11",
        "libEtape": "L1 Sc, techno, santé / Portail MI",
        "noElement": "EO113P",
        "libElement": "Journalisme : interviews et portraits d'entreprises",
        "codeNatureElp": "EO",
        "libNatureElp": "E2O",
        "codeCNU": null,
        "libCNU": null,
        "codePeriode": "SP",
        "libPeriode": "Semestre Pair",
        "nbHeureCM": "0",
        "nbHeureTD": "16",
        "nbHeureTP": "0",
        "nbHeureCMTD": "0",
        "nbGroupeCM": "0",
        "nbGroupeTD": "0",
        "nbGroupeTP": "0",
        "nbGroupeCMTD": "0",
        "nbEtuInscritElpEtape": "0",
        "nbEtuInscritElpTotal": "0",
        "volumeHoraireElpPondereEtape": "0",
        "volumeHoraireElpTotal": "16",
        "nbEtuInscritPrevisionnelElpEtape": "0",
        "nbEtuInscritPrevisionnelElpTotal": "0",
        "nbEtape": "88"
    },
    {
        "annee": "2024",
        "codeStructureEtape": "AES",
        "libStructureEtape": "Faculté des Sciences",
        "codeEtape": "TL1MI11",
        "libEtape": "L1 Sc, techno, santé / Portail MI",
        "noElement": "TMX1403U",
        "libElement": "Arithmétique des polynômes - P4",
        "codeNatureElp": "CHAR",
        "libNatureElp": "Charges d'Enseignement",
        "codeCNU": "25",
        "libCNU": "Mathématiques",
        "codePeriode": "4",
        "libPeriode": "Enseignement du quatrième semestre",
        "nbHeureCM": "10.67",
        "nbHeureTD": "26.67",
        "nbHeureTP": "0",
        "nbHeureCMTD": "0",
        "nbGroupeCM": "1",
        "nbGroupeTD": "4",
        "nbGroupeTP": "0",
        "nbGroupeCMTD": "0",
        "nbEtuInscritElpEtape": "43",
        "nbEtuInscritElpTotal": "133",
        "volumeHoraireElpPondereEtape": "39.67",
        "volumeHoraireElpTotal": "122.69",
        "nbEtuInscritPrevisionnelElpEtape": "126",
        "nbEtuInscritPrevisionnelElpTotal": "40",
        "nbEtape": "5"
    },
    {
        "annee": "2024",
        "codeStructureEtape": "AES",
        "libStructureEtape": "Faculté des Sciences",
        "codeEtape": "TL1MI11",
        "libEtape": "L1 Sc, techno, santé / Portail MI",
        "noElement": "EO109P",
        "libElement": "Consolider son projet d'avenir",
        "codeNatureElp": "EO",
        "libNatureElp": "E2O",
        "codeCNU": null,
        "libCNU": null,
        "codePeriode": "SP",
        "libPeriode": "Semestre Pair",
        "nbHeureCM": "0",
        "nbHeureTD": "16",
        "nbHeureTP": "0",
        "nbHeureCMTD": "0",
        "nbGroupeCM": "0",
        "nbGroupeTD": "0",
        "nbGroupeTP": "0",
        "nbGroupeCMTD": "0",
        "nbEtuInscritElpEtape": "0",
        "nbEtuInscritElpTotal": "0",
        "volumeHoraireElpPondereEtape": "0",
        "volumeHoraireElpTotal": "16",
        "nbEtuInscritPrevisionnelElpEtape": "0",
        "nbEtuInscritPrevisionnelElpTotal": "0",
        "nbEtape": "164"
    },
    {
        "annee": "2024",
        "codeStructureEtape": "AES",
        "libStructureEtape": "Faculté des Sciences",
        "codeEtape": "TL1MI11",
        "libEtape": "L1 Sc, techno, santé / Portail MI",
        "noElement": "EO111P",
        "libElement": "Création d'entreprise : aspects commercial et financier",
        "codeNatureElp": "EO",
        "libNatureElp": "E2O",
        "codeCNU": null,
        "libCNU": null,
        "codePeriode": "SP",
        "libPeriode": "Semestre Pair",
        "nbHeureCM": "0",
        "nbHeureTD": "16",
        "nbHeureTP": "0",
        "nbHeureCMTD": "0",
        "nbGroupeCM": "0",
        "nbGroupeTD": "1",
        "nbGroupeTP": "0",
        "nbGroupeCMTD": "0",
        "nbEtuInscritElpEtape": "0",
        "nbEtuInscritElpTotal": "24",
        "volumeHoraireElpPondereEtape": "0",
        "volumeHoraireElpTotal": "16",
        "nbEtuInscritPrevisionnelElpEtape": "19",
        "nbEtuInscritPrevisionnelElpTotal": "0",
        "nbEtape": "163"
    },
    {
        "annee": "2024",
        "codeStructureEtape": "AES",
        "libStructureEtape": "Faculté des Sciences",
        "codeEtape": "TL1MI11",
        "libEtape": "L1 Sc, techno, santé / Portail MI",
        "noElement": "TMX1301U",
        "libElement": "Fondements d'analyse - P3",
        "codeNatureElp": "CHAR",
        "libNatureElp": "Charges d'Enseignement",
        "codeCNU": "25",
        "libCNU": "Mathématiques",
        "codePeriode": "3",
        "libPeriode": "Enseignement du troisième semestre",
        "nbHeureCM": "0",
        "nbHeureTD": "0",
        "nbHeureTP": "0",
        "nbHeureCMTD": "28",
        "nbGroupeCM": "0",
        "nbGroupeTD": "0",
        "nbGroupeTP": "0",
        "nbGroupeCMTD": "5",
        "nbEtuInscritElpEtape": "43",
        "nbEtuInscritElpTotal": "164",
        "volumeHoraireElpPondereEtape": "45.88",
        "volumeHoraireElpTotal": "175",
        "nbEtuInscritPrevisionnelElpEtape": "160",
        "nbEtuInscritPrevisionnelElpTotal": "39",
        "nbEtape": "6"
    },
    {
        "annee": "2024",
        "codeStructureEtape": "AES",
        "libStructureEtape": "Faculté des Sciences",
        "codeEtape": "TL1MI11",
        "libEtape": "L1 Sc, techno, santé / Portail MI",
        "noElement": "TMX1259U",
        "libElement": "Expression écrite et orale - P2",
        "codeNatureElp": "CHAR",
        "libNatureElp": "Charges d'Enseignement",
        "codeCNU": "09",
        "libCNU": "Langue et littérature françaises",
        "codePeriode": "2",
        "libPeriode": "Enseignement du second semestre",
        "nbHeureCM": "0",
        "nbHeureTD": "0",
        "nbHeureTP": "2.67",
        "nbHeureCMTD": "2.67",
        "nbGroupeCM": "0",
        "nbGroupeTD": "0",
        "nbGroupeTP": "13",
        "nbGroupeCMTD": "7",
        "nbEtuInscritElpEtape": "139",
        "nbEtuInscritElpTotal": "259",
        "volumeHoraireElpPondereEtape": "31.16",
        "volumeHoraireElpTotal": "58.07",
        "nbEtuInscritPrevisionnelElpEtape": "249",
        "nbEtuInscritPrevisionnelElpTotal": "140",
        "nbEtape": "3"
    },
    {
        "annee": "2024",
        "codeStructureEtape": "AES",
        "libStructureEtape": "Faculté des Sciences",
        "codeEtape": "TL1MI11",
        "libEtape": "L1 Sc, techno, santé / Portail MI",
        "noElement": "EO090P",
        "libElement": "Buddy system",
        "codeNatureElp": "EO",
        "libNatureElp": "E2O",
        "codeCNU": null,
        "libCNU": null,
        "codePeriode": "SP",
        "libPeriode": "Semestre Pair",
        "nbHeureCM": "0",
        "nbHeureTD": "16",
        "nbHeureTP": "0",
        "nbHeureCMTD": "0",
        "nbGroupeCM": "0",
        "nbGroupeTD": "1",
        "nbGroupeTP": "0",
        "nbGroupeCMTD": "0",
        "nbEtuInscritElpEtape": "0",
        "nbEtuInscritElpTotal": "1",
        "volumeHoraireElpPondereEtape": "0",
        "volumeHoraireElpTotal": "16",
        "nbEtuInscritPrevisionnelElpEtape": "13",
        "nbEtuInscritPrevisionnelElpTotal": "0",
        "nbEtape": "163"
    },
    {
        "annee": "2024",
        "codeStructureEtape": "AES",
        "libStructureEtape": "Faculté des Sciences",
        "codeEtape": "TL1MI11",
        "libEtape": "L1 Sc, techno, santé / Portail MI",
        "noElement": "EO114P",
        "libElement": "Du CV à l'entretien, maximiser vos chances d'être retenu",
        "codeNatureElp": "EO",
        "libNatureElp": "E2O",
        "codeCNU": null,
        "libCNU": null,
        "codePeriode": "SP",
        "libPeriode": "Semestre Pair",
        "nbHeureCM": "0",
        "nbHeureTD": "16",
        "nbHeureTP": "0",
        "nbHeureCMTD": "0",
        "nbGroupeCM": "0",
        "nbGroupeTD": "1",
        "nbGroupeTP": "0",
        "nbGroupeCMTD": "0",
        "nbEtuInscritElpEtape": "0",
        "nbEtuInscritElpTotal": "21",
        "volumeHoraireElpPondereEtape": "0",
        "volumeHoraireElpTotal": "16",
        "nbEtuInscritPrevisionnelElpEtape": "0",
        "nbEtuInscritPrevisionnelElpTotal": "0",
        "nbEtape": "164"
    },
    {
        "annee": "2024",
        "codeStructureEtape": "AES",
        "libStructureEtape": "Faculté des Sciences",
        "codeEtape": "TL1MI11",
        "libEtape": "L1 Sc, techno, santé / Portail MI",
        "noElement": "EO072P",
        "libElement": "Initiation à la langue des signes",
        "codeNatureElp": "EO",
        "libNatureElp": "E2O",
        "codeCNU": null,
        "libCNU": null,
        "codePeriode": "SP",
        "libPeriode": "Semestre Pair",
        "nbHeureCM": "0",
        "nbHeureTD": "16",
        "nbHeureTP": "0",
        "nbHeureCMTD": "0",
        "nbGroupeCM": "0",
        "nbGroupeTD": "0",
        "nbGroupeTP": "0",
        "nbGroupeCMTD": "0",
        "nbEtuInscritElpEtape": "0",
        "nbEtuInscritElpTotal": "0",
        "volumeHoraireElpPondereEtape": "0",
        "volumeHoraireElpTotal": "16",
        "nbEtuInscritPrevisionnelElpEtape": "0",
        "nbEtuInscritPrevisionnelElpTotal": "0",
        "nbEtape": "163"
    },
    {
        "annee": "2024",
        "codeStructureEtape": "AES",
        "libStructureEtape": "Faculté des Sciences",
        "codeEtape": "TL1MI11",
        "libEtape": "L1 Sc, techno, santé / Portail MI",
        "noElement": "EO135P",
        "libElement": "Valorisation de l'engagement étudiant",
        "codeNatureElp": "EO",
        "libNatureElp": "E2O",
        "codeCNU": null,
        "libCNU": null,
        "codePeriode": "SP",
        "libPeriode": "Semestre Pair",
        "nbHeureCM": "0",
        "nbHeureTD": "16",
        "nbHeureTP": "0",
        "nbHeureCMTD": "0",
        "nbGroupeCM": "0",
        "nbGroupeTD": "1",
        "nbGroupeTP": "0",
        "nbGroupeCMTD": "0",
        "nbEtuInscritElpEtape": "0",
        "nbEtuInscritElpTotal": "18",
        "volumeHoraireElpPondereEtape": "0",
        "volumeHoraireElpTotal": "16",
        "nbEtuInscritPrevisionnelElpEtape": "0",
        "nbEtuInscritPrevisionnelElpTotal": "0",
        "nbEtape": "163"
    },
    {
        "annee": "2024",
        "codeStructureEtape": "AES",
        "libStructureEtape": "Faculté des Sciences",
        "codeEtape": "TL1MI11",
        "libEtape": "L1 Sc, techno, santé / Portail MI",
        "noElement": "TMX1453U",
        "libElement": "Anglais - P4",
        "codeNatureElp": "CHAR",
        "libNatureElp": "Charges d'Enseignement",
        "codeCNU": "11",
        "libCNU": "Langues et littératures anglaises et anglo-saxonnes",
        "codePeriode": "04",
        "libPeriode": "Période 4",
        "nbHeureCM": "0",
        "nbHeureTD": "1.33",
        "nbHeureTP": "6.67",
        "nbHeureCMTD": "0",
        "nbGroupeCM": "2",
        "nbGroupeTD": "7",
        "nbGroupeTP": "14",
        "nbGroupeCMTD": "7",
        "nbEtuInscritElpEtape": "137",
        "nbEtuInscritElpTotal": "276",
        "volumeHoraireElpPondereEtape": "50.97",
        "volumeHoraireElpTotal": "102.69",
        "nbEtuInscritPrevisionnelElpEtape": "277",
        "nbEtuInscritPrevisionnelElpTotal": "145",
        "nbEtape": "4"
    },
    {
        "annee": "2024",
        "codeStructureEtape": "AES",
        "libStructureEtape": "Faculté des Sciences",
        "codeEtape": "TL1MI11",
        "libEtape": "L1 Sc, techno, santé / Portail MI",
        "noElement": "TMX1413U",
        "libElement": "Fondements d'analyse - P4",
        "codeNatureElp": "CHAR",
        "libNatureElp": "Charges d'Enseignement",
        "codeCNU": "25",
        "libCNU": "Mathématiques",
        "codePeriode": "4",
        "libPeriode": "Enseignement du quatrième semestre",
        "nbHeureCM": "0",
        "nbHeureTD": "0",
        "nbHeureTP": "0",
        "nbHeureCMTD": "29.33",
        "nbGroupeCM": "0",
        "nbGroupeTD": "0",
        "nbGroupeTP": "0",
        "nbGroupeCMTD": "5",
        "nbEtuInscritElpEtape": "43",
        "nbEtuInscritElpTotal": "164",
        "volumeHoraireElpPondereEtape": "48.06",
        "volumeHoraireElpTotal": "183.31",
        "nbEtuInscritPrevisionnelElpEtape": "160",
        "nbEtuInscritPrevisionnelElpTotal": "39",
        "nbEtape": "6"
    },
    {
        "annee": "2024",
        "codeStructureEtape": "AES",
        "libStructureEtape": "Faculté des Sciences",
        "codeEtape": "TL1MI11",
        "libEtape": "L1 Sc, techno, santé / Portail MI",
        "noElement": "TMX1111U",
        "libElement": "Bases d'informatique - P1",
        "codeNatureElp": "CHAR",
        "libNatureElp": "Charges d'Enseignement",
        "codeCNU": "27",
        "libCNU": "Informatique",
        "codePeriode": "1",
        "libPeriode": "Enseignement du premier semestre",
        "nbHeureCM": "0",
        "nbHeureTD": "0",
        "nbHeureTP": "0",
        "nbHeureCMTD": "12",
        "nbGroupeCM": "0",
        "nbGroupeTD": "0",
        "nbGroupeTP": "0",
        "nbGroupeCMTD": "4",
        "nbEtuInscritElpEtape": "137",
        "nbEtuInscritElpTotal": "156",
        "volumeHoraireElpPondereEtape": "52.69",
        "volumeHoraireElpTotal": "60",
        "nbEtuInscritPrevisionnelElpEtape": "175",
        "nbEtuInscritPrevisionnelElpTotal": "154",
        "nbEtape": "2"
    },
    {
        "annee": "2024",
        "codeStructureEtape": "AES",
        "libStructureEtape": "Faculté des Sciences",
        "codeEtape": "TL1MI11",
        "libEtape": "L1 Sc, techno, santé / Portail MI",
        "noElement": "TMX1159U",
        "libElement": "Expression écrite et orale - P1",
        "codeNatureElp": "CHAR",
        "libNatureElp": "Charges d'Enseignement",
        "codeCNU": "09",
        "libCNU": "Langue et littérature françaises",
        "codePeriode": "1",
        "libPeriode": "Enseignement du premier semestre",
        "nbHeureCM": "0",
        "nbHeureTD": "0",
        "nbHeureTP": "0",
        "nbHeureCMTD": "6.67",
        "nbGroupeCM": "0",
        "nbGroupeTD": "0",
        "nbGroupeTP": "0",
        "nbGroupeCMTD": "7",
        "nbEtuInscritElpEtape": "139",
        "nbEtuInscritElpTotal": "259",
        "volumeHoraireElpPondereEtape": "31.32",
        "volumeHoraireElpTotal": "58.36",
        "nbEtuInscritPrevisionnelElpEtape": "249",
        "nbEtuInscritPrevisionnelElpTotal": "140",
        "nbEtape": "3"
    },
    {
        "annee": "2024",
        "codeStructureEtape": "AES",
        "libStructureEtape": "Faculté des Sciences",
        "codeEtape": "TL1MI11",
        "libEtape": "L1 Sc, techno, santé / Portail MI",
        "noElement": "TMX1216U",
        "libElement": "Algorithmique 1 - P2",
        "codeNatureElp": "CHAR",
        "libNatureElp": "Charges d'Enseignement",
        "codeCNU": "27",
        "libCNU": "Informatique",
        "codePeriode": "2",
        "libPeriode": "Enseignement du second semestre",
        "nbHeureCM": "0",
        "nbHeureTD": "0",
        "nbHeureTP": "10.67",
        "nbHeureCMTD": "16",
        "nbGroupeCM": "0",
        "nbGroupeTD": "0",
        "nbGroupeTP": "9",
        "nbGroupeCMTD": "5",
        "nbEtuInscritElpEtape": "145",
        "nbEtuInscritElpTotal": "164",
        "volumeHoraireElpPondereEtape": "173.32",
        "volumeHoraireElpTotal": "196.03",
        "nbEtuInscritPrevisionnelElpEtape": "179",
        "nbEtuInscritPrevisionnelElpTotal": "158",
        "nbEtape": "2"
    },
    {
        "annee": "2024",
        "codeStructureEtape": "AES",
        "libStructureEtape": "Faculté des Sciences",
        "codeEtape": "TL1MI11",
        "libEtape": "L1 Sc, techno, santé / Portail MI",
        "noElement": "EO074P",
        "libElement": "Sensibilisation à la diversité",
        "codeNatureElp": "EO",
        "libNatureElp": "E2O",
        "codeCNU": null,
        "libCNU": null,
        "codePeriode": "SP",
        "libPeriode": "Semestre Pair",
        "nbHeureCM": "0",
        "nbHeureTD": "16",
        "nbHeureTP": "0",
        "nbHeureCMTD": "0",
        "nbGroupeCM": "0",
        "nbGroupeTD": "1",
        "nbGroupeTP": "0",
        "nbGroupeCMTD": "0",
        "nbEtuInscritElpEtape": "0",
        "nbEtuInscritElpTotal": "0",
        "volumeHoraireElpPondereEtape": "0",
        "volumeHoraireElpTotal": "16",
        "nbEtuInscritPrevisionnelElpEtape": "13",
        "nbEtuInscritPrevisionnelElpTotal": "0",
        "nbEtape": "164"
    },
    {
        "annee": "2024",
        "codeStructureEtape": "AES",
        "libStructureEtape": "Faculté des Sciences",
        "codeEtape": "TL1MI11",
        "libEtape": "L1 Sc, techno, santé / Portail MI",
        "noElement": "EO013P",
        "libElement": "Football féminin",
        "codeNatureElp": "EO",
        "libNatureElp": "E2O",
        "codeCNU": null,
        "libCNU": null,
        "codePeriode": "SP",
        "libPeriode": "Semestre Pair",
        "nbHeureCM": "0",
        "nbHeureTD": "12",
        "nbHeureTP": "0",
        "nbHeureCMTD": "0",
        "nbGroupeCM": "0",
        "nbGroupeTD": "1",
        "nbGroupeTP": "0",
        "nbGroupeCMTD": "0",
        "nbEtuInscritElpEtape": "0",
        "nbEtuInscritElpTotal": "6",
        "volumeHoraireElpPondereEtape": "0",
        "volumeHoraireElpTotal": "12",
        "nbEtuInscritPrevisionnelElpEtape": "10",
        "nbEtuInscritPrevisionnelElpTotal": "0",
        "nbEtape": "169"
    },
    {
        "annee": "2024",
        "codeStructureEtape": "AES",
        "libStructureEtape": "Faculté des Sciences",
        "codeEtape": "TL1MI11",
        "libEtape": "L1 Sc, techno, santé / Portail MI",
        "noElement": "TMX1408U",
        "libElement": "Bases de données 1 - P4",
        "codeNatureElp": "CHAR",
        "libNatureElp": "Charges d'Enseignement",
        "codeCNU": "27",
        "libCNU": "Informatique",
        "codePeriode": "4",
        "libPeriode": "Enseignement du quatrième semestre",
        "nbHeureCM": "5.33",
        "nbHeureTD": "0",
        "nbHeureTP": "12",
        "nbHeureCMTD": "0",
        "nbGroupeCM": "1",
        "nbGroupeTD": "0",
        "nbGroupeTP": "6",
        "nbGroupeCMTD": "0",
        "nbEtuInscritElpEtape": "102",
        "nbEtuInscritElpTotal": "119",
        "volumeHoraireElpPondereEtape": "68.57",
        "volumeHoraireElpTotal": "80",
        "nbEtuInscritPrevisionnelElpEtape": "139",
        "nbEtuInscritPrevisionnelElpTotal": "118",
        "nbEtape": "2"
    },
    {
        "annee": "2024",
        "codeStructureEtape": "AES",
        "libStructureEtape": "Faculté des Sciences",
        "codeEtape": "TL1MI11",
        "libEtape": "L1 Sc, techno, santé / Portail MI",
        "noElement": "TMX1501U",
        "libElement": "Concrétisation - P5",
        "codeNatureElp": "CHAR",
        "libNatureElp": "Charges d'Enseignement",
        "codeCNU": "27",
        "libCNU": "Informatique",
        "codePeriode": "5",
        "libPeriode": "Enseignement du cinquième semestre",
        "nbHeureCM": "4",
        "nbHeureTD": "0",
        "nbHeureTP": "36",
        "nbHeureCMTD": "0",
        "nbGroupeCM": "1",
        "nbGroupeTD": "0",
        "nbGroupeTP": "6",
        "nbGroupeCMTD": "0",
        "nbEtuInscritElpEtape": "95",
        "nbEtuInscritElpTotal": "112",
        "volumeHoraireElpPondereEtape": "188.3",
        "volumeHoraireElpTotal": "222",
        "nbEtuInscritPrevisionnelElpEtape": "131",
        "nbEtuInscritPrevisionnelElpTotal": "110",
        "nbEtape": "2"
    },
    {
        "annee": "2024",
        "codeStructureEtape": "AES",
        "libStructureEtape": "Faculté des Sciences",
        "codeEtape": "TL1MI11",
        "libEtape": "L1 Sc, techno, santé / Portail MI",
        "noElement": "TMX1105U",
        "libElement": "Algorithmique 1 - P1",
        "codeNatureElp": "CHAR",
        "libNatureElp": "Charges d'Enseignement",
        "codeCNU": "27",
        "libCNU": "Informatique",
        "codePeriode": "1",
        "libPeriode": "Enseignement du premier semestre",
        "nbHeureCM": "0",
        "nbHeureTD": "0",
        "nbHeureTP": "12",
        "nbHeureCMTD": "16",
        "nbGroupeCM": "0",
        "nbGroupeTD": "0",
        "nbGroupeTP": "9",
        "nbGroupeCMTD": "5",
        "nbEtuInscritElpEtape": "145",
        "nbEtuInscritElpTotal": "164",
        "volumeHoraireElpPondereEtape": "183.9",
        "volumeHoraireElpTotal": "208",
        "nbEtuInscritPrevisionnelElpEtape": "179",
        "nbEtuInscritPrevisionnelElpTotal": "158",
        "nbEtape": "2"
    },
    {
        "annee": "2024",
        "codeStructureEtape": "AES",
        "libStructureEtape": "Faculté des Sciences",
        "codeEtape": "TL1MI11",
        "libEtape": "L1 Sc, techno, santé / Portail MI",
        "noElement": "TMX1306U",
        "libElement": "Fondements de l'informatique 1 - P3",
        "codeNatureElp": "CHAR",
        "libNatureElp": "Charges d'Enseignement",
        "codeCNU": "27",
        "libCNU": "Informatique",
        "codePeriode": "3",
        "libPeriode": "Enseignement du troisième semestre",
        "nbHeureCM": "0",
        "nbHeureTD": "0",
        "nbHeureTP": "0",
        "nbHeureCMTD": "24",
        "nbGroupeCM": "0",
        "nbGroupeTD": "0",
        "nbGroupeTP": "0",
        "nbGroupeCMTD": "3",
        "nbEtuInscritElpEtape": "102",
        "nbEtuInscritElpTotal": "102",
        "volumeHoraireElpPondereEtape": "90",
        "volumeHoraireElpTotal": "90",
        "nbEtuInscritPrevisionnelElpEtape": "118",
        "nbEtuInscritPrevisionnelElpTotal": "118",
        "nbEtape": "1"
    },
    {
        "annee": "2024",
        "codeStructureEtape": "AES",
        "libStructureEtape": "Faculté des Sciences",
        "codeEtape": "TL1MI11",
        "libEtape": "L1 Sc, techno, santé / Portail MI",
        "noElement": "EO004P",
        "libElement": "Badminton",
        "codeNatureElp": "EO",
        "libNatureElp": "E2O",
        "codeCNU": null,
        "libCNU": null,
        "codePeriode": "SP",
        "libPeriode": "Semestre Pair",
        "nbHeureCM": "0",
        "nbHeureTD": "12",
        "nbHeureTP": "0",
        "nbHeureCMTD": "0",
        "nbGroupeCM": "0",
        "nbGroupeTD": "2",
        "nbGroupeTP": "0",
        "nbGroupeCMTD": "0",
        "nbEtuInscritElpEtape": "0",
        "nbEtuInscritElpTotal": "52",
        "volumeHoraireElpPondereEtape": "0",
        "volumeHoraireElpTotal": "24",
        "nbEtuInscritPrevisionnelElpEtape": "12",
        "nbEtuInscritPrevisionnelElpTotal": "0",
        "nbEtape": "169"
    },
    {
        "annee": "2024",
        "codeStructureEtape": "AES",
        "libStructureEtape": "Faculté des Sciences",
        "codeEtape": "TL1MI11",
        "libEtape": "L1 Sc, techno, santé / Portail MI",
        "noElement": "EO025P",
        "libElement": "Tir à l'arc",
        "codeNatureElp": "EO",
        "libNatureElp": "E2O",
        "codeCNU": null,
        "libCNU": null,
        "codePeriode": "SP",
        "libPeriode": "Semestre Pair",
        "nbHeureCM": "0",
        "nbHeureTD": "12",
        "nbHeureTP": "0",
        "nbHeureCMTD": "0",
        "nbGroupeCM": "0",
        "nbGroupeTD": "1",
        "nbGroupeTP": "0",
        "nbGroupeCMTD": "0",
        "nbEtuInscritElpEtape": "0",
        "nbEtuInscritElpTotal": "8",
        "volumeHoraireElpPondereEtape": "0",
        "volumeHoraireElpTotal": "12",
        "nbEtuInscritPrevisionnelElpEtape": "6",
        "nbEtuInscritPrevisionnelElpTotal": "0",
        "nbEtape": "169"
    },
    {
        "annee": "2024",
        "codeStructureEtape": "AES",
        "libStructureEtape": "Faculté des Sciences",
        "codeEtape": "TL1MI11",
        "libEtape": "L1 Sc, techno, santé / Portail MI",
        "noElement": "EO016P",
        "libElement": "Handball",
        "codeNatureElp": "EO",
        "libNatureElp": "E2O",
        "codeCNU": null,
        "libCNU": null,
        "codePeriode": "SP",
        "libPeriode": "Semestre Pair",
        "nbHeureCM": "0",
        "nbHeureTD": "12",
        "nbHeureTP": "0",
        "nbHeureCMTD": "0",
        "nbGroupeCM": "0",
        "nbGroupeTD": "1",
        "nbGroupeTP": "0",
        "nbGroupeCMTD": "0",
        "nbEtuInscritElpEtape": "0",
        "nbEtuInscritElpTotal": "6",
        "volumeHoraireElpPondereEtape": "0",
        "volumeHoraireElpTotal": "12",
        "nbEtuInscritPrevisionnelElpEtape": "5",
        "nbEtuInscritPrevisionnelElpTotal": "0",
        "nbEtape": "168"
    },
    {
        "annee": "2024",
        "codeStructureEtape": "AES",
        "libStructureEtape": "Faculté des Sciences",
        "codeEtape": "TL1MI11",
        "libEtape": "L1 Sc, techno, santé / Portail MI",
        "noElement": "EO011P",
        "libElement": "Escalade",
        "codeNatureElp": "EO",
        "libNatureElp": "E2O",
        "codeCNU": null,
        "libCNU": null,
        "codePeriode": "SP",
        "libPeriode": "Semestre Pair",
        "nbHeureCM": "0",
        "nbHeureTD": "12",
        "nbHeureTP": "0",
        "nbHeureCMTD": "0",
        "nbGroupeCM": "0",
        "nbGroupeTD": "1",
        "nbGroupeTP": "0",
        "nbGroupeCMTD": "0",
        "nbEtuInscritElpEtape": "0",
        "nbEtuInscritElpTotal": "26",
        "volumeHoraireElpPondereEtape": "0",
        "volumeHoraireElpTotal": "12",
        "nbEtuInscritPrevisionnelElpEtape": "18",
        "nbEtuInscritPrevisionnelElpTotal": "1",
        "nbEtape": "169"
    },
    {
        "annee": "2024",
        "codeStructureEtape": "AES",
        "libStructureEtape": "Faculté des Sciences",
        "codeEtape": "TL1MI11",
        "libEtape": "L1 Sc, techno, santé / Portail MI",
        "noElement": "TMX1358U",
        "libElement": "Projet personnel et professionnel - P3 - MPC MI",
        "codeNatureElp": "CHAR",
        "libNatureElp": "Charges d'Enseignement",
        "codeCNU": null,
        "libCNU": null,
        "codePeriode": "3",
        "libPeriode": "Enseignement du troisième semestre",
        "nbHeureCM": "0",
        "nbHeureTD": "2.67",
        "nbHeureTP": "0",
        "nbHeureCMTD": "0",
        "nbGroupeCM": "0",
        "nbGroupeTD": "7",
        "nbGroupeTP": "0",
        "nbGroupeCMTD": "0",
        "nbEtuInscritElpEtape": "135",
        "nbEtuInscritElpTotal": "257",
        "volumeHoraireElpPondereEtape": "9.82",
        "volumeHoraireElpTotal": "18.69",
        "nbEtuInscritPrevisionnelElpEtape": "258",
        "nbEtuInscritPrevisionnelElpTotal": "148",
        "nbEtape": "3"
    },
    {
        "annee": "2024",
        "codeStructureEtape": "AES",
        "libStructureEtape": "Faculté des Sciences",
        "codeEtape": "TL1MI11",
        "libEtape": "L1 Sc, techno, santé / Portail MI",
        "noElement": "TMX1417U",
        "libElement": "Fondements de l'informatique 1 - P4",
        "codeNatureElp": "CHAR",
        "libNatureElp": "Charges d'Enseignement",
        "codeCNU": "27",
        "libCNU": "Informatique",
        "codePeriode": "4",
        "libPeriode": "Enseignement du quatrième semestre",
        "nbHeureCM": "8",
        "nbHeureTD": "16",
        "nbHeureTP": "0",
        "nbHeureCMTD": "0",
        "nbGroupeCM": "1",
        "nbGroupeTD": "3",
        "nbGroupeTP": "0",
        "nbGroupeCMTD": "0",
        "nbEtuInscritElpEtape": "102",
        "nbEtuInscritElpTotal": "102",
        "volumeHoraireElpPondereEtape": "60",
        "volumeHoraireElpTotal": "60",
        "nbEtuInscritPrevisionnelElpEtape": "118",
        "nbEtuInscritPrevisionnelElpTotal": "118",
        "nbEtape": "1"
    },
    {
        "annee": "2024",
        "codeStructureEtape": "AES",
        "libStructureEtape": "Faculté des Sciences",
        "codeEtape": "TL1MI11",
        "libEtape": "L1 Sc, techno, santé / Portail MI",
        "noElement": "EO023P",
        "libElement": "Tennis (confirmé)",
        "codeNatureElp": "EO",
        "libNatureElp": "E2O",
        "codeCNU": null,
        "libCNU": null,
        "codePeriode": "SP",
        "libPeriode": "Semestre Pair",
        "nbHeureCM": "0",
        "nbHeureTD": "12",
        "nbHeureTP": "0",
        "nbHeureCMTD": "0",
        "nbGroupeCM": "0",
        "nbGroupeTD": "1",
        "nbGroupeTP": "0",
        "nbGroupeCMTD": "0",
        "nbEtuInscritElpEtape": "0",
        "nbEtuInscritElpTotal": "2",
        "volumeHoraireElpPondereEtape": "0",
        "volumeHoraireElpTotal": "12",
        "nbEtuInscritPrevisionnelElpEtape": "0",
        "nbEtuInscritPrevisionnelElpTotal": "0",
        "nbEtape": "169"
    },
    {
        "annee": "2024",
        "codeStructureEtape": "AES",
        "libStructureEtape": "Faculté des Sciences",
        "codeEtape": "TL1MI11",
        "libEtape": "L1 Sc, techno, santé / Portail MI",
        "noElement": "TMX1256U",
        "libElement": "BienvenUA - M, PC et I",
        "codeNatureElp": "CHAR",
        "libNatureElp": "Charges d'Enseignement",
        "codeCNU": null,
        "libCNU": null,
        "codePeriode": "02",
        "libPeriode": "Période 2",
        "nbHeureCM": "0",
        "nbHeureTD": "0",
        "nbHeureTP": "0",
        "nbHeureCMTD": "0",
        "nbGroupeCM": "0",
        "nbGroupeTD": "0",
        "nbGroupeTP": "0",
        "nbGroupeCMTD": "0",
        "nbEtuInscritElpEtape": "154",
        "nbEtuInscritElpTotal": "282",
        "volumeHoraireElpPondereEtape": "0",
        "volumeHoraireElpTotal": "0",
        "nbEtuInscritPrevisionnelElpEtape": "281",
        "nbEtuInscritPrevisionnelElpTotal": "161",
        "nbEtape": "3"
    },
    {
        "annee": "2024",
        "codeStructureEtape": "AES",
        "libStructureEtape": "Faculté des Sciences",
        "codeEtape": "TL1MI11",
        "libEtape": "L1 Sc, techno, santé / Portail MI",
        "noElement": "EO021P",
        "libElement": "Rugby",
        "codeNatureElp": "EO",
        "libNatureElp": "E2O",
        "codeCNU": null,
        "libCNU": null,
        "codePeriode": "SP",
        "libPeriode": "Semestre Pair",
        "nbHeureCM": "0",
        "nbHeureTD": "12",
        "nbHeureTP": "0",
        "nbHeureCMTD": "0",
        "nbGroupeCM": "0",
        "nbGroupeTD": "1",
        "nbGroupeTP": "0",
        "nbGroupeCMTD": "0",
        "nbEtuInscritElpEtape": "0",
        "nbEtuInscritElpTotal": "0",
        "volumeHoraireElpPondereEtape": "0",
        "volumeHoraireElpTotal": "12",
        "nbEtuInscritPrevisionnelElpEtape": "3",
        "nbEtuInscritPrevisionnelElpTotal": "0",
        "nbEtape": "168"
    },
    {
        "annee": "2024",
        "codeStructureEtape": "AES",
        "libStructureEtape": "Faculté des Sciences",
        "codeEtape": "TL1MI11",
        "libEtape": "L1 Sc, techno, santé / Portail MI",
        "noElement": "EO032P",
        "libElement": "Boxe anglaise",
        "codeNatureElp": "EO",
        "libNatureElp": "E2O",
        "codeCNU": null,
        "libCNU": null,
        "codePeriode": "SP",
        "libPeriode": "Semestre Pair",
        "nbHeureCM": "0",
        "nbHeureTD": "12",
        "nbHeureTP": "0",
        "nbHeureCMTD": "0",
        "nbGroupeCM": "0",
        "nbGroupeTD": "1",
        "nbGroupeTP": "0",
        "nbGroupeCMTD": "0",
        "nbEtuInscritElpEtape": "0",
        "nbEtuInscritElpTotal": "6",
        "volumeHoraireElpPondereEtape": "0",
        "volumeHoraireElpTotal": "12",
        "nbEtuInscritPrevisionnelElpEtape": "6",
        "nbEtuInscritPrevisionnelElpTotal": "0",
        "nbEtape": "168"
    },
    {
        "annee": "2024",
        "codeStructureEtape": "AES",
        "libStructureEtape": "Faculté des Sciences",
        "codeEtape": "TL1MI11",
        "libEtape": "L1 Sc, techno, santé / Portail MI",
        "noElement": "EO006P",
        "libElement": "Savate boxe française",
        "codeNatureElp": "EO",
        "libNatureElp": "E2O",
        "codeCNU": null,
        "libCNU": null,
        "codePeriode": "SP",
        "libPeriode": "Semestre Pair",
        "nbHeureCM": "0",
        "nbHeureTD": "12",
        "nbHeureTP": "0",
        "nbHeureCMTD": "0",
        "nbGroupeCM": "0",
        "nbGroupeTD": "1",
        "nbGroupeTP": "0",
        "nbGroupeCMTD": "0",
        "nbEtuInscritElpEtape": "0",
        "nbEtuInscritElpTotal": "0",
        "volumeHoraireElpPondereEtape": "0",
        "volumeHoraireElpTotal": "12",
        "nbEtuInscritPrevisionnelElpEtape": "6",
        "nbEtuInscritPrevisionnelElpTotal": "0",
        "nbEtape": "169"
    },
    {
        "annee": "2024",
        "codeStructureEtape": "AES",
        "libStructureEtape": "Faculté des Sciences",
        "codeEtape": "TL1MI11",
        "libEtape": "L1 Sc, techno, santé / Portail MI",
        "noElement": "TMX1315U",
        "libElement": "Bases de données 1 - P3",
        "codeNatureElp": "CHAR",
        "libNatureElp": "Charges d'Enseignement",
        "codeCNU": "27",
        "libCNU": "Informatique",
        "codePeriode": "3",
        "libPeriode": "Enseignement du troisième semestre",
        "nbHeureCM": "0",
        "nbHeureTD": "0",
        "nbHeureTP": "0",
        "nbHeureCMTD": "14.67",
        "nbGroupeCM": "0",
        "nbGroupeTD": "0",
        "nbGroupeTP": "0",
        "nbGroupeCMTD": "3",
        "nbEtuInscritElpEtape": "102",
        "nbEtuInscritElpTotal": "119",
        "volumeHoraireElpPondereEtape": "47.15",
        "volumeHoraireElpTotal": "55.01",
        "nbEtuInscritPrevisionnelElpEtape": "139",
        "nbEtuInscritPrevisionnelElpTotal": "118",
        "nbEtape": "2"
    },
    {
        "annee": "2024",
        "codeStructureEtape": "AES",
        "libStructureEtape": "Faculté des Sciences",
        "codeEtape": "TL1MI11",
        "libEtape": "L1 Sc, techno, santé / Portail MI",
        "noElement": "TMX1302U",
        "libElement": "Géométrie - P3",
        "codeNatureElp": "CHAR",
        "libNatureElp": "Charges d'Enseignement",
        "codeCNU": "25",
        "libCNU": "Mathématiques",
        "codePeriode": "3",
        "libPeriode": "Enseignement du troisième semestre",
        "nbHeureCM": "8",
        "nbHeureTD": "20",
        "nbHeureTP": "0",
        "nbHeureCMTD": "0",
        "nbGroupeCM": "1",
        "nbGroupeTD": "5",
        "nbGroupeTP": "0",
        "nbGroupeCMTD": "0",
        "nbEtuInscritElpEtape": "43",
        "nbEtuInscritElpTotal": "192",
        "volumeHoraireElpPondereEtape": "25.08",
        "volumeHoraireElpTotal": "112",
        "nbEtuInscritPrevisionnelElpEtape": "184",
        "nbEtuInscritPrevisionnelElpTotal": "38",
        "nbEtape": "6"
    },
    {
        "annee": "2024",
        "codeStructureEtape": "AES",
        "libStructureEtape": "Faculté des Sciences",
        "codeEtape": "TL1MI11",
        "libEtape": "L1 Sc, techno, santé / Portail MI",
        "noElement": "EO084P",
        "libElement": "Eduquer aux sciences de façon ludique",
        "codeNatureElp": "EO",
        "libNatureElp": "E2O",
        "codeCNU": null,
        "libCNU": null,
        "codePeriode": "SP",
        "libPeriode": "Semestre Pair",
        "nbHeureCM": "0",
        "nbHeureTD": "16",
        "nbHeureTP": "0",
        "nbHeureCMTD": "0",
        "nbGroupeCM": "0",
        "nbGroupeTD": "1",
        "nbGroupeTP": "0",
        "nbGroupeCMTD": "0",
        "nbEtuInscritElpEtape": "0",
        "nbEtuInscritElpTotal": "12",
        "volumeHoraireElpPondereEtape": "0",
        "volumeHoraireElpTotal": "16",
        "nbEtuInscritPrevisionnelElpEtape": "12",
        "nbEtuInscritPrevisionnelElpTotal": "0",
        "nbEtape": "164"
    },
    {
        "annee": "2024",
        "codeStructureEtape": "AES",
        "libStructureEtape": "Faculté des Sciences",
        "codeEtape": "TL1MI11",
        "libEtape": "L1 Sc, techno, santé / Portail MI",
        "noElement": "EO034P",
        "libElement": "Football masculin",
        "codeNatureElp": "EO",
        "libNatureElp": "E2O",
        "codeCNU": null,
        "libCNU": null,
        "codePeriode": "SP",
        "libPeriode": "Semestre Pair",
        "nbHeureCM": "0",
        "nbHeureTD": "12",
        "nbHeureTP": "0",
        "nbHeureCMTD": "0",
        "nbGroupeCM": "0",
        "nbGroupeTD": "1",
        "nbGroupeTP": "0",
        "nbGroupeCMTD": "0",
        "nbEtuInscritElpEtape": "0",
        "nbEtuInscritElpTotal": "8",
        "volumeHoraireElpPondereEtape": "0",
        "volumeHoraireElpTotal": "12",
        "nbEtuInscritPrevisionnelElpEtape": "8",
        "nbEtuInscritPrevisionnelElpTotal": "0",
        "nbEtape": "168"
    },
    {
        "annee": "2024",
        "codeStructureEtape": "AES",
        "libStructureEtape": "Faculté des Sciences",
        "codeEtape": "TL1MI11",
        "libEtape": "L1 Sc, techno, santé / Portail MI",
        "noElement": "TMX1416U",
        "libElement": "Algorithmique 2 - P4",
        "codeNatureElp": "CHAR",
        "libNatureElp": "Charges d'Enseignement",
        "codeCNU": "27",
        "libCNU": "Informatique",
        "codePeriode": "4",
        "libPeriode": "Enseignement du quatrième semestre",
        "nbHeureCM": "8",
        "nbHeureTD": "8",
        "nbHeureTP": "8",
        "nbHeureCMTD": "0",
        "nbGroupeCM": "1",
        "nbGroupeTD": "4",
        "nbGroupeTP": "7",
        "nbGroupeCMTD": "0",
        "nbEtuInscritElpEtape": "104",
        "nbEtuInscritElpTotal": "121",
        "volumeHoraireElpPondereEtape": "85.95",
        "volumeHoraireElpTotal": "100",
        "nbEtuInscritPrevisionnelElpEtape": "141",
        "nbEtuInscritPrevisionnelElpTotal": "120",
        "nbEtape": "2"
    },
    {
        "annee": "2024",
        "codeStructureEtape": "AES",
        "libStructureEtape": "Faculté des Sciences",
        "codeEtape": "TL1MI11",
        "libEtape": "L1 Sc, techno, santé / Portail MI",
        "noElement": "TMX1307U",
        "libElement": "Développement web 1 - P3",
        "codeNatureElp": "CHAR",
        "libNatureElp": "Charges d'Enseignement",
        "codeCNU": "27",
        "libCNU": "Informatique",
        "codePeriode": "3",
        "libPeriode": "Enseignement du troisième semestre",
        "nbHeureCM": "0",
        "nbHeureTD": "0",
        "nbHeureTP": "17.2",
        "nbHeureCMTD": "12",
        "nbGroupeCM": "0",
        "nbGroupeTD": "0",
        "nbGroupeTP": "6",
        "nbGroupeCMTD": "3",
        "nbEtuInscritElpEtape": "101",
        "nbEtuInscritElpTotal": "118",
        "volumeHoraireElpPondereEtape": "126.85",
        "volumeHoraireElpTotal": "148.2",
        "nbEtuInscritPrevisionnelElpEtape": "134",
        "nbEtuInscritPrevisionnelElpTotal": "113",
        "nbEtape": "2"
    },
    {
        "annee": "2024",
        "codeStructureEtape": "AES",
        "libStructureEtape": "Faculté des Sciences",
        "codeEtape": "TL1MI11",
        "libEtape": "L1 Sc, techno, santé / Portail MI",
        "noElement": "TMX1400U",
        "libElement": "Oraux de mathématiques - P4",
        "codeNatureElp": "CHAR",
        "libNatureElp": "Charges d'Enseignement",
        "codeCNU": "25",
        "libCNU": "Mathématiques",
        "codePeriode": "04",
        "libPeriode": "Période 4",
        "nbHeureCM": "0",
        "nbHeureTD": "1",
        "nbHeureTP": "0",
        "nbHeureCMTD": "0",
        "nbGroupeCM": "0",
        "nbGroupeTD": "45",
        "nbGroupeTP": "0",
        "nbGroupeCMTD": "0",
        "nbEtuInscritElpEtape": "43",
        "nbEtuInscritElpTotal": "133",
        "volumeHoraireElpPondereEtape": "14.55",
        "volumeHoraireElpTotal": "45",
        "nbEtuInscritPrevisionnelElpEtape": "126",
        "nbEtuInscritPrevisionnelElpTotal": "40",
        "nbEtape": "5"
    },
    {
        "annee": "2024",
        "codeStructureEtape": "AES",
        "libStructureEtape": "Faculté des Sciences",
        "codeEtape": "TL1MI11",
        "libEtape": "L1 Sc, techno, santé / Portail MI",
        "noElement": "TMX1220U",
        "libElement": "Analyse élémentaire - P2",
        "codeNatureElp": "CHAR",
        "libNatureElp": "Charges d'Enseignement",
        "codeCNU": "25",
        "libCNU": "Mathématiques",
        "codePeriode": "02",
        "libPeriode": "Période 2",
        "nbHeureCM": "0",
        "nbHeureTD": "0",
        "nbHeureTP": "0",
        "nbHeureCMTD": "25.33",
        "nbGroupeCM": "2",
        "nbGroupeTD": "9",
        "nbGroupeTP": "18",
        "nbGroupeCMTD": "9",
        "nbEtuInscritElpEtape": "141",
        "nbEtuInscritElpTotal": "343",
        "volumeHoraireElpPondereEtape": "117.14",
        "volumeHoraireElpTotal": "284.96",
        "nbEtuInscritPrevisionnelElpEtape": "353",
        "nbEtuInscritPrevisionnelElpTotal": "157",
        "nbEtape": "6"
    },
    {
        "annee": "2024",
        "codeStructureEtape": "AES",
        "libStructureEtape": "Faculté des Sciences",
        "codeEtape": "TL1MI11",
        "libEtape": "L1 Sc, techno, santé / Portail MI",
        "noElement": "EO018P",
        "libElement": "Karaté",
        "codeNatureElp": "EO",
        "libNatureElp": "E2O",
        "codeCNU": null,
        "libCNU": null,
        "codePeriode": "SP",
        "libPeriode": "Semestre Pair",
        "nbHeureCM": "0",
        "nbHeureTD": "12",
        "nbHeureTP": "0",
        "nbHeureCMTD": "0",
        "nbGroupeCM": "0",
        "nbGroupeTD": "1",
        "nbGroupeTP": "0",
        "nbGroupeCMTD": "0",
        "nbEtuInscritElpEtape": "0",
        "nbEtuInscritElpTotal": "4",
        "volumeHoraireElpPondereEtape": "0",
        "volumeHoraireElpTotal": "12",
        "nbEtuInscritPrevisionnelElpEtape": "0",
        "nbEtuInscritPrevisionnelElpTotal": "0",
        "nbEtape": "169"
    },
    {
        "annee": "2024",
        "codeStructureEtape": "AES",
        "libStructureEtape": "Faculté des Sciences",
        "codeEtape": "TL1MI11",
        "libEtape": "L1 Sc, techno, santé / Portail MI",
        "noElement": "TMX1217U",
        "libElement": "Linux - P2",
        "codeNatureElp": "CHAR",
        "libNatureElp": "Charges d'Enseignement",
        "codeCNU": "27",
        "libCNU": "Informatique",
        "codePeriode": "2",
        "libPeriode": "Enseignement du second semestre",
        "nbHeureCM": "0",
        "nbHeureTD": "0",
        "nbHeureTP": "8",
        "nbHeureCMTD": "5.33",
        "nbGroupeCM": "0",
        "nbGroupeTD": "0",
        "nbGroupeTP": "9",
        "nbGroupeCMTD": "5",
        "nbEtuInscritElpEtape": "146",
        "nbEtuInscritElpTotal": "165",
        "volumeHoraireElpPondereEtape": "93.18",
        "volumeHoraireElpTotal": "105.31",
        "nbEtuInscritPrevisionnelElpEtape": "178",
        "nbEtuInscritPrevisionnelElpTotal": "157",
        "nbEtape": "2"
    },
    {
        "annee": "2024",
        "codeStructureEtape": "AES",
        "libStructureEtape": "Faculté des Sciences",
        "codeEtape": "TL1MI11",
        "libEtape": "L1 Sc, techno, santé / Portail MI",
        "noElement": "TMX1300U",
        "libElement": "Oraux de mathématiques - P3",
        "codeNatureElp": "CHAR",
        "libNatureElp": "Charges d'Enseignement",
        "codeCNU": "25",
        "libCNU": "Mathématiques",
        "codePeriode": "03",
        "libPeriode": "Période 3",
        "nbHeureCM": "0",
        "nbHeureTD": "1",
        "nbHeureTP": "0",
        "nbHeureCMTD": "0",
        "nbGroupeCM": "0",
        "nbGroupeTD": "64",
        "nbGroupeTP": "0",
        "nbGroupeCMTD": "0",
        "nbEtuInscritElpEtape": "43",
        "nbEtuInscritElpTotal": "192",
        "volumeHoraireElpPondereEtape": "14.33",
        "volumeHoraireElpTotal": "64",
        "nbEtuInscritPrevisionnelElpEtape": "184",
        "nbEtuInscritPrevisionnelElpTotal": "38",
        "nbEtape": "6"
    },
    {
        "annee": "2024",
        "codeStructureEtape": "AES",
        "libStructureEtape": "Faculté des Sciences",
        "codeEtape": "TL1MI11",
        "libEtape": "L1 Sc, techno, santé / Portail MI",
        "noElement": "TMX1303U",
        "libElement": "Arithmétique dans Z - P3",
        "codeNatureElp": "CHAR",
        "libNatureElp": "Charges d'Enseignement",
        "codeCNU": "25",
        "libCNU": "Mathématiques",
        "codePeriode": "3",
        "libPeriode": "Enseignement du troisième semestre",
        "nbHeureCM": "8",
        "nbHeureTD": "20",
        "nbHeureTP": "0",
        "nbHeureCMTD": "0",
        "nbGroupeCM": "2",
        "nbGroupeTD": "7",
        "nbGroupeTP": "0",
        "nbGroupeCMTD": "0",
        "nbEtuInscritElpEtape": "144",
        "nbEtuInscritElpTotal": "265",
        "volumeHoraireElpPondereEtape": "89.12",
        "volumeHoraireElpTotal": "164",
        "nbEtuInscritPrevisionnelElpEtape": "277",
        "nbEtuInscritPrevisionnelElpTotal": "159",
        "nbEtape": "6"
    },
    {
        "annee": "2024",
        "codeStructureEtape": "AES",
        "libStructureEtape": "Faculté des Sciences",
        "codeEtape": "TL1MI11",
        "libEtape": "L1 Sc, techno, santé / Portail MI",
        "noElement": "EO028P",
        "libElement": "Volley",
        "codeNatureElp": "EO",
        "libNatureElp": "E2O",
        "codeCNU": null,
        "libCNU": null,
        "codePeriode": "SP",
        "libPeriode": "Semestre Pair",
        "nbHeureCM": "0",
        "nbHeureTD": "12",
        "nbHeureTP": "0",
        "nbHeureCMTD": "0",
        "nbGroupeCM": "0",
        "nbGroupeTD": "1",
        "nbGroupeTP": "0",
        "nbGroupeCMTD": "0",
        "nbEtuInscritElpEtape": "0",
        "nbEtuInscritElpTotal": "20",
        "volumeHoraireElpPondereEtape": "0",
        "volumeHoraireElpTotal": "12",
        "nbEtuInscritPrevisionnelElpEtape": "19",
        "nbEtuInscritPrevisionnelElpTotal": "0",
        "nbEtape": "169"
    },
    {
        "annee": "2024",
        "codeStructureEtape": "AES",
        "libStructureEtape": "Faculté des Sciences",
        "codeEtape": "TL1MI11",
        "libEtape": "L1 Sc, techno, santé / Portail MI",
        "noElement": "EO012P",
        "libElement": "Escrime",
        "codeNatureElp": "EO",
        "libNatureElp": "E2O",
        "codeCNU": null,
        "libCNU": null,
        "codePeriode": "SP",
        "libPeriode": "Semestre Pair",
        "nbHeureCM": "0",
        "nbHeureTD": "12",
        "nbHeureTP": "0",
        "nbHeureCMTD": "0",
        "nbGroupeCM": "0",
        "nbGroupeTD": "1",
        "nbGroupeTP": "0",
        "nbGroupeCMTD": "0",
        "nbEtuInscritElpEtape": "0",
        "nbEtuInscritElpTotal": "6",
        "volumeHoraireElpPondereEtape": "0",
        "volumeHoraireElpTotal": "12",
        "nbEtuInscritPrevisionnelElpEtape": "6",
        "nbEtuInscritPrevisionnelElpTotal": "0",
        "nbEtape": "169"
    },
    {
        "annee": "2024",
        "codeStructureEtape": "AES",
        "libStructureEtape": "Faculté des Sciences",
        "codeEtape": "TL1MI11",
        "libEtape": "L1 Sc, techno, santé / Portail MI",
        "noElement": "EO003P",
        "libElement": "Athlétisme",
        "codeNatureElp": "EO",
        "libNatureElp": "E2O",
        "codeCNU": null,
        "libCNU": null,
        "codePeriode": "SP",
        "libPeriode": "Semestre Pair",
        "nbHeureCM": "0",
        "nbHeureTD": "12",
        "nbHeureTP": "0",
        "nbHeureCMTD": "0",
        "nbGroupeCM": "0",
        "nbGroupeTD": "1",
        "nbGroupeTP": "0",
        "nbGroupeCMTD": "0",
        "nbEtuInscritElpEtape": "0",
        "nbEtuInscritElpTotal": "6",
        "volumeHoraireElpPondereEtape": "0",
        "volumeHoraireElpTotal": "12",
        "nbEtuInscritPrevisionnelElpEtape": "9",
        "nbEtuInscritPrevisionnelElpTotal": "0",
        "nbEtape": "168"
    },
    {
        "annee": "2024",
        "codeStructureEtape": "AES",
        "libStructureEtape": "Faculté des Sciences",
        "codeEtape": "TL1MI11",
        "libEtape": "L1 Sc, techno, santé / Portail MI",
        "noElement": "TMX1154U",
        "libElement": "Culture numérique - P1 - pour MI et DL ME",
        "codeNatureElp": "CHAR",
        "libNatureElp": "Charges d'Enseignement",
        "codeCNU": "27",
        "libCNU": "Informatique",
        "codePeriode": "01",
        "libPeriode": "Période 1",
        "nbHeureCM": "0",
        "nbHeureTD": "0",
        "nbHeureTP": "8",
        "nbHeureCMTD": "0",
        "nbGroupeCM": "0",
        "nbGroupeTD": "0",
        "nbGroupeTP": "9",
        "nbGroupeCMTD": "0",
        "nbEtuInscritElpEtape": "143",
        "nbEtuInscritElpTotal": "174",
        "volumeHoraireElpPondereEtape": "59.17",
        "volumeHoraireElpTotal": "72",
        "nbEtuInscritPrevisionnelElpEtape": "189",
        "nbEtuInscritPrevisionnelElpTotal": "155",
        "nbEtape": "2"
    },
    {
        "annee": "2024",
        "codeStructureEtape": "AES",
        "libStructureEtape": "Faculté des Sciences",
        "codeEtape": "TL1MI11",
        "libEtape": "L1 Sc, techno, santé / Portail MI",
        "noElement": "EO115P",
        "libElement": "Ouvrir son cabinet ou lancer son activité libérale",
        "codeNatureElp": "EO",
        "libNatureElp": "E2O",
        "codeCNU": null,
        "libCNU": null,
        "codePeriode": "SP",
        "libPeriode": "Semestre Pair",
        "nbHeureCM": "0",
        "nbHeureTD": "16",
        "nbHeureTP": "0",
        "nbHeureCMTD": "0",
        "nbGroupeCM": "0",
        "nbGroupeTD": "1",
        "nbGroupeTP": "0",
        "nbGroupeCMTD": "0",
        "nbEtuInscritElpEtape": "0",
        "nbEtuInscritElpTotal": "8",
        "volumeHoraireElpPondereEtape": "0",
        "volumeHoraireElpTotal": "16",
        "nbEtuInscritPrevisionnelElpEtape": "0",
        "nbEtuInscritPrevisionnelElpTotal": "0",
        "nbEtape": "163"
    },
    {
        "annee": "2024",
        "codeStructureEtape": "AES",
        "libStructureEtape": "Faculté des Sciences",
        "codeEtape": "TL1MI11",
        "libEtape": "L1 Sc, techno, santé / Portail MI",
        "noElement": "EO022P",
        "libElement": "Self défense",
        "codeNatureElp": "EO",
        "libNatureElp": "E2O",
        "codeCNU": null,
        "libCNU": null,
        "codePeriode": "SP",
        "libPeriode": "Semestre Pair",
        "nbHeureCM": "0",
        "nbHeureTD": "12",
        "nbHeureTP": "0",
        "nbHeureCMTD": "0",
        "nbGroupeCM": "0",
        "nbGroupeTD": "1",
        "nbGroupeTP": "0",
        "nbGroupeCMTD": "0",
        "nbEtuInscritElpEtape": "0",
        "nbEtuInscritElpTotal": "10",
        "volumeHoraireElpPondereEtape": "0",
        "volumeHoraireElpTotal": "12",
        "nbEtuInscritPrevisionnelElpEtape": "6",
        "nbEtuInscritPrevisionnelElpTotal": "0",
        "nbEtape": "169"
    },
    {
        "annee": "2024",
        "codeStructureEtape": "AES",
        "libStructureEtape": "Faculté des Sciences",
        "codeEtape": "TL1MI11",
        "libEtape": "L1 Sc, techno, santé / Portail MI",
        "noElement": "EO104P",
        "libElement": "Créer son CV vidéo pour se démarquer : écrire un script, ...",
        "codeNatureElp": "EO",
        "libNatureElp": "E2O",
        "codeCNU": null,
        "libCNU": null,
        "codePeriode": "SP",
        "libPeriode": "Semestre Pair",
        "nbHeureCM": "0",
        "nbHeureTD": "16",
        "nbHeureTP": "0",
        "nbHeureCMTD": "0",
        "nbGroupeCM": "0",
        "nbGroupeTD": "1",
        "nbGroupeTP": "0",
        "nbGroupeCMTD": "0",
        "nbEtuInscritElpEtape": "0",
        "nbEtuInscritElpTotal": "0",
        "volumeHoraireElpPondereEtape": "0",
        "volumeHoraireElpTotal": "16",
        "nbEtuInscritPrevisionnelElpEtape": "7",
        "nbEtuInscritPrevisionnelElpTotal": "0",
        "nbEtape": "164"
    },
    {
        "annee": "2024",
        "codeStructureEtape": "AES",
        "libStructureEtape": "Faculté des Sciences",
        "codeEtape": "TL1MI11",
        "libEtape": "L1 Sc, techno, santé / Portail MI",
        "noElement": "EO027P",
        "libElement": "Tir sportif",
        "codeNatureElp": "EO",
        "libNatureElp": "E2O",
        "codeCNU": null,
        "libCNU": null,
        "codePeriode": "SP",
        "libPeriode": "Semestre Pair",
        "nbHeureCM": "0",
        "nbHeureTD": "12",
        "nbHeureTP": "0",
        "nbHeureCMTD": "0",
        "nbGroupeCM": "0",
        "nbGroupeTD": "1",
        "nbGroupeTP": "0",
        "nbGroupeCMTD": "0",
        "nbEtuInscritElpEtape": "0",
        "nbEtuInscritElpTotal": "6",
        "volumeHoraireElpPondereEtape": "0",
        "volumeHoraireElpTotal": "12",
        "nbEtuInscritPrevisionnelElpEtape": "5",
        "nbEtuInscritPrevisionnelElpTotal": "0",
        "nbEtape": "168"
    },
    {
        "annee": "2024",
        "codeStructureEtape": "AES",
        "libStructureEtape": "Faculté des Sciences",
        "codeEtape": "TL1MI11",
        "libEtape": "L1 Sc, techno, santé / Portail MI",
        "noElement": "EO102P",
        "libElement": "Graine d'entrepreneur",
        "codeNatureElp": "EO",
        "libNatureElp": "E2O",
        "codeCNU": null,
        "libCNU": null,
        "codePeriode": "SP",
        "libPeriode": "Semestre Pair",
        "nbHeureCM": "0",
        "nbHeureTD": "16",
        "nbHeureTP": "0",
        "nbHeureCMTD": "0",
        "nbGroupeCM": "0",
        "nbGroupeTD": "1",
        "nbGroupeTP": "0",
        "nbGroupeCMTD": "0",
        "nbEtuInscritElpEtape": "0",
        "nbEtuInscritElpTotal": "0",
        "volumeHoraireElpPondereEtape": "0",
        "volumeHoraireElpTotal": "16",
        "nbEtuInscritPrevisionnelElpEtape": "9",
        "nbEtuInscritPrevisionnelElpTotal": "1",
        "nbEtape": "164"
    },
    {
        "annee": "2024",
        "codeStructureEtape": "AES",
        "libStructureEtape": "Faculté des Sciences",
        "codeEtape": "TL1MI11",
        "libEtape": "L1 Sc, techno, santé / Portail MI",
        "noElement": "TMX1353U",
        "libElement": "Anglais - P3",
        "codeNatureElp": "CHAR",
        "libNatureElp": "Charges d'Enseignement",
        "codeCNU": "11",
        "libCNU": "Langues et littératures anglaises et anglo-saxonnes",
        "codePeriode": "03",
        "libPeriode": "Période 3",
        "nbHeureCM": "0",
        "nbHeureTD": "1.33",
        "nbHeureTP": "6.67",
        "nbHeureCMTD": "0",
        "nbGroupeCM": "2",
        "nbGroupeTD": "7",
        "nbGroupeTP": "14",
        "nbGroupeCMTD": "7",
        "nbEtuInscritElpEtape": "137",
        "nbEtuInscritElpTotal": "276",
        "volumeHoraireElpPondereEtape": "50.97",
        "volumeHoraireElpTotal": "102.69",
        "nbEtuInscritPrevisionnelElpEtape": "277",
        "nbEtuInscritPrevisionnelElpTotal": "145",
        "nbEtape": "4"
    },
    {
        "annee": "2024",
        "codeStructureEtape": "AES",
        "libStructureEtape": "Faculté des Sciences",
        "codeEtape": "TL1MI11",
        "libEtape": "L1 Sc, techno, santé / Portail MI",
        "noElement": "TMX1407U",
        "libElement": "Développement Python - P4",
        "codeNatureElp": "CHAR",
        "libNatureElp": "Charges d'Enseignement",
        "codeCNU": "27",
        "libCNU": "Informatique",
        "codePeriode": "4",
        "libPeriode": "Enseignement du quatrième semestre",
        "nbHeureCM": "4",
        "nbHeureTD": "0",
        "nbHeureTP": "16",
        "nbHeureCMTD": "0",
        "nbGroupeCM": "1",
        "nbGroupeTD": "0",
        "nbGroupeTP": "8",
        "nbGroupeCMTD": "0",
        "nbEtuInscritElpEtape": "141",
        "nbEtuInscritElpTotal": "141",
        "volumeHoraireElpPondereEtape": "134",
        "volumeHoraireElpTotal": "134",
        "nbEtuInscritPrevisionnelElpEtape": "157",
        "nbEtuInscritPrevisionnelElpTotal": "157",
        "nbEtape": "1"
    },
    {
        "annee": "2024",
        "codeStructureEtape": "AES",
        "libStructureEtape": "Faculté des Sciences",
        "codeEtape": "TL1MI11",
        "libEtape": "L1 Sc, techno, santé / Portail MI",
        "noElement": "EO095P",
        "libElement": "BD du réel : composer un récit graphique",
        "codeNatureElp": "EO",
        "libNatureElp": "E2O",
        "codeCNU": null,
        "libCNU": null,
        "codePeriode": "SP",
        "libPeriode": "Semestre Pair",
        "nbHeureCM": "0",
        "nbHeureTD": "16",
        "nbHeureTP": "0",
        "nbHeureCMTD": "0",
        "nbGroupeCM": "0",
        "nbGroupeTD": "1",
        "nbGroupeTP": "0",
        "nbGroupeCMTD": "0",
        "nbEtuInscritElpEtape": "0",
        "nbEtuInscritElpTotal": "0",
        "volumeHoraireElpPondereEtape": "0",
        "volumeHoraireElpTotal": "16",
        "nbEtuInscritPrevisionnelElpEtape": "8",
        "nbEtuInscritPrevisionnelElpTotal": "1",
        "nbEtape": "163"
    },
    {
        "annee": "2024",
        "codeStructureEtape": "AES",
        "libStructureEtape": "Faculté des Sciences",
        "codeEtape": "TL1MI11",
        "libEtape": "L1 Sc, techno, santé / Portail MI",
        "noElement": "TMX1414U",
        "libElement": "Géométrie - P4",
        "codeNatureElp": "CHAR",
        "libNatureElp": "Charges d'Enseignement",
        "codeCNU": "25",
        "libCNU": "Mathématiques",
        "codePeriode": "4",
        "libPeriode": "Enseignement du quatrième semestre",
        "nbHeureCM": "8",
        "nbHeureTD": "21.33",
        "nbHeureTP": "0",
        "nbHeureCMTD": "0",
        "nbGroupeCM": "1",
        "nbGroupeTD": "5",
        "nbGroupeTP": "0",
        "nbGroupeCMTD": "0",
        "nbEtuInscritElpEtape": "43",
        "nbEtuInscritElpTotal": "192",
        "volumeHoraireElpPondereEtape": "26.57",
        "volumeHoraireElpTotal": "118.65",
        "nbEtuInscritPrevisionnelElpEtape": "184",
        "nbEtuInscritPrevisionnelElpTotal": "38",
        "nbEtape": "6"
    },
    {
        "annee": "2024",
        "codeStructureEtape": "AES",
        "libStructureEtape": "Faculté des Sciences",
        "codeEtape": "TL1MI11",
        "libEtape": "L1 Sc, techno, santé / Portail MI",
        "noElement": "TMX1458U",
        "libElement": "Projet personnel et professionnel - P4 - MPC MI",
        "codeNatureElp": "CHAR",
        "libNatureElp": "Charges d'Enseignement",
        "codeCNU": null,
        "libCNU": null,
        "codePeriode": "4",
        "libPeriode": "Enseignement du quatrième semestre",
        "nbHeureCM": "0",
        "nbHeureTD": "2.67",
        "nbHeureTP": "1.33",
        "nbHeureCMTD": "0",
        "nbGroupeCM": "0",
        "nbGroupeTD": "7",
        "nbGroupeTP": "13",
        "nbGroupeCMTD": "0",
        "nbEtuInscritElpEtape": "135",
        "nbEtuInscritElpTotal": "257",
        "volumeHoraireElpPondereEtape": "18.9",
        "volumeHoraireElpTotal": "35.98",
        "nbEtuInscritPrevisionnelElpEtape": "258",
        "nbEtuInscritPrevisionnelElpTotal": "148",
        "nbEtape": "3"
    },
    {
        "annee": "2024",
        "codeStructureEtape": "AES",
        "libStructureEtape": "Faculté des Sciences",
        "codeEtape": "TL1MI11",
        "libEtape": "L1 Sc, techno, santé / Portail MI",
        "noElement": "TMX1121U",
        "libElement": "Algèbre élémentaire - P1",
        "codeNatureElp": "CHAR",
        "libNatureElp": "Charges d'Enseignement",
        "codeCNU": "25",
        "libCNU": "Mathématiques",
        "codePeriode": "01",
        "libPeriode": "Période 1",
        "nbHeureCM": "0",
        "nbHeureTD": "0",
        "nbHeureTP": "0",
        "nbHeureCMTD": "14.67",
        "nbGroupeCM": "2",
        "nbGroupeTD": "9",
        "nbGroupeTP": "18",
        "nbGroupeCMTD": "9",
        "nbEtuInscritElpEtape": "146",
        "nbEtuInscritElpTotal": "360",
        "volumeHoraireElpPondereEtape": "66.93",
        "volumeHoraireElpTotal": "165.04",
        "nbEtuInscritPrevisionnelElpEtape": "364",
        "nbEtuInscritPrevisionnelElpTotal": "154",
        "nbEtape": "6"
    }
]