[
    {
        "annee": "2024",
        "codeStructureEtape": "AES",
        "libStructureEtape": "Faculté des Sciences",
        "codeEtape": "TM2DBN3",
        "libEtape": "M2 Maths appli / Data science & Données Bio & Numériques",
        "noElement": "TMA543B",
        "libElement": "Alternance",
        "codeNatureElp": "STAG",
        "libNatureElp": "Stage",
        "codeCNU": null,
        "libCNU": null,
        "codePeriode": "4",
        "libPeriode": "Enseignement du quatrième semestre",
        "nbHeureCM": "0",
        "nbHeureTD": "12",
        "nbHeureTP": "0",
        "nbHeureCMTD": "0",
        "nbGroupeCM": "6",
        "nbGroupeTD": "6",
        "nbGroupeTP": "6",
        "nbGroupeCMTD": "0",
        "nbEtuInscritElpEtape": "6",
        "nbEtuInscritElpTotal": "6",
        "volumeHoraireElpPondereEtape": "72",
        "volumeHoraireElpTotal": "72",
        "nbEtuInscritPrevisionnelElpEtape": "7",
        "nbEtuInscritPrevisionnelElpTotal": "7",
        "nbEtape": "1"
    },
    {
        "annee": "2024",
        "codeStructureEtape": "AES",
        "libStructureEtape": "Faculté des Sciences",
        "codeEtape": "TM2DBN3",
        "libEtape": "M2 Maths appli / Data science & Données Bio & Numériques",
        "noElement": "TMA536E",
        "libElement": "Opt. 2 : Données numéri. : apprentissa. par renforcement ...",
        "codeNatureElp": "MATI",
        "libNatureElp": "Matière",
        "codeCNU": "26",
        "libCNU": "Mathématiques appliquées et applications des mathématiques",
        "codePeriode": "3",
        "libPeriode": "Enseignement du troisième semestre",
        "nbHeureCM": "8",
        "nbHeureTD": "0",
        "nbHeureTP": "8",
        "nbHeureCMTD": "0",
        "nbGroupeCM": "1",
        "nbGroupeTD": "1",
        "nbGroupeTP": "1",
        "nbGroupeCMTD": "0",
        "nbEtuInscritElpEtape": "11",
        "nbEtuInscritElpTotal": "11",
        "volumeHoraireElpPondereEtape": "20",
        "volumeHoraireElpTotal": "20",
        "nbEtuInscritPrevisionnelElpEtape": "0",
        "nbEtuInscritPrevisionnelElpTotal": "0",
        "nbEtape": "1"
    },
    {
        "annee": "2024",
        "codeStructureEtape": "AES",
        "libStructureEtape": "Faculté des Sciences",
        "codeEtape": "TM2DBN3",
        "libEtape": "M2 Maths appli / Data science & Données Bio & Numériques",
        "noElement": "TMA532",
        "libElement": "Introduction à l'analyse du signal en temps discret",
        "codeNatureElp": "MATI",
        "libNatureElp": "Matière",
        "codeCNU": "26",
        "libCNU": "Mathématiques appliquées et applications des mathématiques",
        "codePeriode": "3",
        "libPeriode": "Enseignement du troisième semestre",
        "nbHeureCM": "16",
        "nbHeureTD": "12",
        "nbHeureTP": "8",
        "nbHeureCMTD": "0",
        "nbGroupeCM": "1",
        "nbGroupeTD": "1",
        "nbGroupeTP": "1",
        "nbGroupeCMTD": "0",
        "nbEtuInscritElpEtape": "15",
        "nbEtuInscritElpTotal": "15",
        "volumeHoraireElpPondereEtape": "44",
        "volumeHoraireElpTotal": "44",
        "nbEtuInscritPrevisionnelElpEtape": "15",
        "nbEtuInscritPrevisionnelElpTotal": "15",
        "nbEtape": "1"
    },
    {
        "annee": "2024",
        "codeStructureEtape": "AES",
        "libStructureEtape": "Faculté des Sciences",
        "codeEtape": "TM2DBN3",
        "libEtape": "M2 Maths appli / Data science & Données Bio & Numériques",
        "noElement": "TMA541B",
        "libElement": "3PE",
        "codeNatureElp": "MATI",
        "libNatureElp": "Matière",
        "codeCNU": null,
        "libCNU": null,
        "codePeriode": "4",
        "libPeriode": "Enseignement du quatrième semestre",
        "nbHeureCM": "0",
        "nbHeureTD": "8",
        "nbHeureTP": "0",
        "nbHeureCMTD": "0",
        "nbGroupeCM": "1",
        "nbGroupeTD": "1",
        "nbGroupeTP": "1",
        "nbGroupeCMTD": "0",
        "nbEtuInscritElpEtape": "15",
        "nbEtuInscritElpTotal": "15",
        "volumeHoraireElpPondereEtape": "8",
        "volumeHoraireElpTotal": "8",
        "nbEtuInscritPrevisionnelElpEtape": "15",
        "nbEtuInscritPrevisionnelElpTotal": "15",
        "nbEtape": "1"
    },
    {
        "annee": "2024",
        "codeStructureEtape": "AES",
        "libStructureEtape": "Faculté des Sciences",
        "codeEtape": "TM2DBN3",
        "libEtape": "M2 Maths appli / Data science & Données Bio & Numériques",
        "noElement": "TMA542D",
        "libElement": "Option 1 Bio : inférence de réseaux biologiques",
        "codeNatureElp": "MATI",
        "libNatureElp": "Matière",
        "codeCNU": "26",
        "libCNU": "Mathématiques appliquées et applications des mathématiques",
        "codePeriode": "4",
        "libPeriode": "Enseignement du quatrième semestre",
        "nbHeureCM": "8",
        "nbHeureTD": "0",
        "nbHeureTP": "8",
        "nbHeureCMTD": "0",
        "nbGroupeCM": "1",
        "nbGroupeTD": "1",
        "nbGroupeTP": "1",
        "nbGroupeCMTD": "0",
        "nbEtuInscritElpEtape": "4",
        "nbEtuInscritElpTotal": "4",
        "volumeHoraireElpPondereEtape": "20",
        "volumeHoraireElpTotal": "20",
        "nbEtuInscritPrevisionnelElpEtape": "0",
        "nbEtuInscritPrevisionnelElpTotal": "0",
        "nbEtape": "1"
    },
    {
        "annee": "2024",
        "codeStructureEtape": "AES",
        "libStructureEtape": "Faculté des Sciences",
        "codeEtape": "TM2DBN3",
        "libEtape": "M2 Maths appli / Data science & Données Bio & Numériques",
        "noElement": "TMA536D",
        "libElement": "Opt. 1 : Données biologi. : introduc. à l'analyse de survie",
        "codeNatureElp": "MATI",
        "libNatureElp": "Matière",
        "codeCNU": "26",
        "libCNU": "Mathématiques appliquées et applications des mathématiques",
        "codePeriode": "3",
        "libPeriode": "Enseignement du troisième semestre",
        "nbHeureCM": "8",
        "nbHeureTD": "0",
        "nbHeureTP": "10",
        "nbHeureCMTD": "0",
        "nbGroupeCM": "1",
        "nbGroupeTD": "1",
        "nbGroupeTP": "1",
        "nbGroupeCMTD": "0",
        "nbEtuInscritElpEtape": "4",
        "nbEtuInscritElpTotal": "4",
        "volumeHoraireElpPondereEtape": "22",
        "volumeHoraireElpTotal": "22",
        "nbEtuInscritPrevisionnelElpEtape": "0",
        "nbEtuInscritPrevisionnelElpTotal": "0",
        "nbEtape": "1"
    },
    {
        "annee": "2024",
        "codeStructureEtape": "AES",
        "libStructureEtape": "Faculté des Sciences",
        "codeEtape": "TM2DBN3",
        "libEtape": "M2 Maths appli / Data science & Données Bio & Numériques",
        "noElement": "TMA541A",
        "libElement": "Conférences professionnelles et création d'entreprise",
        "codeNatureElp": "MATI",
        "libNatureElp": "Matière",
        "codeCNU": null,
        "libCNU": null,
        "codePeriode": "4",
        "libPeriode": "Enseignement du quatrième semestre",
        "nbHeureCM": "23",
        "nbHeureTD": "0",
        "nbHeureTP": "0",
        "nbHeureCMTD": "0",
        "nbGroupeCM": "1",
        "nbGroupeTD": "1",
        "nbGroupeTP": "1",
        "nbGroupeCMTD": "0",
        "nbEtuInscritElpEtape": "15",
        "nbEtuInscritElpTotal": "15",
        "volumeHoraireElpPondereEtape": "34.5",
        "volumeHoraireElpTotal": "34.5",
        "nbEtuInscritPrevisionnelElpEtape": "15",
        "nbEtuInscritPrevisionnelElpTotal": "15",
        "nbEtape": "1"
    },
    {
        "annee": "2024",
        "codeStructureEtape": "AES",
        "libStructureEtape": "Faculté des Sciences",
        "codeEtape": "TM2DBN3",
        "libEtape": "M2 Maths appli / Data science & Données Bio & Numériques",
        "noElement": "TMA531",
        "libElement": "Statistique en grande dimension et apprentissage",
        "codeNatureElp": "MATI",
        "libNatureElp": "Matière",
        "codeCNU": "26",
        "libCNU": "Mathématiques appliquées et applications des mathématiques",
        "codePeriode": "3",
        "libPeriode": "Enseignement du troisième semestre",
        "nbHeureCM": "24",
        "nbHeureTD": "16",
        "nbHeureTP": "16",
        "nbHeureCMTD": "0",
        "nbGroupeCM": "1",
        "nbGroupeTD": "1",
        "nbGroupeTP": "1",
        "nbGroupeCMTD": "0",
        "nbEtuInscritElpEtape": "15",
        "nbEtuInscritElpTotal": "15",
        "volumeHoraireElpPondereEtape": "68",
        "volumeHoraireElpTotal": "68",
        "nbEtuInscritPrevisionnelElpEtape": "16",
        "nbEtuInscritPrevisionnelElpTotal": "16",
        "nbEtape": "1"
    },
    {
        "annee": "2024",
        "codeStructureEtape": "AES",
        "libStructureEtape": "Faculté des Sciences",
        "codeEtape": "TM2DBN3",
        "libEtape": "M2 Maths appli / Data science & Données Bio & Numériques",
        "noElement": "TMA541C",
        "libElement": "Projet annuel tuteuré",
        "codeNatureElp": "PRJ",
        "libNatureElp": "Projet",
        "codeCNU": "26",
        "libCNU": "Mathématiques appliquées et applications des mathématiques",
        "codePeriode": "4",
        "libPeriode": "Enseignement du quatrième semestre",
        "nbHeureCM": "0",
        "nbHeureTD": "3",
        "nbHeureTP": "0",
        "nbHeureCMTD": "0",
        "nbGroupeCM": "15",
        "nbGroupeTD": "15",
        "nbGroupeTP": "15",
        "nbGroupeCMTD": "0",
        "nbEtuInscritElpEtape": "15",
        "nbEtuInscritElpTotal": "15",
        "volumeHoraireElpPondereEtape": "45",
        "volumeHoraireElpTotal": "45",
        "nbEtuInscritPrevisionnelElpEtape": "17",
        "nbEtuInscritPrevisionnelElpTotal": "17",
        "nbEtape": "1"
    },
    {
        "annee": "2024",
        "codeStructureEtape": "AES",
        "libStructureEtape": "Faculté des Sciences",
        "codeEtape": "TM2DBN3",
        "libEtape": "M2 Maths appli / Data science & Données Bio & Numériques",
        "noElement": "TMA535A",
        "libElement": "Anglais",
        "codeNatureElp": "MATI",
        "libNatureElp": "Matière",
        "codeCNU": "11",
        "libCNU": "Langues et littératures anglaises et anglo-saxonnes",
        "codePeriode": "3",
        "libPeriode": "Enseignement du troisième semestre",
        "nbHeureCM": "0",
        "nbHeureTD": "0",
        "nbHeureTP": "16",
        "nbHeureCMTD": "0",
        "nbGroupeCM": "1",
        "nbGroupeTD": "1",
        "nbGroupeTP": "1",
        "nbGroupeCMTD": "0",
        "nbEtuInscritElpEtape": "15",
        "nbEtuInscritElpTotal": "15",
        "volumeHoraireElpPondereEtape": "16",
        "volumeHoraireElpTotal": "16",
        "nbEtuInscritPrevisionnelElpEtape": "15",
        "nbEtuInscritPrevisionnelElpTotal": "15",
        "nbEtape": "1"
    },
    {
        "annee": "2024",
        "codeStructureEtape": "AES",
        "libStructureEtape": "Faculté des Sciences",
        "codeEtape": "TM2DBN3",
        "libEtape": "M2 Maths appli / Data science & Données Bio & Numériques",
        "noElement": "TMA534",
        "libElement": "Informatique pour le Big Data",
        "codeNatureElp": "MATI",
        "libNatureElp": "Matière",
        "codeCNU": "27",
        "libCNU": "Informatique",
        "codePeriode": "3",
        "libPeriode": "Enseignement du troisième semestre",
        "nbHeureCM": "24",
        "nbHeureTD": "0",
        "nbHeureTP": "32",
        "nbHeureCMTD": "0",
        "nbGroupeCM": "1",
        "nbGroupeTD": "1",
        "nbGroupeTP": "1",
        "nbGroupeCMTD": "0",
        "nbEtuInscritElpEtape": "15",
        "nbEtuInscritElpTotal": "15",
        "volumeHoraireElpPondereEtape": "68",
        "volumeHoraireElpTotal": "68",
        "nbEtuInscritPrevisionnelElpEtape": "16",
        "nbEtuInscritPrevisionnelElpTotal": "16",
        "nbEtape": "1"
    },
    {
        "annee": "2024",
        "codeStructureEtape": "AES",
        "libStructureEtape": "Faculté des Sciences",
        "codeEtape": "TM2DBN3",
        "libEtape": "M2 Maths appli / Data science & Données Bio & Numériques",
        "noElement": "TMA535B",
        "libElement": "Communication",
        "codeNatureElp": "MATI",
        "libNatureElp": "Matière",
        "codeCNU": null,
        "libCNU": null,
        "codePeriode": "3",
        "libPeriode": "Enseignement du troisième semestre",
        "nbHeureCM": "0",
        "nbHeureTD": "0",
        "nbHeureTP": "6",
        "nbHeureCMTD": "0",
        "nbGroupeCM": "1",
        "nbGroupeTD": "1",
        "nbGroupeTP": "1",
        "nbGroupeCMTD": "0",
        "nbEtuInscritElpEtape": "15",
        "nbEtuInscritElpTotal": "15",
        "volumeHoraireElpPondereEtape": "6",
        "volumeHoraireElpTotal": "6",
        "nbEtuInscritPrevisionnelElpEtape": "15",
        "nbEtuInscritPrevisionnelElpTotal": "15",
        "nbEtape": "1"
    },
    {
        "annee": "2024",
        "codeStructureEtape": "AES",
        "libStructureEtape": "Faculté des Sciences",
        "codeEtape": "TM2DBN3",
        "libEtape": "M2 Maths appli / Data science & Données Bio & Numériques",
        "noElement": "TMA533",
        "libElement": "Séries chronologiques et applications",
        "codeNatureElp": "MATI",
        "libNatureElp": "Matière",
        "codeCNU": "26",
        "libCNU": "Mathématiques appliquées et applications des mathématiques",
        "codePeriode": "3",
        "libPeriode": "Enseignement du troisième semestre",
        "nbHeureCM": "24",
        "nbHeureTD": "12",
        "nbHeureTP": "16",
        "nbHeureCMTD": "0",
        "nbGroupeCM": "1",
        "nbGroupeTD": "1",
        "nbGroupeTP": "1",
        "nbGroupeCMTD": "0",
        "nbEtuInscritElpEtape": "15",
        "nbEtuInscritElpTotal": "15",
        "volumeHoraireElpPondereEtape": "64",
        "volumeHoraireElpTotal": "64",
        "nbEtuInscritPrevisionnelElpEtape": "15",
        "nbEtuInscritPrevisionnelElpTotal": "15",
        "nbEtape": "1"
    },
    {
        "annee": "2024",
        "codeStructureEtape": "AES",
        "libStructureEtape": "Faculté des Sciences",
        "codeEtape": "TM2DBN3",
        "libEtape": "M2 Maths appli / Data science & Données Bio & Numériques",
        "noElement": "TMA536C",
        "libElement": "Apprentissage par renforcement et modèles génératifs I",
        "codeNatureElp": "MATI",
        "libNatureElp": "Matière",
        "codeCNU": "26",
        "libCNU": "Mathématiques appliquées et applications des mathématiques",
        "codePeriode": "3",
        "libPeriode": "Enseignement du troisième semestre",
        "nbHeureCM": "6",
        "nbHeureTD": "0",
        "nbHeureTP": "8",
        "nbHeureCMTD": "0",
        "nbGroupeCM": "1",
        "nbGroupeTD": "1",
        "nbGroupeTP": "1",
        "nbGroupeCMTD": "0",
        "nbEtuInscritElpEtape": "15",
        "nbEtuInscritElpTotal": "15",
        "volumeHoraireElpPondereEtape": "17",
        "volumeHoraireElpTotal": "17",
        "nbEtuInscritPrevisionnelElpEtape": "0",
        "nbEtuInscritPrevisionnelElpTotal": "0",
        "nbEtape": "1"
    },
    {
        "annee": "2024",
        "codeStructureEtape": "AES",
        "libStructureEtape": "Faculté des Sciences",
        "codeEtape": "TM2DBN3",
        "libEtape": "M2 Maths appli / Data science & Données Bio & Numériques",
        "noElement": "TMA542C",
        "libElement": "Traitement d'images",
        "codeNatureElp": "MATI",
        "libNatureElp": "Matière",
        "codeCNU": "61",
        "libCNU": "Génie informatique, automatique et traitement du signal",
        "codePeriode": "4",
        "libPeriode": "Enseignement du quatrième semestre",
        "nbHeureCM": "12",
        "nbHeureTD": "0",
        "nbHeureTP": "12",
        "nbHeureCMTD": "0",
        "nbGroupeCM": "1",
        "nbGroupeTD": "1",
        "nbGroupeTP": "1",
        "nbGroupeCMTD": "0",
        "nbEtuInscritElpEtape": "15",
        "nbEtuInscritElpTotal": "15",
        "volumeHoraireElpPondereEtape": "30",
        "volumeHoraireElpTotal": "30",
        "nbEtuInscritPrevisionnelElpEtape": "16",
        "nbEtuInscritPrevisionnelElpTotal": "16",
        "nbEtape": "1"
    },
    {
        "annee": "2024",
        "codeStructureEtape": "AES",
        "libStructureEtape": "Faculté des Sciences",
        "codeEtape": "TM2DBN3",
        "libEtape": "M2 Maths appli / Data science & Données Bio & Numériques",
        "noElement": "TMA543A",
        "libElement": "Stage",
        "codeNatureElp": "STAG",
        "libNatureElp": "Stage",
        "codeCNU": null,
        "libCNU": null,
        "codePeriode": "4",
        "libPeriode": "Enseignement du quatrième semestre",
        "nbHeureCM": "0",
        "nbHeureTD": "4",
        "nbHeureTP": "0",
        "nbHeureCMTD": "0",
        "nbGroupeCM": "9",
        "nbGroupeTD": "9",
        "nbGroupeTP": "9",
        "nbGroupeCMTD": "0",
        "nbEtuInscritElpEtape": "9",
        "nbEtuInscritElpTotal": "9",
        "volumeHoraireElpPondereEtape": "36",
        "volumeHoraireElpTotal": "36",
        "nbEtuInscritPrevisionnelElpEtape": "10",
        "nbEtuInscritPrevisionnelElpTotal": "10",
        "nbEtape": "1"
    },
    {
        "annee": "2024",
        "codeStructureEtape": "AES",
        "libStructureEtape": "Faculté des Sciences",
        "codeEtape": "TM2DBN3",
        "libEtape": "M2 Maths appli / Data science & Données Bio & Numériques",
        "noElement": "TMA542E",
        "libElement": "Option 2 Eco : économétrie de l'évaluation",
        "codeNatureElp": "MATI",
        "libNatureElp": "Matière",
        "codeCNU": null,
        "libCNU": null,
        "codePeriode": "4",
        "libPeriode": "Enseignement du quatrième semestre",
        "nbHeureCM": "14",
        "nbHeureTD": "12",
        "nbHeureTP": "0",
        "nbHeureCMTD": "0",
        "nbGroupeCM": "1",
        "nbGroupeTD": "1",
        "nbGroupeTP": "1",
        "nbGroupeCMTD": "0",
        "nbEtuInscritElpEtape": "11",
        "nbEtuInscritElpTotal": "11",
        "volumeHoraireElpPondereEtape": "33",
        "volumeHoraireElpTotal": "33",
        "nbEtuInscritPrevisionnelElpEtape": "0",
        "nbEtuInscritPrevisionnelElpTotal": "0",
        "nbEtape": "1"
    }
]