[
    {
        "annee": "2024",
        "codeStructureEtape": "AES",
        "libStructureEtape": "Faculté des Sciences",
        "codeEtape": "TM1SIE3",
        "libEtape": "M1 Chimie / Sciences et ingénierie de l'environnement",
        "noElement": "TSI423",
        "libElement": "Procédés physico-chimiques",
        "codeNatureElp": "MATI",
        "libNatureElp": "Matière",
        "codeCNU": "31",
        "libCNU": "Chimie théorique, physique, analytique",
        "codePeriode": "2",
        "libPeriode": "Enseignement du second semestre",
        "nbHeureCM": "21",
        "nbHeureTD": "16",
        "nbHeureTP": "8",
        "nbHeureCMTD": "0",
        "nbGroupeCM": "1",
        "nbGroupeTD": "1",
        "nbGroupeTP": "1",
        "nbGroupeCMTD": "0",
        "nbEtuInscritElpEtape": "18",
        "nbEtuInscritElpTotal": "18",
        "volumeHoraireElpPondereEtape": "55.5",
        "volumeHoraireElpTotal": "55.5",
        "nbEtuInscritPrevisionnelElpEtape": "18",
        "nbEtuInscritPrevisionnelElpTotal": "18",
        "nbEtape": "1"
    },
    {
        "annee": "2024",
        "codeStructureEtape": "AES",
        "libStructureEtape": "Faculté des Sciences",
        "codeEtape": "TM1SIE3",
        "libEtape": "M1 Chimie / Sciences et ingénierie de l'environnement",
        "noElement": "TSI424",
        "libElement": "Gestion des risques",
        "codeNatureElp": "MATI",
        "libNatureElp": "Matière",
        "codeCNU": "80",
        "libCNU": "Sciences physico-chimiques et ingénierie appliquée à la santé",
        "codePeriode": "2",
        "libPeriode": "Enseignement du second semestre",
        "nbHeureCM": "30",
        "nbHeureTD": "26",
        "nbHeureTP": "0",
        "nbHeureCMTD": "0",
        "nbGroupeCM": "1",
        "nbGroupeTD": "1",
        "nbGroupeTP": "1",
        "nbGroupeCMTD": "0",
        "nbEtuInscritElpEtape": "18",
        "nbEtuInscritElpTotal": "18",
        "volumeHoraireElpPondereEtape": "71",
        "volumeHoraireElpTotal": "71",
        "nbEtuInscritPrevisionnelElpEtape": "18",
        "nbEtuInscritPrevisionnelElpTotal": "18",
        "nbEtape": "1"
    },
    {
        "annee": "2024",
        "codeStructureEtape": "AES",
        "libStructureEtape": "Faculté des Sciences",
        "codeEtape": "TM1SIE3",
        "libEtape": "M1 Chimie / Sciences et ingénierie de l'environnement",
        "noElement": "TSI421",
        "libElement": "Analyse des micropolluants",
        "codeNatureElp": "MATI",
        "libNatureElp": "Matière",
        "codeCNU": "31",
        "libCNU": "Chimie théorique, physique, analytique",
        "codePeriode": "2",
        "libPeriode": "Enseignement du second semestre",
        "nbHeureCM": "26",
        "nbHeureTD": "18",
        "nbHeureTP": "12",
        "nbHeureCMTD": "0",
        "nbGroupeCM": "1",
        "nbGroupeTD": "1",
        "nbGroupeTP": "1",
        "nbGroupeCMTD": "0",
        "nbEtuInscritElpEtape": "18",
        "nbEtuInscritElpTotal": "18",
        "volumeHoraireElpPondereEtape": "69",
        "volumeHoraireElpTotal": "69",
        "nbEtuInscritPrevisionnelElpEtape": "18",
        "nbEtuInscritPrevisionnelElpTotal": "18",
        "nbEtape": "1"
    },
    {
        "annee": "2024",
        "codeStructureEtape": "AES",
        "libStructureEtape": "Faculté des Sciences",
        "codeEtape": "TM1SIE3",
        "libEtape": "M1 Chimie / Sciences et ingénierie de l'environnement",
        "noElement": "TSI412",
        "libElement": "Dépollution des sols",
        "codeNatureElp": "MATI",
        "libNatureElp": "Matière",
        "codeCNU": "31",
        "libCNU": "Chimie théorique, physique, analytique",
        "codePeriode": "1",
        "libPeriode": "Enseignement du premier semestre",
        "nbHeureCM": "22",
        "nbHeureTD": "10",
        "nbHeureTP": "4",
        "nbHeureCMTD": "0",
        "nbGroupeCM": "1",
        "nbGroupeTD": "1",
        "nbGroupeTP": "1",
        "nbGroupeCMTD": "0",
        "nbEtuInscritElpEtape": "19",
        "nbEtuInscritElpTotal": "19",
        "volumeHoraireElpPondereEtape": "47",
        "volumeHoraireElpTotal": "47",
        "nbEtuInscritPrevisionnelElpEtape": "18",
        "nbEtuInscritPrevisionnelElpTotal": "18",
        "nbEtape": "1"
    },
    {
        "annee": "2024",
        "codeStructureEtape": "AES",
        "libStructureEtape": "Faculté des Sciences",
        "codeEtape": "TM1SIE3",
        "libEtape": "M1 Chimie / Sciences et ingénierie de l'environnement",
        "noElement": "TSI426K",
        "libElement": "Projet personnel et professionnel",
        "codeNatureElp": "PRJ",
        "libNatureElp": "Projet",
        "codeCNU": "31",
        "libCNU": "Chimie théorique, physique, analytique",
        "codePeriode": "2",
        "libPeriode": "Enseignement du second semestre",
        "nbHeureCM": "0",
        "nbHeureTD": "12",
        "nbHeureTP": "0",
        "nbHeureCMTD": "0",
        "nbGroupeCM": "1",
        "nbGroupeTD": "1",
        "nbGroupeTP": "1",
        "nbGroupeCMTD": "0",
        "nbEtuInscritElpEtape": "17",
        "nbEtuInscritElpTotal": "17",
        "volumeHoraireElpPondereEtape": "12",
        "volumeHoraireElpTotal": "12",
        "nbEtuInscritPrevisionnelElpEtape": "0",
        "nbEtuInscritPrevisionnelElpTotal": "0",
        "nbEtape": "1"
    },
    {
        "annee": "2024",
        "codeStructureEtape": "AES",
        "libStructureEtape": "Faculté des Sciences",
        "codeEtape": "TM1SIE3",
        "libEtape": "M1 Chimie / Sciences et ingénierie de l'environnement",
        "noElement": "TSI415",
        "libElement": "Technique de communication - Conduite de projet",
        "codeNatureElp": "MATI",
        "libNatureElp": "Matière",
        "codeCNU": "71",
        "libCNU": "Sciences de l'information et de la communication",
        "codePeriode": "1",
        "libPeriode": "Enseignement du premier semestre",
        "nbHeureCM": "6",
        "nbHeureTD": "6",
        "nbHeureTP": "8",
        "nbHeureCMTD": "0",
        "nbGroupeCM": "1",
        "nbGroupeTD": "1",
        "nbGroupeTP": "1",
        "nbGroupeCMTD": "0",
        "nbEtuInscritElpEtape": "18",
        "nbEtuInscritElpTotal": "18",
        "volumeHoraireElpPondereEtape": "23",
        "volumeHoraireElpTotal": "23",
        "nbEtuInscritPrevisionnelElpEtape": "18",
        "nbEtuInscritPrevisionnelElpTotal": "18",
        "nbEtape": "1"
    },
    {
        "annee": "2024",
        "codeStructureEtape": "AES",
        "libStructureEtape": "Faculté des Sciences",
        "codeEtape": "TM1SIE3",
        "libEtape": "M1 Chimie / Sciences et ingénierie de l'environnement",
        "noElement": "TSI425",
        "libElement": "Le risque chimique",
        "codeNatureElp": "MATI",
        "libNatureElp": "Matière",
        "codeCNU": "31",
        "libCNU": "Chimie théorique, physique, analytique",
        "codePeriode": "2",
        "libPeriode": "Enseignement du second semestre",
        "nbHeureCM": "16",
        "nbHeureTD": "4",
        "nbHeureTP": "0",
        "nbHeureCMTD": "0",
        "nbGroupeCM": "1",
        "nbGroupeTD": "1",
        "nbGroupeTP": "1",
        "nbGroupeCMTD": "0",
        "nbEtuInscritElpEtape": "18",
        "nbEtuInscritElpTotal": "18",
        "volumeHoraireElpPondereEtape": "28",
        "volumeHoraireElpTotal": "28",
        "nbEtuInscritPrevisionnelElpEtape": "18",
        "nbEtuInscritPrevisionnelElpTotal": "18",
        "nbEtape": "1"
    },
    {
        "annee": "2024",
        "codeStructureEtape": "AES",
        "libStructureEtape": "Faculté des Sciences",
        "codeEtape": "TM1SIE3",
        "libEtape": "M1 Chimie / Sciences et ingénierie de l'environnement",
        "noElement": "TSI417",
        "libElement": "Réacteurs",
        "codeNatureElp": "MATI",
        "libNatureElp": "Matière",
        "codeCNU": "62",
        "libCNU": "Energétique, génie des procédés",
        "codePeriode": "1",
        "libPeriode": "Enseignement du premier semestre",
        "nbHeureCM": "14",
        "nbHeureTD": "12",
        "nbHeureTP": "4",
        "nbHeureCMTD": "0",
        "nbGroupeCM": "1",
        "nbGroupeTD": "1",
        "nbGroupeTP": "1",
        "nbGroupeCMTD": "0",
        "nbEtuInscritElpEtape": "19",
        "nbEtuInscritElpTotal": "19",
        "volumeHoraireElpPondereEtape": "37",
        "volumeHoraireElpTotal": "37",
        "nbEtuInscritPrevisionnelElpEtape": "18",
        "nbEtuInscritPrevisionnelElpTotal": "18",
        "nbEtape": "1"
    },
    {
        "annee": "2024",
        "codeStructureEtape": "AES",
        "libStructureEtape": "Faculté des Sciences",
        "codeEtape": "TM1SIE3",
        "libEtape": "M1 Chimie / Sciences et ingénierie de l'environnement",
        "noElement": "TSI414",
        "libElement": "Anglais appliqué",
        "codeNatureElp": "MATI",
        "libNatureElp": "Matière",
        "codeCNU": "11",
        "libCNU": "Langues et littératures anglaises et anglo-saxonnes",
        "codePeriode": "1",
        "libPeriode": "Enseignement du premier semestre",
        "nbHeureCM": "20",
        "nbHeureTD": "0",
        "nbHeureTP": "0",
        "nbHeureCMTD": "0",
        "nbGroupeCM": "1",
        "nbGroupeTD": "1",
        "nbGroupeTP": "1",
        "nbGroupeCMTD": "0",
        "nbEtuInscritElpEtape": "18",
        "nbEtuInscritElpTotal": "18",
        "volumeHoraireElpPondereEtape": "30",
        "volumeHoraireElpTotal": "30",
        "nbEtuInscritPrevisionnelElpEtape": "18",
        "nbEtuInscritPrevisionnelElpTotal": "18",
        "nbEtape": "1"
    },
    {
        "annee": "2024",
        "codeStructureEtape": "AES",
        "libStructureEtape": "Faculté des Sciences",
        "codeEtape": "TM1SIE3",
        "libEtape": "M1 Chimie / Sciences et ingénierie de l'environnement",
        "noElement": "TSI422",
        "libElement": "Analyse statistique",
        "codeNatureElp": "MATI",
        "libNatureElp": "Matière",
        "codeCNU": "26",
        "libCNU": "Mathématiques appliquées et applications des mathématiques",
        "codePeriode": "2",
        "libPeriode": "Enseignement du second semestre",
        "nbHeureCM": "12",
        "nbHeureTD": "8",
        "nbHeureTP": "0",
        "nbHeureCMTD": "0",
        "nbGroupeCM": "1",
        "nbGroupeTD": "1",
        "nbGroupeTP": "1",
        "nbGroupeCMTD": "0",
        "nbEtuInscritElpEtape": "17",
        "nbEtuInscritElpTotal": "17",
        "volumeHoraireElpPondereEtape": "26",
        "volumeHoraireElpTotal": "26",
        "nbEtuInscritPrevisionnelElpEtape": "18",
        "nbEtuInscritPrevisionnelElpTotal": "18",
        "nbEtape": "1"
    },
    {
        "annee": "2024",
        "codeStructureEtape": "AES",
        "libStructureEtape": "Faculté des Sciences",
        "codeEtape": "TM1SIE3",
        "libEtape": "M1 Chimie / Sciences et ingénierie de l'environnement",
        "noElement": "TSI411",
        "libElement": "Chimie de l'eau",
        "codeNatureElp": "MATI",
        "libNatureElp": "Matière",
        "codeCNU": "31",
        "libCNU": "Chimie théorique, physique, analytique",
        "codePeriode": "1",
        "libPeriode": "Enseignement du premier semestre",
        "nbHeureCM": "20",
        "nbHeureTD": "12",
        "nbHeureTP": "8",
        "nbHeureCMTD": "0",
        "nbGroupeCM": "1",
        "nbGroupeTD": "1",
        "nbGroupeTP": "1",
        "nbGroupeCMTD": "0",
        "nbEtuInscritElpEtape": "19",
        "nbEtuInscritElpTotal": "19",
        "volumeHoraireElpPondereEtape": "50",
        "volumeHoraireElpTotal": "50",
        "nbEtuInscritPrevisionnelElpEtape": "18",
        "nbEtuInscritPrevisionnelElpTotal": "18",
        "nbEtape": "1"
    },
    {
        "annee": "2024",
        "codeStructureEtape": "AES",
        "libStructureEtape": "Faculté des Sciences",
        "codeEtape": "TM1SIE3",
        "libEtape": "M1 Chimie / Sciences et ingénierie de l'environnement",
        "noElement": "TSI418",
        "libElement": "Hydraulique générale",
        "codeNatureElp": "MATI",
        "libNatureElp": "Matière",
        "codeCNU": "62",
        "libCNU": "Energétique, génie des procédés",
        "codePeriode": "1",
        "libPeriode": "Enseignement du premier semestre",
        "nbHeureCM": "24",
        "nbHeureTD": "21",
        "nbHeureTP": "0",
        "nbHeureCMTD": "0",
        "nbGroupeCM": "1",
        "nbGroupeTD": "1",
        "nbGroupeTP": "1",
        "nbGroupeCMTD": "0",
        "nbEtuInscritElpEtape": "18",
        "nbEtuInscritElpTotal": "18",
        "volumeHoraireElpPondereEtape": "57",
        "volumeHoraireElpTotal": "57",
        "nbEtuInscritPrevisionnelElpEtape": "18",
        "nbEtuInscritPrevisionnelElpTotal": "18",
        "nbEtape": "1"
    },
    {
        "annee": "2024",
        "codeStructureEtape": "AES",
        "libStructureEtape": "Faculté des Sciences",
        "codeEtape": "TM1SIE3",
        "libEtape": "M1 Chimie / Sciences et ingénierie de l'environnement",
        "noElement": "TSI413",
        "libElement": "Filières énergétiques, bilan carbone, pollution de l'air",
        "codeNatureElp": "MATI",
        "libNatureElp": "Matière",
        "codeCNU": "31",
        "libCNU": "Chimie théorique, physique, analytique",
        "codePeriode": "1",
        "libPeriode": "Enseignement du premier semestre",
        "nbHeureCM": "18",
        "nbHeureTD": "14",
        "nbHeureTP": "4",
        "nbHeureCMTD": "0",
        "nbGroupeCM": "1",
        "nbGroupeTD": "1",
        "nbGroupeTP": "1",
        "nbGroupeCMTD": "0",
        "nbEtuInscritElpEtape": "19",
        "nbEtuInscritElpTotal": "19",
        "volumeHoraireElpPondereEtape": "45",
        "volumeHoraireElpTotal": "45",
        "nbEtuInscritPrevisionnelElpEtape": "18",
        "nbEtuInscritPrevisionnelElpTotal": "18",
        "nbEtape": "1"
    },
    {
        "annee": "2024",
        "codeStructureEtape": "AES",
        "libStructureEtape": "Faculté des Sciences",
        "codeEtape": "TM1SIE3",
        "libEtape": "M1 Chimie / Sciences et ingénierie de l'environnement",
        "noElement": "TSI416",
        "libElement": "Management environnemental et normes",
        "codeNatureElp": "MATI",
        "libNatureElp": "Matière",
        "codeCNU": "71",
        "libCNU": "Sciences de l'information et de la communication",
        "codePeriode": "1",
        "libPeriode": "Enseignement du premier semestre",
        "nbHeureCM": "30",
        "nbHeureTD": "28",
        "nbHeureTP": "0",
        "nbHeureCMTD": "0",
        "nbGroupeCM": "1",
        "nbGroupeTD": "1",
        "nbGroupeTP": "1",
        "nbGroupeCMTD": "0",
        "nbEtuInscritElpEtape": "18",
        "nbEtuInscritElpTotal": "18",
        "volumeHoraireElpPondereEtape": "73",
        "volumeHoraireElpTotal": "73",
        "nbEtuInscritPrevisionnelElpEtape": "18",
        "nbEtuInscritPrevisionnelElpTotal": "18",
        "nbEtape": "1"
    },
    {
        "annee": "2024",
        "codeStructureEtape": "AES",
        "libStructureEtape": "Faculté des Sciences",
        "codeEtape": "TM1SIE3",
        "libEtape": "M1 Chimie / Sciences et ingénierie de l'environnement",
        "noElement": "TSI427",
        "libElement": "Stage en entreprise",
        "codeNatureElp": "STAG",
        "libNatureElp": "Stage",
        "codeCNU": null,
        "libCNU": null,
        "codePeriode": "2",
        "libPeriode": "Enseignement du second semestre",
        "nbHeureCM": "0",
        "nbHeureTD": "3",
        "nbHeureTP": "0",
        "nbHeureCMTD": "0",
        "nbGroupeCM": "17",
        "nbGroupeTD": "17",
        "nbGroupeTP": "17",
        "nbGroupeCMTD": "0",
        "nbEtuInscritElpEtape": "17",
        "nbEtuInscritElpTotal": "17",
        "volumeHoraireElpPondereEtape": "51",
        "volumeHoraireElpTotal": "51",
        "nbEtuInscritPrevisionnelElpEtape": "18",
        "nbEtuInscritPrevisionnelElpTotal": "18",
        "nbEtape": "1"
    }
]