[
    {
        "annee": "2024",
        "codeStructureEtape": "AES",
        "libStructureEtape": "Faculté des Sciences",
        "codeEtape": "TL0MP11",
        "libEtape": "Mise à niveau Scientifique - MPC",
        "noElement": "TMN014A",
        "libElement": "Chimie - semestre 1",
        "codeNatureElp": "MATI",
        "libNatureElp": "Matière",
        "codeCNU": "32",
        "libCNU": "Chimie organique, minérale, industrielle",
        "codePeriode": "1",
        "libPeriode": "Enseignement du premier semestre",
        "nbHeureCM": "0",
        "nbHeureTD": "40",
        "nbHeureTP": "0",
        "nbHeureCMTD": "0",
        "nbGroupeCM": "0",
        "nbGroupeTD": "2",
        "nbGroupeTP": "0",
        "nbGroupeCMTD": "0",
        "nbEtuInscritElpEtape": "15",
        "nbEtuInscritElpTotal": "49",
        "volumeHoraireElpPondereEtape": "24.49",
        "volumeHoraireElpTotal": "80",
        "nbEtuInscritPrevisionnelElpEtape": "41",
        "nbEtuInscritPrevisionnelElpTotal": "12",
        "nbEtape": "2"
    },
    {
        "annee": "2024",
        "codeStructureEtape": "AES",
        "libStructureEtape": "Faculté des Sciences",
        "codeEtape": "TL0MP11",
        "libEtape": "Mise à niveau Scientifique - MPC",
        "noElement": "TMN012A",
        "libElement": "Mathématiques - semestre 1",
        "codeNatureElp": "MATI",
        "libNatureElp": "Matière",
        "codeCNU": "25",
        "libCNU": "Mathématiques",
        "codePeriode": "1",
        "libPeriode": "Enseignement du premier semestre",
        "nbHeureCM": "0",
        "nbHeureTD": "56",
        "nbHeureTP": "0",
        "nbHeureCMTD": "0",
        "nbGroupeCM": "0",
        "nbGroupeTD": "2",
        "nbGroupeTP": "0",
        "nbGroupeCMTD": "0",
        "nbEtuInscritElpEtape": "15",
        "nbEtuInscritElpTotal": "49",
        "volumeHoraireElpPondereEtape": "34.29",
        "volumeHoraireElpTotal": "112",
        "nbEtuInscritPrevisionnelElpEtape": "41",
        "nbEtuInscritPrevisionnelElpTotal": "12",
        "nbEtape": "2"
    },
    {
        "annee": "2024",
        "codeStructureEtape": "AES",
        "libStructureEtape": "Faculté des Sciences",
        "codeEtape": "TL0MP11",
        "libEtape": "Mise à niveau Scientifique - MPC",
        "noElement": "TMN011B",
        "libElement": "Anglais - semestre 1",
        "codeNatureElp": "MATI",
        "libNatureElp": "Matière",
        "codeCNU": "11",
        "libCNU": "Langues et littératures anglaises et anglo-saxonnes",
        "codePeriode": "1",
        "libPeriode": "Enseignement du premier semestre",
        "nbHeureCM": "0",
        "nbHeureTD": "0",
        "nbHeureTP": "18",
        "nbHeureCMTD": "0",
        "nbGroupeCM": "0",
        "nbGroupeTD": "0",
        "nbGroupeTP": "3",
        "nbGroupeCMTD": "0",
        "nbEtuInscritElpEtape": "15",
        "nbEtuInscritElpTotal": "49",
        "volumeHoraireElpPondereEtape": "16.53",
        "volumeHoraireElpTotal": "54",
        "nbEtuInscritPrevisionnelElpEtape": "41",
        "nbEtuInscritPrevisionnelElpTotal": "12",
        "nbEtape": "2"
    },
    {
        "annee": "2024",
        "codeStructureEtape": "AES",
        "libStructureEtape": "Faculté des Sciences",
        "codeEtape": "TL0MP11",
        "libEtape": "Mise à niveau Scientifique - MPC",
        "noElement": "TMN025A1",
        "libElement": "Mathématiques compléments MPC - semestre 2",
        "codeNatureElp": "MATI",
        "libNatureElp": "Matière",
        "codeCNU": "25",
        "libCNU": "Mathématiques",
        "codePeriode": "2",
        "libPeriode": "Enseignement du second semestre",
        "nbHeureCM": "0",
        "nbHeureTD": "54",
        "nbHeureTP": "0",
        "nbHeureCMTD": "0",
        "nbGroupeCM": "0",
        "nbGroupeTD": "1",
        "nbGroupeTP": "0",
        "nbGroupeCMTD": "0",
        "nbEtuInscritElpEtape": "15",
        "nbEtuInscritElpTotal": "15",
        "volumeHoraireElpPondereEtape": "54",
        "volumeHoraireElpTotal": "54",
        "nbEtuInscritPrevisionnelElpEtape": "12",
        "nbEtuInscritPrevisionnelElpTotal": "12",
        "nbEtape": "1"
    },
    {
        "annee": "2024",
        "codeStructureEtape": "AES",
        "libStructureEtape": "Faculté des Sciences",
        "codeEtape": "TL0MP11",
        "libEtape": "Mise à niveau Scientifique - MPC",
        "noElement": "TMN011A",
        "libElement": "Expression écrite et orale - semestre 1",
        "codeNatureElp": "MATI",
        "libNatureElp": "Matière",
        "codeCNU": "09",
        "libCNU": "Langue et littérature françaises",
        "codePeriode": "1",
        "libPeriode": "Enseignement du premier semestre",
        "nbHeureCM": "0",
        "nbHeureTD": "10",
        "nbHeureTP": "0",
        "nbHeureCMTD": "0",
        "nbGroupeCM": "0",
        "nbGroupeTD": "2",
        "nbGroupeTP": "0",
        "nbGroupeCMTD": "0",
        "nbEtuInscritElpEtape": "15",
        "nbEtuInscritElpTotal": "49",
        "volumeHoraireElpPondereEtape": "6.12",
        "volumeHoraireElpTotal": "20",
        "nbEtuInscritPrevisionnelElpEtape": "41",
        "nbEtuInscritPrevisionnelElpTotal": "12",
        "nbEtape": "2"
    },
    {
        "annee": "2024",
        "codeStructureEtape": "AES",
        "libStructureEtape": "Faculté des Sciences",
        "codeEtape": "TL0MP11",
        "libEtape": "Mise à niveau Scientifique - MPC",
        "noElement": "TMN021B",
        "libElement": "Anglais - semestre 2",
        "codeNatureElp": "MATI",
        "libNatureElp": "Matière",
        "codeCNU": "11",
        "libCNU": "Langues et littératures anglaises et anglo-saxonnes",
        "codePeriode": "2",
        "libPeriode": "Enseignement du second semestre",
        "nbHeureCM": "0",
        "nbHeureTD": "0",
        "nbHeureTP": "18",
        "nbHeureCMTD": "0",
        "nbGroupeCM": "0",
        "nbGroupeTD": "0",
        "nbGroupeTP": "3",
        "nbGroupeCMTD": "0",
        "nbEtuInscritElpEtape": "15",
        "nbEtuInscritElpTotal": "49",
        "volumeHoraireElpPondereEtape": "16.53",
        "volumeHoraireElpTotal": "54",
        "nbEtuInscritPrevisionnelElpEtape": "41",
        "nbEtuInscritPrevisionnelElpTotal": "12",
        "nbEtape": "2"
    },
    {
        "annee": "2024",
        "codeStructureEtape": "AES",
        "libStructureEtape": "Faculté des Sciences",
        "codeEtape": "TL0MP11",
        "libEtape": "Mise à niveau Scientifique - MPC",
        "noElement": "TMN025A2",
        "libElement": "Physique compléments - semestre 2",
        "codeNatureElp": "MATI",
        "libNatureElp": "Matière",
        "codeCNU": "28",
        "libCNU": "Milieux denses et matériaux",
        "codePeriode": "2",
        "libPeriode": "Enseignement du second semestre",
        "nbHeureCM": "0",
        "nbHeureTD": "30",
        "nbHeureTP": "0",
        "nbHeureCMTD": "0",
        "nbGroupeCM": "0",
        "nbGroupeTD": "1",
        "nbGroupeTP": "0",
        "nbGroupeCMTD": "0",
        "nbEtuInscritElpEtape": "15",
        "nbEtuInscritElpTotal": "15",
        "volumeHoraireElpPondereEtape": "30",
        "volumeHoraireElpTotal": "30",
        "nbEtuInscritPrevisionnelElpEtape": "12",
        "nbEtuInscritPrevisionnelElpTotal": "12",
        "nbEtape": "1"
    },
    {
        "annee": "2024",
        "codeStructureEtape": "AES",
        "libStructureEtape": "Faculté des Sciences",
        "codeEtape": "TL0MP11",
        "libEtape": "Mise à niveau Scientifique - MPC",
        "noElement": "TMN023A",
        "libElement": "Physique - semestre 2",
        "codeNatureElp": "MATI",
        "libNatureElp": "Matière",
        "codeCNU": "28",
        "libCNU": "Milieux denses et matériaux",
        "codePeriode": "2",
        "libPeriode": "Enseignement du second semestre",
        "nbHeureCM": "0",
        "nbHeureTD": "40",
        "nbHeureTP": "0",
        "nbHeureCMTD": "0",
        "nbGroupeCM": "0",
        "nbGroupeTD": "2",
        "nbGroupeTP": "0",
        "nbGroupeCMTD": "0",
        "nbEtuInscritElpEtape": "15",
        "nbEtuInscritElpTotal": "49",
        "volumeHoraireElpPondereEtape": "24.49",
        "volumeHoraireElpTotal": "80",
        "nbEtuInscritPrevisionnelElpEtape": "41",
        "nbEtuInscritPrevisionnelElpTotal": "12",
        "nbEtape": "2"
    },
    {
        "annee": "2024",
        "codeStructureEtape": "AES",
        "libStructureEtape": "Faculté des Sciences",
        "codeEtape": "TL0MP11",
        "libEtape": "Mise à niveau Scientifique - MPC",
        "noElement": "TMN024A",
        "libElement": "Chimie - semestre 2",
        "codeNatureElp": "MATI",
        "libNatureElp": "Matière",
        "codeCNU": "32",
        "libCNU": "Chimie organique, minérale, industrielle",
        "codePeriode": "2",
        "libPeriode": "Enseignement du second semestre",
        "nbHeureCM": "0",
        "nbHeureTD": "60",
        "nbHeureTP": "0",
        "nbHeureCMTD": "0",
        "nbGroupeCM": "0",
        "nbGroupeTD": "2",
        "nbGroupeTP": "0",
        "nbGroupeCMTD": "0",
        "nbEtuInscritElpEtape": "15",
        "nbEtuInscritElpTotal": "49",
        "volumeHoraireElpPondereEtape": "36.73",
        "volumeHoraireElpTotal": "120",
        "nbEtuInscritPrevisionnelElpEtape": "41",
        "nbEtuInscritPrevisionnelElpTotal": "12",
        "nbEtape": "2"
    },
    {
        "annee": "2024",
        "codeStructureEtape": "AES",
        "libStructureEtape": "Faculté des Sciences",
        "codeEtape": "TL0MP11",
        "libEtape": "Mise à niveau Scientifique - MPC",
        "noElement": "TMN015A3",
        "libElement": "Chimie compléments - semestre 1",
        "codeNatureElp": "MATI",
        "libNatureElp": "Matière",
        "codeCNU": "32",
        "libCNU": "Chimie organique, minérale, industrielle",
        "codePeriode": "1",
        "libPeriode": "Enseignement du premier semestre",
        "nbHeureCM": "0",
        "nbHeureTD": "12",
        "nbHeureTP": "0",
        "nbHeureCMTD": "0",
        "nbGroupeCM": "0",
        "nbGroupeTD": "1",
        "nbGroupeTP": "0",
        "nbGroupeCMTD": "0",
        "nbEtuInscritElpEtape": "15",
        "nbEtuInscritElpTotal": "15",
        "volumeHoraireElpPondereEtape": "12",
        "volumeHoraireElpTotal": "12",
        "nbEtuInscritPrevisionnelElpEtape": "12",
        "nbEtuInscritPrevisionnelElpTotal": "12",
        "nbEtape": "1"
    },
    {
        "annee": "2024",
        "codeStructureEtape": "AES",
        "libStructureEtape": "Faculté des Sciences",
        "codeEtape": "TL0MP11",
        "libEtape": "Mise à niveau Scientifique - MPC",
        "noElement": "TMN015A1",
        "libElement": "Mathématiques compléments - semestre 1",
        "codeNatureElp": "MATI",
        "libNatureElp": "Matière",
        "codeCNU": "25",
        "libCNU": "Mathématiques",
        "codePeriode": "1",
        "libPeriode": "Enseignement du premier semestre",
        "nbHeureCM": "0",
        "nbHeureTD": "24",
        "nbHeureTP": "0",
        "nbHeureCMTD": "0",
        "nbGroupeCM": "0",
        "nbGroupeTD": "1",
        "nbGroupeTP": "0",
        "nbGroupeCMTD": "0",
        "nbEtuInscritElpEtape": "15",
        "nbEtuInscritElpTotal": "15",
        "volumeHoraireElpPondereEtape": "24",
        "volumeHoraireElpTotal": "24",
        "nbEtuInscritPrevisionnelElpEtape": "12",
        "nbEtuInscritPrevisionnelElpTotal": "12",
        "nbEtape": "1"
    },
    {
        "annee": "2024",
        "codeStructureEtape": "AES",
        "libStructureEtape": "Faculté des Sciences",
        "codeEtape": "TL0MP11",
        "libEtape": "Mise à niveau Scientifique - MPC",
        "noElement": "TMN021A",
        "libElement": "Expression écrite et orale - semestre 2",
        "codeNatureElp": "MATI",
        "libNatureElp": "Matière",
        "codeCNU": "09",
        "libCNU": "Langue et littérature françaises",
        "codePeriode": "2",
        "libPeriode": "Enseignement du second semestre",
        "nbHeureCM": "0",
        "nbHeureTD": "10",
        "nbHeureTP": "0",
        "nbHeureCMTD": "0",
        "nbGroupeCM": "0",
        "nbGroupeTD": "2",
        "nbGroupeTP": "0",
        "nbGroupeCMTD": "0",
        "nbEtuInscritElpEtape": "15",
        "nbEtuInscritElpTotal": "49",
        "volumeHoraireElpPondereEtape": "6.12",
        "volumeHoraireElpTotal": "20",
        "nbEtuInscritPrevisionnelElpEtape": "41",
        "nbEtuInscritPrevisionnelElpTotal": "12",
        "nbEtape": "2"
    },
    {
        "annee": "2024",
        "codeStructureEtape": "AES",
        "libStructureEtape": "Faculté des Sciences",
        "codeEtape": "TL0MP11",
        "libEtape": "Mise à niveau Scientifique - MPC",
        "noElement": "TMN025A3",
        "libElement": "Chimie compléments - semestre 2",
        "codeNatureElp": "MATI",
        "libNatureElp": "Matière",
        "codeCNU": "32",
        "libCNU": "Chimie organique, minérale, industrielle",
        "codePeriode": "2",
        "libPeriode": "Enseignement du second semestre",
        "nbHeureCM": "0",
        "nbHeureTD": "12",
        "nbHeureTP": "0",
        "nbHeureCMTD": "0",
        "nbGroupeCM": "0",
        "nbGroupeTD": "1",
        "nbGroupeTP": "0",
        "nbGroupeCMTD": "0",
        "nbEtuInscritElpEtape": "15",
        "nbEtuInscritElpTotal": "15",
        "volumeHoraireElpPondereEtape": "12",
        "volumeHoraireElpTotal": "12",
        "nbEtuInscritPrevisionnelElpEtape": "12",
        "nbEtuInscritPrevisionnelElpTotal": "12",
        "nbEtape": "1"
    },
    {
        "annee": "2024",
        "codeStructureEtape": "AES",
        "libStructureEtape": "Faculté des Sciences",
        "codeEtape": "TL0MP11",
        "libEtape": "Mise à niveau Scientifique - MPC",
        "noElement": "TMN013A",
        "libElement": "Physique - semestre 1",
        "codeNatureElp": "MATI",
        "libNatureElp": "Matière",
        "codeCNU": "28",
        "libCNU": "Milieux denses et matériaux",
        "codePeriode": "1",
        "libPeriode": "Enseignement du premier semestre",
        "nbHeureCM": "0",
        "nbHeureTD": "50",
        "nbHeureTP": "0",
        "nbHeureCMTD": "0",
        "nbGroupeCM": "0",
        "nbGroupeTD": "2",
        "nbGroupeTP": "0",
        "nbGroupeCMTD": "0",
        "nbEtuInscritElpEtape": "15",
        "nbEtuInscritElpTotal": "49",
        "volumeHoraireElpPondereEtape": "30.61",
        "volumeHoraireElpTotal": "100",
        "nbEtuInscritPrevisionnelElpEtape": "41",
        "nbEtuInscritPrevisionnelElpTotal": "12",
        "nbEtape": "2"
    },
    {
        "annee": "2024",
        "codeStructureEtape": "AES",
        "libStructureEtape": "Faculté des Sciences",
        "codeEtape": "TL0MP11",
        "libEtape": "Mise à niveau Scientifique - MPC",
        "noElement": "TMN015A2",
        "libElement": "Physique compléments - semestre 1",
        "codeNatureElp": "MATI",
        "libNatureElp": "Matière",
        "codeCNU": "28",
        "libCNU": "Milieux denses et matériaux",
        "codePeriode": "1",
        "libPeriode": "Enseignement du premier semestre",
        "nbHeureCM": "0",
        "nbHeureTD": "16",
        "nbHeureTP": "0",
        "nbHeureCMTD": "0",
        "nbGroupeCM": "0",
        "nbGroupeTD": "1",
        "nbGroupeTP": "0",
        "nbGroupeCMTD": "0",
        "nbEtuInscritElpEtape": "15",
        "nbEtuInscritElpTotal": "15",
        "volumeHoraireElpPondereEtape": "16",
        "volumeHoraireElpTotal": "16",
        "nbEtuInscritPrevisionnelElpEtape": "12",
        "nbEtuInscritPrevisionnelElpTotal": "12",
        "nbEtape": "1"
    },
    {
        "annee": "2024",
        "codeStructureEtape": "AES",
        "libStructureEtape": "Faculté des Sciences",
        "codeEtape": "TL0MP11",
        "libEtape": "Mise à niveau Scientifique - MPC",
        "noElement": "TMN022A",
        "libElement": "Mathématiques - semestre 2",
        "codeNatureElp": "MATI",
        "libNatureElp": "Matière",
        "codeCNU": "25",
        "libCNU": "Mathématiques",
        "codePeriode": "2",
        "libPeriode": "Enseignement du second semestre",
        "nbHeureCM": "0",
        "nbHeureTD": "30",
        "nbHeureTP": "0",
        "nbHeureCMTD": "0",
        "nbGroupeCM": "0",
        "nbGroupeTD": "2",
        "nbGroupeTP": "0",
        "nbGroupeCMTD": "0",
        "nbEtuInscritElpEtape": "15",
        "nbEtuInscritElpTotal": "49",
        "volumeHoraireElpPondereEtape": "18.37",
        "volumeHoraireElpTotal": "60",
        "nbEtuInscritPrevisionnelElpEtape": "41",
        "nbEtuInscritPrevisionnelElpTotal": "12",
        "nbEtape": "2"
    }
]