{
  "services.database_service.DatabaseService.execute_query": {
    "calls": 1069,
    "total_time": 2.580209732055664,
    "min_time": 0.0016171932220458984,
    "max_time": 0.06028938293457031,
    "avg_time": 0.0024136667278350458,
    "min_memory": 29759,
    "max_memory": 563088,
    "avg_memory": 38840.633302151546,
    "total_memory": 41520637,
    "last_called": "2025-05-06 12:41:01.921382"
  },
  "services.database_service.DatabaseService.build_query": {
    "calls": 399,
    "total_time": 0.009691953659057617,
    "min_time": 2.09808349609375e-05,
    "max_time": 4.267692565917969e-05,
    "avg_time": 2.4290610674329866e-05,
    "min_memory": 333,
    "max_memory": 1013,
    "avg_memory": 375.5764411027569,
    "total_memory": 149855,
    "last_called": "2025-05-06 12:41:01.919439"
  },
  "services.database_service.DatabaseService.filter_records": {
    "calls": 399,
    "total_time": 0.8283083438873291,
    "min_time": 0.0016930103302001953,
    "max_time": 0.0035152435302734375,
    "avg_time": 0.002075960761622379,
    "min_memory": 0,
    "max_memory": 0,
    "avg_memory": 0.0,
    "total_memory": 0,
    "last_called": "2025-05-06 12:41:01.921386"
  },
  "services.labels_service.label_service.LabelsService.get_element_labels": {
    "calls": 302,
    "total_time": 0.8909294605255127,
    "min_time": 0.002126455307006836,
    "max_time": 0.005871295928955078,
    "avg_time": 0.0029500975514089823,
    "min_memory": 0,
    "max_memory": 0,
    "avg_memory": 0.0,
    "total_memory": 0,
    "last_called": "2025-05-06 12:41:01.341614"
  },
  "services.groups_service.GroupsService.get_group_classes_student": {
    "calls": 140,
    "total_time": 0.8750057220458984,
    "min_time": 0.0056269168853759766,
    "max_time": 0.0067386627197265625,
    "avg_time": 0.006250040871756417,
    "min_memory": 0,
    "max_memory": 0,
    "avg_memory": 0.0,
    "total_memory": 0,
    "last_called": "2025-05-06 12:41:01.921389"
  },
  "services.perimeters_service.PerimetersService.create_instance": {
    "calls": 2,
    "total_time": 1.999659776687622,
    "min_time": 0.7632772922515869,
    "max_time": 1.2363824844360352,
    "avg_time": 0.999829888343811,
    "min_memory": 0,
    "max_memory": 0,
    "avg_memory": 0.0,
    "total_memory": 0,
    "last_called": "2025-05-06 12:41:01.921440"
  }
}